#P (Pa)	rho (kg/m3)
1.000000000000e+00	1.000000000000e+03
1.167395593300e+08	1.000000000000e+03
1.186296340687e+08	1.003800760152e+03
1.205427025266e+08	1.007601520304e+03
1.224789503634e+08	1.011402280456e+03
1.244385639389e+08	1.015203040608e+03
1.264217303120e+08	1.019003800760e+03
1.284286372393e+08	1.022804560912e+03
1.304594731746e+08	1.026605321064e+03
1.325144272669e+08	1.030406081216e+03
1.345936893601e+08	1.034206841368e+03
1.366974499914e+08	1.038007601520e+03
1.388259003900e+08	1.041808361672e+03
1.409792324766e+08	1.045609121824e+03
1.431576388615e+08	1.049409881976e+03
1.453613128441e+08	1.053210642128e+03
1.475904484112e+08	1.057011402280e+03
1.498452402363e+08	1.060812162432e+03
1.521258836781e+08	1.064612922585e+03
1.544325747793e+08	1.068413682737e+03
1.567655102659e+08	1.072214442889e+03
1.591248875454e+08	1.076015203041e+03
1.615109047062e+08	1.079815963193e+03
1.639237605157e+08	1.083616723345e+03
1.663636544201e+08	1.087417483497e+03
1.688307865422e+08	1.091218243649e+03
1.713253576809e+08	1.095019003801e+03
1.738475693097e+08	1.098819763953e+03
1.763976235755e+08	1.102620524105e+03
1.789757232976e+08	1.106421284257e+03
1.815820719661e+08	1.110222044409e+03
1.842168737412e+08	1.114022804561e+03
1.868803334516e+08	1.117823564713e+03
1.895726565935e+08	1.121624324865e+03
1.922940493290e+08	1.125425085017e+03
1.950447184855e+08	1.129225845169e+03
1.978248715540e+08	1.133026605321e+03
2.006347166879e+08	1.136827365473e+03
2.034744627021e+08	1.140628125625e+03
2.063443190713e+08	1.144428885777e+03
2.092444959291e+08	1.148229645929e+03
2.121752040667e+08	1.152030406081e+03
2.151366549316e+08	1.155831166233e+03
2.181290606262e+08	1.159631926385e+03
2.211526339068e+08	1.163432686537e+03
2.242075881824e+08	1.167233446689e+03
2.272941375132e+08	1.171034206841e+03
2.304124966094e+08	1.174834966993e+03
2.335628808299e+08	1.178635727145e+03
2.367455061814e+08	1.182436487297e+03
2.399605893167e+08	1.186237247449e+03
2.432083475334e+08	1.190038007602e+03
2.464889987732e+08	1.193838767754e+03
2.498027616199e+08	1.197639527906e+03
2.531498552986e+08	1.201440288058e+03
2.565304996744e+08	1.205241048210e+03
2.599449152508e+08	1.209041808362e+03
2.633933231687e+08	1.212842568514e+03
2.668759452051e+08	1.216643328666e+03
2.703930037716e+08	1.220444088818e+03
2.739447219136e+08	1.224244848970e+03
2.775313233082e+08	1.228045609122e+03
2.811530322637e+08	1.231846369274e+03
2.848100737179e+08	1.235647129426e+03
2.885026732368e+08	1.239447889578e+03
2.922310570135e+08	1.243248649730e+03
2.959954518667e+08	1.247049409882e+03
2.997960852395e+08	1.250850170034e+03
3.036331851980e+08	1.254650930186e+03
3.075069804302e+08	1.258451690338e+03
3.114177002445e+08	1.262252450490e+03
3.153655745682e+08	1.266053210642e+03
3.193508339468e+08	1.269853970794e+03
3.233737095420e+08	1.273654730946e+03
3.274344331309e+08	1.277455491098e+03
3.315332371043e+08	1.281256251250e+03
3.356703544656e+08	1.285057011402e+03
3.398460188296e+08	1.288857771554e+03
3.440604644206e+08	1.292658531706e+03
3.483139260718e+08	1.296459291858e+03
3.526066392236e+08	1.300260052010e+03
3.569388399222e+08	1.304060812162e+03
3.613107648184e+08	1.307861572314e+03
3.657226511664e+08	1.311662332466e+03
3.701747368221e+08	1.315463092619e+03
3.746672602421e+08	1.319263852771e+03
3.792004604822e+08	1.323064612923e+03
3.837745771961e+08	1.326865373075e+03
3.883898506342e+08	1.330666133227e+03
3.930465216418e+08	1.334466893379e+03
3.977448316584e+08	1.338267653531e+03
4.024850227159e+08	1.342068413683e+03
4.072673374373e+08	1.345869173835e+03
4.120920190355e+08	1.349669933987e+03
4.169593113120e+08	1.353470694139e+03
4.218694586553e+08	1.357271454291e+03
4.268227060397e+08	1.361072214443e+03
4.318192990240e+08	1.364872974595e+03
4.368594837500e+08	1.368673734747e+03
4.419435069413e+08	1.372474494899e+03
4.470716159018e+08	1.376275255051e+03
4.522440585145e+08	1.380076015203e+03
4.574610832400e+08	1.383876775355e+03
4.627229391152e+08	1.387677535507e+03
4.680298757519e+08	1.391478295659e+03
4.733821433355e+08	1.395279055811e+03
4.787799926236e+08	1.399079815963e+03
4.842236749448e+08	1.402880576115e+03
4.897134421969e+08	1.406681336267e+03
4.952495468461e+08	1.410482096419e+03
5.008322419251e+08	1.414282856571e+03
5.064617810321e+08	1.418083616723e+03
5.121384183294e+08	1.421884376875e+03
5.178624085419e+08	1.425685137027e+03
5.236340069556e+08	1.429485897179e+03
5.294534694166e+08	1.433286657331e+03
5.353210523296e+08	1.437087417483e+03
5.412370126562e+08	1.440888177636e+03
5.472016079141e+08	1.444688937788e+03
5.532150961751e+08	1.448489697940e+03
5.592777360642e+08	1.452290458092e+03
5.653897867582e+08	1.456091218244e+03
5.715515079839e+08	1.459891978396e+03
5.777631600172e+08	1.463692738548e+03
5.840250036816e+08	1.467493498700e+03
5.903373003466e+08	1.471294258852e+03
5.967003119265e+08	1.475095019004e+03
6.031143008791e+08	1.478895779156e+03
6.095795302042e+08	1.482696539308e+03
6.160962634421e+08	1.486497299460e+03
6.226647646725e+08	1.490298059612e+03
6.292852985130e+08	1.494098819764e+03
6.359581301175e+08	1.497899579916e+03
6.426835251754e+08	1.501700340068e+03
6.494617499093e+08	1.505501100220e+03
6.562930710747e+08	1.509301860372e+03
6.631777559576e+08	1.513102620524e+03
6.701160723738e+08	1.516903380676e+03
6.771082886674e+08	1.520704140828e+03
6.841546737092e+08	1.524504900980e+03
6.912554968953e+08	1.528305661132e+03
6.984110281459e+08	1.532106421284e+03
7.056215379041e+08	1.535907181436e+03
7.128872971340e+08	1.539707941588e+03
7.202085773196e+08	1.543508701740e+03
7.275856504636e+08	1.547309461892e+03
7.350187890855e+08	1.551110222044e+03
7.425082662208e+08	1.554910982196e+03
7.500543554192e+08	1.558711742348e+03
7.576573307433e+08	1.562512502501e+03
7.653174667674e+08	1.566313262653e+03
7.730350385758e+08	1.570114022805e+03
7.808103217618e+08	1.573914782957e+03
7.886435924259e+08	1.577715543109e+03
7.965351271746e+08	1.581516303261e+03
8.044852031192e+08	1.585317063413e+03
8.124940978741e+08	1.589117823565e+03
8.205620895554e+08	1.592918583717e+03
8.286894567800e+08	1.596719343869e+03
8.368764786635e+08	1.600520104021e+03
8.451234348194e+08	1.604320864173e+03
8.534306053574e+08	1.608121624325e+03
8.617982708821e+08	1.611922384477e+03
8.702267124915e+08	1.615723144629e+03
8.787162117759e+08	1.619523904781e+03
8.872670508163e+08	1.623324664933e+03
8.958795121828e+08	1.627125425085e+03
9.045538789337e+08	1.630926185237e+03
9.132904346138e+08	1.634726945389e+03
9.220894632530e+08	1.638527705541e+03
9.309512493650e+08	1.642328465693e+03
9.398760779459e+08	1.646129225845e+03
9.488642344728e+08	1.649929985997e+03
9.579160049025e+08	1.653730746149e+03
9.670316756699e+08	1.657531506301e+03
9.762115336868e+08	1.661332266453e+03
9.854558663403e+08	1.665133026605e+03
9.947649614918e+08	1.668933786757e+03
1.004139107475e+09	1.672734546909e+03
1.013578593096e+09	1.676535307061e+03
1.023083707629e+09	1.680336067213e+03
1.032654740818e+09	1.684136827365e+03
1.042291982873e+09	1.687937587518e+03
1.051995724472e+09	1.691738347670e+03
1.061766256755e+09	1.695539107822e+03
1.071603871326e+09	1.699339867974e+03
1.081508860250e+09	1.703140628126e+03
1.091481516053e+09	1.706941388278e+03
1.101522131720e+09	1.710742148430e+03
1.111631000691e+09	1.714542908582e+03
1.121808416866e+09	1.718343668734e+03
1.132054674596e+09	1.722144428886e+03
1.142370068687e+09	1.725945189038e+03
1.152754894398e+09	1.729745949190e+03
1.163209447435e+09	1.733546709342e+03
1.173734023958e+09	1.737347469494e+03
1.184328920569e+09	1.741148229646e+03
1.194994434322e+09	1.744948989798e+03
1.205730862713e+09	1.748749749950e+03
1.216538503680e+09	1.752550510102e+03
1.227417655607e+09	1.756351270254e+03
1.238368617317e+09	1.760152030406e+03
1.249391688072e+09	1.763952790558e+03
1.260487167573e+09	1.767753550710e+03
1.271655355956e+09	1.771554310862e+03
1.282896553795e+09	1.775355071014e+03
1.294211062097e+09	1.779155831166e+03
1.305599182299e+09	1.782956591318e+03
1.317061216274e+09	1.786757351470e+03
1.328597466320e+09	1.790558111622e+03
1.340208235166e+09	1.794358871774e+03
1.351893825968e+09	1.798159631926e+03
1.363654542307e+09	1.801960392078e+03
1.375490688190e+09	1.805761152230e+03
1.387402568043e+09	1.809561912382e+03
1.399390486719e+09	1.813362672535e+03
1.411454749486e+09	1.817163432687e+03
1.423595662035e+09	1.820964192839e+03
1.435813530472e+09	1.824764952991e+03
1.448108661319e+09	1.828565713143e+03
1.460481361515e+09	1.832366473295e+03
1.472931938409e+09	1.836167233447e+03
1.485460699765e+09	1.839967993599e+03
1.498067953757e+09	1.843768753751e+03
1.510754008967e+09	1.847569513903e+03
1.523519174385e+09	1.851370274055e+03
1.536363759409e+09	1.855171034207e+03
1.549288073840e+09	1.858971794359e+03
1.562292427886e+09	1.862772554511e+03
1.575377132154e+09	1.866573314663e+03
1.588542497655e+09	1.870374074815e+03
1.601788835796e+09	1.874174834967e+03
1.615116458387e+09	1.877975595119e+03
1.628525677632e+09	1.881776355271e+03
1.642016806130e+09	1.885577115423e+03
1.655590156877e+09	1.889377875575e+03
1.669246043259e+09	1.893178635727e+03
1.682984779056e+09	1.896979395879e+03
1.696806678438e+09	1.900780156031e+03
1.710712055962e+09	1.904580916183e+03
1.724701226573e+09	1.908381676335e+03
1.738774505604e+09	1.912182436487e+03
1.752932208770e+09	1.915983196639e+03
1.767174652173e+09	1.919783956791e+03
1.781502152293e+09	1.923584716943e+03
1.795915025994e+09	1.927385477095e+03
1.810413590517e+09	1.931186237247e+03
1.824998163484e+09	1.934986997399e+03
1.839669062890e+09	1.938787757552e+03
1.854426607108e+09	1.942588517704e+03
1.869271114885e+09	1.946389277856e+03
1.884202905339e+09	1.950190038008e+03
1.899222297960e+09	1.953990798160e+03
1.914329612609e+09	1.957791558312e+03
1.929525169514e+09	1.961592318464e+03
1.944809289272e+09	1.965393078616e+03
1.960182292844e+09	1.969193838768e+03
1.975644501558e+09	1.972994598920e+03
1.991196237103e+09	1.976795359072e+03
2.006837821531e+09	1.980596119224e+03
2.022569577254e+09	1.984396879376e+03
2.038391827046e+09	1.988197639528e+03
2.054304894034e+09	1.991998399680e+03
2.070309101705e+09	1.995799159832e+03
2.086404773902e+09	1.999599919984e+03
2.102592234820e+09	2.003400680136e+03
2.118871809006e+09	2.007201440288e+03
2.135243821360e+09	2.011002200440e+03
2.151708597131e+09	2.014802960592e+03
2.168266461919e+09	2.018603720744e+03
2.184917741667e+09	2.022404480896e+03
2.201662762667e+09	2.026205241048e+03
2.218501851556e+09	2.030006001200e+03
2.235435335311e+09	2.033806761352e+03
2.252463541256e+09	2.037607521504e+03
2.269586797051e+09	2.041408281656e+03
2.286805430698e+09	2.045209041808e+03
2.304119770537e+09	2.049009801960e+03
2.321530145244e+09	2.052810562112e+03
2.339036883829e+09	2.056611322264e+03
2.356640315640e+09	2.060412082416e+03
2.374340770354e+09	2.064212842569e+03
2.392138577982e+09	2.068013602721e+03
2.410034068863e+09	2.071814362873e+03
2.428027573667e+09	2.075615123025e+03
2.446119423390e+09	2.079415883177e+03
2.464309949355e+09	2.083216643329e+03
2.482599483210e+09	2.087017403481e+03
2.500988356926e+09	2.090818163633e+03
2.519476902797e+09	2.094618923785e+03
2.538065453438e+09	2.098419683937e+03
2.556754341782e+09	2.102220444089e+03
2.575543901084e+09	2.106021204241e+03
2.594434464913e+09	2.109821964393e+03
2.613426367154e+09	2.113622724545e+03
2.632519942009e+09	2.117423484697e+03
2.651715523991e+09	2.121224244849e+03
2.671013447925e+09	2.125025005001e+03
2.690414048948e+09	2.128825765153e+03
2.709917662506e+09	2.132626525305e+03
2.729524624351e+09	2.136427285457e+03
2.749235270544e+09	2.140228045609e+03
2.769049937451e+09	2.144028805761e+03
2.788968961743e+09	2.147829565913e+03
2.808992680392e+09	2.151630326065e+03
2.829121430672e+09	2.155431086217e+03
2.849355550159e+09	2.159231846369e+03
2.869695376727e+09	2.163032606521e+03
2.890141248548e+09	2.166833366673e+03
2.910693504089e+09	2.170634126825e+03
2.931352482114e+09	2.174434886977e+03
2.952118521682e+09	2.178235647129e+03
2.972991962141e+09	2.182036407281e+03
2.993973143133e+09	2.185837167433e+03
3.015062404591e+09	2.189637927586e+03
3.036260086734e+09	2.193438687738e+03
3.057566530070e+09	2.197239447890e+03
3.078982075395e+09	2.201040208042e+03
3.100507063786e+09	2.204840968194e+03
3.122141836608e+09	2.208641728346e+03
3.143886735506e+09	2.212442488498e+03
3.165742102408e+09	2.216243248650e+03
3.187708279519e+09	2.220044008802e+03
3.209785609325e+09	2.223844768954e+03
3.231974434590e+09	2.227645529106e+03
3.254275098353e+09	2.231446289258e+03
3.276687943929e+09	2.235247049410e+03
3.299213314904e+09	2.239047809562e+03
3.321851555139e+09	2.242848569714e+03
3.344603008766e+09	2.246649329866e+03
3.367468020186e+09	2.250450090018e+03
3.390446934069e+09	2.254250850170e+03
3.413540095354e+09	2.258051610322e+03
3.436747849242e+09	2.261852370474e+03
3.460070541204e+09	2.265653130626e+03
3.483508516971e+09	2.269453890778e+03
3.507062122538e+09	2.273254650930e+03
3.530731704162e+09	2.277055411082e+03
3.554517608357e+09	2.280856171234e+03
3.578420181898e+09	2.284656931386e+03
3.602439771819e+09	2.288457691538e+03
3.626576725406e+09	2.292258451690e+03
3.650831390204e+09	2.296059211842e+03
3.675204114008e+09	2.299859971994e+03
3.699695244870e+09	2.303660732146e+03
3.724305131090e+09	2.307461492298e+03
3.749034121219e+09	2.311262252450e+03
3.773882564057e+09	2.315063012603e+03
3.798850808651e+09	2.318863772755e+03
3.823939204295e+09	2.322664532907e+03
3.849148100529e+09	2.326465293059e+03
3.874477847135e+09	2.330266053211e+03
3.899928794139e+09	2.334066813363e+03
3.925501291808e+09	2.337867573515e+03
3.951195690650e+09	2.341668333667e+03
3.977012341411e+09	2.345469093819e+03
4.002951595076e+09	2.349269853971e+03
4.029013802867e+09	2.353070614123e+03
4.055199316238e+09	2.356871374275e+03
4.081508486882e+09	2.360672134427e+03
4.107941666722e+09	2.364472894579e+03
4.134499207914e+09	2.368273654731e+03
4.161181462843e+09	2.372074414883e+03
4.187988784125e+09	2.375875175035e+03
4.214921524605e+09	2.379675935187e+03
4.241980037352e+09	2.383476695339e+03
4.269164675663e+09	2.387277455491e+03
4.296475793060e+09	2.391078215643e+03
4.323913743286e+09	2.394878975795e+03
4.351478880309e+09	2.398679735947e+03
4.379171558315e+09	2.402480496099e+03
4.406992131713e+09	2.406281256251e+03
4.434940955128e+09	2.410082016403e+03
4.463018383404e+09	2.413882776555e+03
4.491224771601e+09	2.417683536707e+03
4.519560474993e+09	2.421484296859e+03
4.548025849069e+09	2.425285057011e+03
4.576621249530e+09	2.429085817163e+03
4.605347032289e+09	2.432886577315e+03
4.634203553468e+09	2.436687337467e+03
4.663191169401e+09	2.440488097620e+03
4.692310236627e+09	2.444288857772e+03
4.721561111893e+09	2.448089617924e+03
4.750944152151e+09	2.451890378076e+03
4.780459714558e+09	2.455691138228e+03
4.810108156476e+09	2.459491898380e+03
4.839889835464e+09	2.463292658532e+03
4.869805109288e+09	2.467093418684e+03
4.899854335910e+09	2.470894178836e+03
4.930037873490e+09	2.474694938988e+03
4.960356080389e+09	2.478495699140e+03
4.990809315160e+09	2.482296459292e+03
5.021397936555e+09	2.486097219444e+03
5.052122303518e+09	2.489897979596e+03
5.082982775184e+09	2.493698739748e+03
5.113979710884e+09	2.497499499900e+03
5.145113470135e+09	2.501300260052e+03
5.176384412646e+09	2.505101020204e+03
5.207792898313e+09	2.508901780356e+03
5.239339287220e+09	2.512702540508e+03
5.271023939636e+09	2.516503300660e+03
5.302847216015e+09	2.520304060812e+03
5.334809476995e+09	2.524104820964e+03
5.366911083394e+09	2.527905581116e+03
5.399152396215e+09	2.531706341268e+03
5.431533776639e+09	2.535507101420e+03
5.464055586025e+09	2.539307861572e+03
5.496718185913e+09	2.543108621724e+03
5.529521938017e+09	2.546909381876e+03
5.562467204227e+09	2.550710142028e+03
5.595554346608e+09	2.554510902180e+03
5.628783727399e+09	2.558311662332e+03
5.662155709010e+09	2.562112422484e+03
5.695670654021e+09	2.565913182637e+03
5.729328925185e+09	2.569713942789e+03
5.763130885422e+09	2.573514702941e+03
5.797076897820e+09	2.577315463093e+03
5.831167325632e+09	2.581116223245e+03
5.865402532278e+09	2.584916983397e+03
5.899782881343e+09	2.588717743549e+03
5.934308736575e+09	2.592518503701e+03
5.968980461881e+09	2.596319263853e+03
6.003798421334e+09	2.600120024005e+03
6.038762979162e+09	2.603920784157e+03
6.073874499755e+09	2.607721544309e+03
6.109133347660e+09	2.611522304461e+03
6.144539887579e+09	2.615323064613e+03
6.180094484371e+09	2.619123824765e+03
6.215797503049e+09	2.622924584917e+03
6.251649308778e+09	2.626725345069e+03
6.287650266878e+09	2.630526105221e+03
6.323800742817e+09	2.634326865373e+03
6.360101102214e+09	2.638127625525e+03
6.396551710838e+09	2.641928385677e+03
6.433152934603e+09	2.645729145829e+03
6.469905139572e+09	2.649529905981e+03
6.506808691952e+09	2.653330666133e+03
6.543863958097e+09	2.657131426285e+03
6.581071304500e+09	2.660932186437e+03
6.618431097802e+09	2.664732946589e+03
6.655943704779e+09	2.668533706741e+03
6.693609492351e+09	2.672334466893e+03
6.731428827577e+09	2.676135227045e+03
6.769402077653e+09	2.679935987197e+03
6.807529609910e+09	2.683736747349e+03
6.845811791819e+09	2.687537507502e+03
6.884248990982e+09	2.691338267654e+03
6.922841575136e+09	2.695139027806e+03
6.961589912152e+09	2.698939787958e+03
7.000494370029e+09	2.702740548110e+03
7.039555316900e+09	2.706541308262e+03
7.078773121025e+09	2.710342068414e+03
7.118148150793e+09	2.714142828566e+03
7.157680774721e+09	2.717943588718e+03
7.197371361451e+09	2.721744348870e+03
7.237220279750e+09	2.725545109022e+03
7.277227898511e+09	2.729345869174e+03
7.317394586748e+09	2.733146629326e+03
7.357720713597e+09	2.736947389478e+03
7.398206648315e+09	2.740748149630e+03
7.438852760281e+09	2.744548909782e+03
7.479659418989e+09	2.748349669934e+03
7.520626994054e+09	2.752150430086e+03
7.561755855205e+09	2.755951190238e+03
7.603046372289e+09	2.759751950390e+03
7.644498915267e+09	2.763552710542e+03
7.686113854211e+09	2.767353470694e+03
7.727891559309e+09	2.771154230846e+03
7.769832400859e+09	2.774954990998e+03
7.811936749269e+09	2.778755751150e+03
7.854204975057e+09	2.782556511302e+03
7.896637448849e+09	2.786357271454e+03
7.939234541379e+09	2.790158031606e+03
7.981996623485e+09	2.793958791758e+03
8.024924066114e+09	2.797759551910e+03
8.068017240314e+09	2.801560312062e+03
8.111276517238e+09	2.805361072214e+03
8.154702268139e+09	2.809161832366e+03
8.198294864374e+09	2.812962592519e+03
8.242054677399e+09	2.816763352671e+03
8.285982078769e+09	2.820564112823e+03
8.330077440136e+09	2.824364872975e+03
8.374341133250e+09	2.828165633127e+03
8.418773529958e+09	2.831966393279e+03
8.463375002201e+09	2.835767153431e+03
8.508145922013e+09	2.839567913583e+03
8.553086661524e+09	2.843368673735e+03
8.598197592953e+09	2.847169433887e+03
8.643479088611e+09	2.850970194039e+03
8.688931520900e+09	2.854770954191e+03
8.734555262310e+09	2.858571714343e+03
8.780350685419e+09	2.862372474495e+03
8.826318162892e+09	2.866173234647e+03
8.872458067480e+09	2.869973994799e+03
8.918770772020e+09	2.873774754951e+03
8.965256649431e+09	2.877575515103e+03
9.011916072718e+09	2.881376275255e+03
9.058749414965e+09	2.885177035407e+03
9.105757049337e+09	2.888977795559e+03
9.152939349083e+09	2.892778555711e+03
9.200296687526e+09	2.896579315863e+03
9.247829438071e+09	2.900380076015e+03
9.295537974197e+09	2.904180836167e+03
9.343422669462e+09	2.907981596319e+03
9.391483897496e+09	2.911782356471e+03
9.439722032006e+09	2.915583116623e+03
9.488137446771e+09	2.919383876775e+03
9.536730515642e+09	2.923184636927e+03
9.585501612542e+09	2.926985397079e+03
9.634451111462e+09	2.930786157231e+03
9.683579386466e+09	2.934586917383e+03
9.732886811682e+09	2.938387677536e+03
9.782373761310e+09	2.942188437688e+03
9.832040609612e+09	2.945989197840e+03
9.881887730918e+09	2.949789957992e+03
9.931915499621e+09	2.953590718144e+03
9.982124290180e+09	2.957391478296e+03
1.003251447711e+10	2.961192238448e+03
1.008308643500e+10	2.964992998600e+03
1.013384053849e+10	2.968793758752e+03
1.018477716228e+10	2.972594518904e+03
1.023589668113e+10	2.976395279056e+03
1.028719946986e+10	2.980196039208e+03
1.033868590334e+10	2.983996799360e+03
1.039035635650e+10	2.987797559512e+03
1.044221120434e+10	2.991598319664e+03
1.049425082189e+10	2.995399079816e+03
1.054647558423e+10	2.999199839968e+03
1.059888586653e+10	3.003000600120e+03
1.065148204397e+10	3.006801360272e+03
1.070426449180e+10	3.010602120424e+03
1.075723358531e+10	3.014402880576e+03
1.081038969985e+10	3.018203640728e+03
1.086373321081e+10	3.022004400880e+03
1.091726449364e+10	3.025805161032e+03
1.097098392380e+10	3.029605921184e+03
1.102489187683e+10	3.033406681336e+03
1.107898872830e+10	3.037207441488e+03
1.113327485383e+10	3.041008201640e+03
1.118775062907e+10	3.044808961792e+03
1.124241642972e+10	3.048609721944e+03
1.129727263152e+10	3.052410482096e+03
1.135231961023e+10	3.056211242248e+03
1.140755774169e+10	3.060012002400e+03
1.146298740173e+10	3.063812762553e+03
1.151860896625e+10	3.067613522705e+03
1.157442281118e+10	3.071414282857e+03
1.163042931246e+10	3.075215043009e+03
1.168662884609e+10	3.079015803161e+03
1.174302178810e+10	3.082816563313e+03
1.179960851454e+10	3.086617323465e+03
1.185638940149e+10	3.090418083617e+03
1.191336482509e+10	3.094218843769e+03
1.197053516147e+10	3.098019603921e+03
1.202790078680e+10	3.101820364073e+03
1.208546207730e+10	3.105621124225e+03
1.214321940918e+10	3.109421884377e+03
1.220117315870e+10	3.113222644529e+03
1.225932370215e+10	3.117023404681e+03
1.231767141582e+10	3.120824164833e+03
1.237621667603e+10	3.124624924985e+03
1.243495985915e+10	3.128425685137e+03
1.249390134152e+10	3.132226445289e+03
1.255304149955e+10	3.136027205441e+03
1.261238070964e+10	3.139827965593e+03
1.267191934822e+10	3.143628725745e+03
1.273165779172e+10	3.147429485897e+03
1.279159641662e+10	3.151230246049e+03
1.285173559939e+10	3.155031006201e+03
1.291207571651e+10	3.158831766353e+03
1.297261714450e+10	3.162632526505e+03
1.303336025988e+10	3.166433286657e+03
1.309430543917e+10	3.170234046809e+03
1.315545305892e+10	3.174034806961e+03
1.321680349568e+10	3.177835567113e+03
1.327835712601e+10	3.181636327265e+03
1.334011432649e+10	3.185437087417e+03
1.340207547370e+10	3.189237847570e+03
1.346424094422e+10	3.193038607722e+03
1.352661111465e+10	3.196839367874e+03
1.358918636158e+10	3.200640128026e+03
1.365196706162e+10	3.204440888178e+03
1.371495359138e+10	3.208241648330e+03
1.377814632747e+10	3.212042408482e+03
1.384154564650e+10	3.215843168634e+03
1.390515192508e+10	3.219643928786e+03
1.396896553982e+10	3.223444688938e+03
1.403298686735e+10	3.227245449090e+03
1.409721628427e+10	3.231046209242e+03
1.416165416720e+10	3.234846969394e+03
1.422630089273e+10	3.238647729546e+03
1.429115683748e+10	3.242448489698e+03
1.435622237804e+10	3.246249249850e+03
1.442149789101e+10	3.250050010002e+03
1.448698375297e+10	3.253850770154e+03
1.455268034050e+10	3.257651530306e+03
1.461858803017e+10	3.261452290458e+03
1.468470719855e+10	3.265253050610e+03
1.475103822219e+10	3.269053810762e+03
1.481758147763e+10	3.272854570914e+03
1.488433734140e+10	3.276655331066e+03
1.495130619003e+10	3.280456091218e+03
1.501848840002e+10	3.284256851370e+03
1.508588434786e+10	3.288057611522e+03
1.515349441004e+10	3.291858371674e+03
1.522131896300e+10	3.295659131826e+03
1.528935838321e+10	3.299459891978e+03
1.535761304709e+10	3.303260652130e+03
1.542608333105e+10	3.307061412282e+03
1.549476961148e+10	3.310862172434e+03
1.556367226477e+10	3.314662932587e+03
1.563279166726e+10	3.318463692739e+03
1.570212819528e+10	3.322264452891e+03
1.577168222516e+10	3.326065213043e+03
1.584145413316e+10	3.329865973195e+03
1.591144429557e+10	3.333666733347e+03
1.598165308862e+10	3.337467493499e+03
1.605208088853e+10	3.341268253651e+03
1.612272807148e+10	3.345069013803e+03
1.619359501364e+10	3.348869773955e+03
1.626468209115e+10	3.352670534107e+03
1.633598968011e+10	3.356471294259e+03
1.640751815660e+10	3.360272054411e+03
1.647926789668e+10	3.364072814563e+03
1.655123927636e+10	3.367873574715e+03
1.662343267162e+10	3.371674334867e+03
1.669584845843e+10	3.375475095019e+03
1.676848701270e+10	3.379275855171e+03
1.684134871032e+10	3.383076615323e+03
1.691443392716e+10	3.386877375475e+03
1.698774303902e+10	3.390678135627e+03
1.706127642169e+10	3.394478895779e+03
1.713503445091e+10	3.398279655931e+03
1.720901750241e+10	3.402080416083e+03
1.728322595184e+10	3.405881176235e+03
1.735766017484e+10	3.409681936387e+03
1.743232054700e+10	3.413482696539e+03
1.750720744387e+10	3.417283456691e+03
1.758232124096e+10	3.421084216843e+03
1.765766231374e+10	3.424884976995e+03
1.773323103764e+10	3.428685737147e+03
1.780902778803e+10	3.432486497299e+03
1.788505294026e+10	3.436287257451e+03
1.796130686961e+10	3.440088017604e+03
1.803778995133e+10	3.443888777756e+03
1.811450256063e+10	3.447689537908e+03
1.819144507265e+10	3.451490298060e+03
1.826861786249e+10	3.455291058212e+03
1.834602130522e+10	3.459091818364e+03
1.842365577585e+10	3.462892578516e+03
1.850152164931e+10	3.466693338668e+03
1.857961930053e+10	3.470494098820e+03
1.865794910434e+10	3.474294858972e+03
1.873651143556e+10	3.478095619124e+03
1.881530666893e+10	3.481896379276e+03
1.889433517914e+10	3.485697139428e+03
1.897359734083e+10	3.489497899580e+03
1.905309352858e+10	3.493298659732e+03
1.913282411692e+10	3.497099419884e+03
1.921278948033e+10	3.500900180036e+03
1.929298999320e+10	3.504700940188e+03
1.937342602989e+10	3.508501700340e+03
1.945409796471e+10	3.512302460492e+03
1.953500617187e+10	3.516103220644e+03
1.961615102557e+10	3.519903980796e+03
1.969753289990e+10	3.523704740948e+03
1.977915216892e+10	3.527505501100e+03
1.986100920663e+10	3.531306261252e+03
1.994310438693e+10	3.535107021404e+03
2.002543808371e+10	3.538907781556e+03
2.010801067074e+10	3.542708541708e+03
2.019082252176e+10	3.546509301860e+03
2.027387401043e+10	3.550310062012e+03
2.035716551036e+10	3.554110822164e+03
2.044069739507e+10	3.557911582316e+03
2.052447003801e+10	3.561712342468e+03
2.060848381260e+10	3.565513102621e+03
2.069273909214e+10	3.569313862773e+03
2.077723624988e+10	3.573114622925e+03
2.086197565902e+10	3.576915383077e+03
2.094695769265e+10	3.580716143229e+03
2.103218272381e+10	3.584516903381e+03
2.111765112547e+10	3.588317663533e+03
2.120336327052e+10	3.592118423685e+03
2.128931953176e+10	3.595919183837e+03
2.137552028195e+10	3.599719943989e+03
2.146196589374e+10	3.603520704141e+03
2.154865673971e+10	3.607321464293e+03
2.163559319238e+10	3.611122224445e+03
2.172277562419e+10	3.614922984597e+03
2.181020440747e+10	3.618723744749e+03
2.189787991451e+10	3.622524504901e+03
2.198580251750e+10	3.626325265053e+03
2.207397258854e+10	3.630126025205e+03
2.216239049968e+10	3.633926785357e+03
2.225105662285e+10	3.637727545509e+03
2.233997132993e+10	3.641528305661e+03
2.242913499270e+10	3.645329065813e+03
2.251854798286e+10	3.649129825965e+03
2.260821067201e+10	3.652930586117e+03
2.269812343169e+10	3.656731346269e+03
2.278828663334e+10	3.660532106421e+03
2.287870064832e+10	3.664332866573e+03
2.296936584789e+10	3.668133626725e+03
2.306028260324e+10	3.671934386877e+03
2.315145128545e+10	3.675735147029e+03
2.324287226553e+10	3.679535907181e+03
2.333454591438e+10	3.683336667333e+03
2.342647260283e+10	3.687137427485e+03
2.351865270162e+10	3.690938187638e+03
2.361108658137e+10	3.694738947790e+03
2.370377461263e+10	3.698539707942e+03
2.379671716586e+10	3.702340468094e+03
2.388991461141e+10	3.706141228246e+03
2.398336731955e+10	3.709941988398e+03
2.407707566043e+10	3.713742748550e+03
2.417104000415e+10	3.717543508702e+03
2.426526072067e+10	3.721344268854e+03
2.435973817986e+10	3.725145029006e+03
2.445447275152e+10	3.728945789158e+03
2.454946480532e+10	3.732746549310e+03
2.464471471085e+10	3.736547309462e+03
2.474022283760e+10	3.740348069614e+03
2.483598955493e+10	3.744148829766e+03
2.493201523215e+10	3.747949589918e+03
2.502830023842e+10	3.751750350070e+03
2.512484494283e+10	3.755551110222e+03
2.522164971435e+10	3.759351870374e+03
2.531871492186e+10	3.763152630526e+03
2.541604093413e+10	3.766953390678e+03
2.551362811982e+10	3.770754150830e+03
2.561147684748e+10	3.774554910982e+03
2.570958748557e+10	3.778355671134e+03
2.580796040244e+10	3.782156431286e+03
2.590659596633e+10	3.785957191438e+03
2.600549454536e+10	3.789757951590e+03
2.610465650757e+10	3.793558711742e+03
2.620408222086e+10	3.797359471894e+03
2.630377205304e+10	3.801160232046e+03
2.640372637180e+10	3.804960992198e+03
2.650394554473e+10	3.808761752350e+03
2.660442993931e+10	3.812562512503e+03
2.670517992288e+10	3.816363272655e+03
2.680619586270e+10	3.820164032807e+03
2.690747812590e+10	3.823964792959e+03
2.700902707951e+10	3.827765553111e+03
2.711084309042e+10	3.831566313263e+03
2.721292652544e+10	3.835367073415e+03
2.731527775124e+10	3.839167833567e+03
2.741789713437e+10	3.842968593719e+03
2.752078504128e+10	3.846769353871e+03
2.762394183830e+10	3.850570114023e+03
2.772736789163e+10	3.854370874175e+03
2.783106356736e+10	3.858171634327e+03
2.793502923147e+10	3.861972394479e+03
2.803926524980e+10	3.865773154631e+03
2.814377198808e+10	3.869573914783e+03
2.824854981192e+10	3.873374674935e+03
2.835359908682e+10	3.877175435087e+03
2.845892017813e+10	3.880976195239e+03
2.856451345111e+10	3.884776955391e+03
2.867037927086e+10	3.888577715543e+03
2.877651800239e+10	3.892378475695e+03
2.888293001057e+10	3.896179235847e+03
2.898961566015e+10	3.899979995999e+03
2.909657531575e+10	3.903780756151e+03
2.920380934186e+10	3.907581516303e+03
2.931131810286e+10	3.911382276455e+03
2.941910196298e+10	3.915183036607e+03
2.952716128634e+10	3.918983796759e+03
2.963549643694e+10	3.922784556911e+03
2.974410777861e+10	3.926585317063e+03
2.985299567511e+10	3.930386077215e+03
2.996216049001e+10	3.934186837367e+03
3.007160258680e+10	3.937987597520e+03
3.018132232880e+10	3.941788357672e+03
3.029132007922e+10	3.945589117824e+03
3.040159620114e+10	3.949389877976e+03
3.051215105750e+10	3.953190638128e+03
3.062298501109e+10	3.956991398280e+03
3.073409842461e+10	3.960792158432e+03
3.084549166058e+10	3.964592918584e+03
3.095716508141e+10	3.968393678736e+03
3.106911904937e+10	3.972194438888e+03
3.118135392659e+10	3.975995199040e+03
3.129387007506e+10	3.979795959192e+03
3.140666785666e+10	3.983596719344e+03
3.151974763309e+10	3.987397479496e+03
3.163310976595e+10	3.991198239648e+03
3.174675461667e+10	3.994998999800e+03
3.186068254657e+10	3.998799759952e+03
3.197489391680e+10	4.002600520104e+03
3.208938908841e+10	4.006401280256e+03
3.220416842226e+10	4.010202040408e+03
3.231923227910e+10	4.014002800560e+03
3.243458101955e+10	4.017803560712e+03
3.255021500404e+10	4.021604320864e+03
3.266613459291e+10	4.025405081016e+03
3.278234014633e+10	4.029205841168e+03
3.289883202432e+10	4.033006601320e+03
3.301561058677e+10	4.036807361472e+03
3.313267619342e+10	4.040608121624e+03
3.325002920386e+10	4.044408881776e+03
3.336766997755e+10	4.048209641928e+03
3.348559887379e+10	4.052010402080e+03
3.360381625172e+10	4.055811162232e+03
3.372232247036e+10	4.059611922384e+03
3.384111788857e+10	4.063412682537e+03
3.396020286506e+10	4.067213442689e+03
3.407957775839e+10	4.071014202841e+03
3.419924292697e+10	4.074814962993e+03
3.431919872906e+10	4.078615723145e+03
3.443944552278e+10	4.082416483297e+03
3.455998366609e+10	4.086217243449e+03
3.468081351680e+10	4.090018003601e+03
3.480193543255e+10	4.093818763753e+03
3.492334977087e+10	4.097619523905e+03
3.504505688909e+10	4.101420284057e+03
3.516705714442e+10	4.105221044209e+03
3.528935089390e+10	4.109021804361e+03
3.541193849442e+10	4.112822564513e+03
3.553482030272e+10	4.116623324665e+03
3.565799667536e+10	4.120424084817e+03
3.578146796878e+10	4.124224844969e+03
3.590523453924e+10	4.128025605121e+03
3.602929674286e+10	4.131826365273e+03
3.615365493557e+10	4.135627125425e+03
3.627830947318e+10	4.139427885577e+03
3.640326071132e+10	4.143228645729e+03
3.652850900547e+10	4.147029405881e+03
3.665405471094e+10	4.150830166033e+03
3.677989818289e+10	4.154630926185e+03
3.690603977632e+10	4.158431686337e+03
3.703247984607e+10	4.162232446489e+03
3.715921874680e+10	4.166033206641e+03
3.728625683304e+10	4.169833966793e+03
3.741359445912e+10	4.173634726945e+03
3.754123197925e+10	4.177435487097e+03
3.766916974744e+10	4.181236247249e+03
3.779740811756e+10	4.185037007401e+03
3.792594744330e+10	4.188837767554e+03
3.805478807819e+10	4.192638527706e+03
3.818393037561e+10	4.196439287858e+03
3.831337468875e+10	4.200240048010e+03
3.844312137065e+10	4.204040808162e+03
3.857317077418e+10	4.207841568314e+03
3.870352325204e+10	4.211642328466e+03
3.883417915677e+10	4.215443088618e+03
3.896513884074e+10	4.219243848770e+03
3.909640265613e+10	4.223044608922e+03
3.922797095499e+10	4.226845369074e+03
3.935984408918e+10	4.230646129226e+03
3.949202241038e+10	4.234446889378e+03
3.962450627013e+10	4.238247649530e+03
3.975729601976e+10	4.242048409682e+03
3.989039201046e+10	4.245849169834e+03
4.002379459324e+10	4.249649929986e+03
4.015750411894e+10	4.253450690138e+03
4.029152093822e+10	4.257251450290e+03
4.042584540157e+10	4.261052210442e+03
4.056047785932e+10	4.264852970594e+03
4.069541866160e+10	4.268653730746e+03
4.083066815838e+10	4.272454490898e+03
4.096622669948e+10	4.276255251050e+03
4.110209463449e+10	4.280056011202e+03
4.123827231289e+10	4.283856771354e+03
4.137476008392e+10	4.287657531506e+03
4.151155829669e+10	4.291458291658e+03
4.164866730012e+10	4.295259051810e+03
4.178608744295e+10	4.299059811962e+03
4.192381907374e+10	4.302860572114e+03
4.206186254087e+10	4.306661332266e+03
4.220021819255e+10	4.310462092418e+03
4.233888637682e+10	4.314262852571e+03
4.247786744152e+10	4.318063612723e+03
4.261716173431e+10	4.321864372875e+03
4.275676960270e+10	4.325665133027e+03
4.289669139398e+10	4.329465893179e+03
4.303692745529e+10	4.333266653331e+03
4.317747813357e+10	4.337067413483e+03
4.331834377559e+10	4.340868173635e+03
4.345952472793e+10	4.344668933787e+03
4.360102133699e+10	4.348469693939e+03
4.374283394899e+10	4.352270454091e+03
4.388496290997e+10	4.356071214243e+03
4.402740856577e+10	4.359871974395e+03
4.417017126206e+10	4.363672734547e+03
4.431325134433e+10	4.367473494699e+03
4.445664915786e+10	4.371274254851e+03
4.460036504778e+10	4.375075015003e+03
4.474439935900e+10	4.378875775155e+03
4.488875243627e+10	4.382676535307e+03
4.503342462414e+10	4.386477295459e+03
4.517841626697e+10	4.390278055611e+03
4.532372770895e+10	4.394078815763e+03
4.546935929406e+10	4.397879575915e+03
4.561531136612e+10	4.401680336067e+03
4.576158426872e+10	4.405481096219e+03
4.590817834530e+10	4.409281856371e+03
4.605509393909e+10	4.413082616523e+03
4.620233139314e+10	4.416883376675e+03
4.634989105031e+10	4.420684136827e+03
4.649777325326e+10	4.424484896979e+03
4.664597834446e+10	4.428285657131e+03
4.679450666620e+10	4.432086417283e+03
4.694335856057e+10	4.435887177435e+03
4.709253436948e+10	4.439687937588e+03
4.724203443462e+10	4.443488697740e+03
4.739185909751e+10	4.447289457892e+03
4.754200869948e+10	4.451090218044e+03
4.769248358164e+10	4.454890978196e+03
4.784328408494e+10	4.458691738348e+03
4.799441055012e+10	4.462492498500e+03
4.814586331771e+10	4.466293258652e+03
4.829764272807e+10	4.470094018804e+03
4.844974912136e+10	4.473894778956e+03
4.860218283753e+10	4.477695539108e+03
4.875494421634e+10	4.481496299260e+03
4.890803359736e+10	4.485297059412e+03
4.906145131995e+10	4.489097819564e+03
4.921519772330e+10	4.492898579716e+03
4.936927314637e+10	4.496699339868e+03
4.952367792794e+10	4.500500100020e+03
4.967841240659e+10	4.504300860172e+03
4.983347692070e+10	4.508101620324e+03
4.998887180844e+10	4.511902380476e+03
5.014459740779e+10	4.515703140628e+03
5.030065405654e+10	4.519503900780e+03
5.045704209227e+10	4.523304660932e+03
5.061376185236e+10	4.527105421084e+03
5.077081367398e+10	4.530906181236e+03
5.092819789411e+10	4.534706941388e+03
5.108591484954e+10	4.538507701540e+03
5.124396487683e+10	4.542308461692e+03
5.140234831235e+10	4.546109221844e+03
5.156106549228e+10	4.549909981996e+03
5.172011675258e+10	4.553710742148e+03
5.187950242901e+10	4.557511502300e+03
5.203922285713e+10	4.561312262452e+03
5.219927837231e+10	4.565113022605e+03
5.235966930969e+10	4.568913782757e+03
5.252039600421e+10	4.572714542909e+03
5.268145879062e+10	4.576515303061e+03
5.284285800345e+10	4.580316063213e+03
5.300459397703e+10	4.584116823365e+03
5.316666704550e+10	4.587917583517e+03
5.332907754275e+10	4.591718343669e+03
5.349182580252e+10	4.595519103821e+03
5.365491215829e+10	4.599319863973e+03
5.381833694337e+10	4.603120624125e+03
5.398210049085e+10	4.606921384277e+03
5.414620313360e+10	4.610722144429e+03
5.431064520431e+10	4.614522904581e+03
5.447542703542e+10	4.618323664733e+03
5.464054895921e+10	4.622124424885e+03
5.480601130770e+10	4.625925185037e+03
5.497181441275e+10	4.629725945189e+03
5.513795860597e+10	4.633526705341e+03
5.530444421877e+10	4.637327465493e+03
5.547127158238e+10	4.641128225645e+03
5.563844102777e+10	4.644928985797e+03
5.580595288573e+10	4.648729745949e+03
5.597380748683e+10	4.652530506101e+03
5.614200516143e+10	4.656331266253e+03
5.631054623968e+10	4.660132026405e+03
5.647943105151e+10	4.663932786557e+03
5.664865992665e+10	4.667733546709e+03
5.681823319459e+10	4.671534306861e+03
5.698815118464e+10	4.675335067013e+03
5.715841422588e+10	4.679135827165e+03
5.732902264716e+10	4.682936587317e+03
5.749997677716e+10	4.686737347469e+03
5.767127694429e+10	4.690538107622e+03
5.784292347679e+10	4.694338867774e+03
5.801491670267e+10	4.698139627926e+03
5.818725694971e+10	4.701940388078e+03
5.835994454548e+10	4.705741148230e+03
5.853297981736e+10	4.709541908382e+03
5.870636309248e+10	4.713342668534e+03
5.888009469777e+10	4.717143428686e+03
5.905417495993e+10	4.720944188838e+03
5.922860420546e+10	4.724744948990e+03
5.940338276064e+10	4.728545709142e+03
5.957851095151e+10	4.732346469294e+03
5.975398910392e+10	4.736147229446e+03
5.992981754348e+10	4.739947989598e+03
6.010599659560e+10	4.743748749750e+03
6.028252658545e+10	4.747549509902e+03
6.045940783800e+10	4.751350270054e+03
6.063664067799e+10	4.755151030206e+03
6.081422542993e+10	4.758951790358e+03
6.099216241814e+10	4.762752550510e+03
6.117045196668e+10	4.766553310662e+03
6.134909439943e+10	4.770354070814e+03
6.152809004002e+10	4.774154830966e+03
6.170743921186e+10	4.777955591118e+03
6.188714223815e+10	4.781756351270e+03
6.206719944187e+10	4.785557111422e+03
6.224761114576e+10	4.789357871574e+03
6.242837767235e+10	4.793158631726e+03
6.260949934395e+10	4.796959391878e+03
6.279097648265e+10	4.800760152030e+03
6.297280941029e+10	4.804560912182e+03
6.315499844851e+10	4.808361672334e+03
6.333754391874e+10	4.812162432486e+03
6.352044614214e+10	4.815963192639e+03
6.370370543969e+10	4.819763952791e+03
6.388732213212e+10	4.823564712943e+03
6.407129653994e+10	4.827365473095e+03
6.425562898345e+10	4.831166233247e+03
6.444031978270e+10	4.834966993399e+03
6.462536925753e+10	4.838767753551e+03
6.481077772756e+10	4.842568513703e+03
6.499654551215e+10	4.846369273855e+03
6.518267293047e+10	4.850170034007e+03
6.536916030145e+10	4.853970794159e+03
6.555600794380e+10	4.857771554311e+03
6.574321617598e+10	4.861572314463e+03
6.593078531625e+10	4.865373074615e+03
6.611871568262e+10	4.869173834767e+03
6.630700759289e+10	4.872974594919e+03
6.649566136461e+10	4.876775355071e+03
6.668467731514e+10	4.880576115223e+03
6.687405576156e+10	4.884376875375e+03
6.706379702075e+10	4.888177635527e+03
6.725390140937e+10	4.891978395679e+03
6.744436924383e+10	4.895779155831e+03
6.763520084031e+10	4.899579915983e+03
6.782639651478e+10	4.903380676135e+03
6.801795658296e+10	4.907181436287e+03
6.820988136035e+10	4.910982196439e+03
6.840217116221e+10	4.914782956591e+03
6.859482630357e+10	4.918583716743e+03
6.878784709924e+10	4.922384476895e+03
6.898123386378e+10	4.926185237047e+03
6.917498691155e+10	4.929985997199e+03
6.936910655664e+10	4.933786757351e+03
6.956359311292e+10	4.937587517503e+03
6.975844689405e+10	4.941388277656e+03
6.995366821343e+10	4.945189037808e+03
7.014925738423e+10	4.948989797960e+03
7.034521471940e+10	4.952790558112e+03
7.054154053164e+10	4.956591318264e+03
7.073823513343e+10	4.960392078416e+03
7.093529883702e+10	4.964192838568e+03
7.113273195441e+10	4.967993598720e+03
7.133053479737e+10	4.971794358872e+03
7.152870767744e+10	4.975595119024e+03
7.172725090592e+10	4.979395879176e+03
7.192616479388e+10	4.983196639328e+03
7.212544965215e+10	4.986997399480e+03
7.232510579133e+10	4.990798159632e+03
7.252513352179e+10	4.994598919784e+03
7.272553315363e+10	4.998399679936e+03
7.292630499676e+10	5.002200440088e+03
7.312744936083e+10	5.006001200240e+03
7.332896655524e+10	5.009801960392e+03
7.353085688919e+10	5.013602720544e+03
7.373312067160e+10	5.017403480696e+03
7.393575821119e+10	5.021204240848e+03
7.413876981642e+10	5.025005001000e+03
7.434215579552e+10	5.028805761152e+03
7.454591645647e+10	5.032606521304e+03
7.475005210704e+10	5.036407281456e+03
7.495456305473e+10	5.040208041608e+03
7.515944960683e+10	5.044008801760e+03
7.536471207035e+10	5.047809561912e+03
7.557035075212e+10	5.051610322064e+03
7.577636595867e+10	5.055411082216e+03
7.598275799633e+10	5.059211842368e+03
7.618952717119e+10	5.063012602521e+03
7.639667378907e+10	5.066813362673e+03
7.660419815557e+10	5.070614122825e+03
7.681210057606e+10	5.074414882977e+03
7.702038135566e+10	5.078215643129e+03
7.722904079923e+10	5.082016403281e+03
7.743807921142e+10	5.085817163433e+03
7.764749689662e+10	5.089617923585e+03
7.785729415898e+10	5.093418683737e+03
7.806747130242e+10	5.097219443889e+03
7.827802863061e+10	5.101020204041e+03
7.848896644698e+10	5.104820964193e+03
7.870028505471e+10	5.108621724345e+03
7.891198475674e+10	5.112422484497e+03
7.912406585579e+10	5.116223244649e+03
7.933652865430e+10	5.120024004801e+03
7.954937345450e+10	5.123824764953e+03
7.976260055836e+10	5.127625525105e+03
7.997621026761e+10	5.131426285257e+03
8.019020288373e+10	5.135227045409e+03
8.040457870797e+10	5.139027805561e+03
8.061933804132e+10	5.142828565713e+03
8.083448118455e+10	5.146629325865e+03
8.105000843816e+10	5.150430086017e+03
8.126592010242e+10	5.154230846169e+03
8.148221647735e+10	5.158031606321e+03
8.169889786272e+10	5.161832366473e+03
8.191596455808e+10	5.165633126625e+03
8.213341686271e+10	5.169433886777e+03
8.235125507565e+10	5.173234646929e+03
8.256947949569e+10	5.177035407081e+03
8.278809042139e+10	5.180836167233e+03
8.300708815106e+10	5.184636927385e+03
8.322647298274e+10	5.188437687538e+03
8.344624521426e+10	5.192238447690e+03
8.366640514318e+10	5.196039207842e+03
8.388695306683e+10	5.199839967994e+03
8.410788928226e+10	5.203640728146e+03
8.432921408632e+10	5.207441488298e+03
8.455092777558e+10	5.211242248450e+03
8.477303064637e+10	5.215043008602e+03
8.499552299478e+10	5.218843768754e+03
8.521840511665e+10	5.222644528906e+03
8.544167730756e+10	5.226445289058e+03
8.566533986285e+10	5.230246049210e+03
8.588939307763e+10	5.234046809362e+03
8.611383724673e+10	5.237847569514e+03
8.633867266476e+10	5.241648329666e+03
8.656389962606e+10	5.245449089818e+03
8.678951842473e+10	5.249249849970e+03
8.701552935463e+10	5.253050610122e+03
8.724193270935e+10	5.256851370274e+03
8.746872878225e+10	5.260652130426e+03
8.769591786643e+10	5.264452890578e+03
8.792350025475e+10	5.268253650730e+03
8.815147623981e+10	5.272054410882e+03
8.837984611396e+10	5.275855171034e+03
8.860861016932e+10	5.279655931186e+03
8.883776869774e+10	5.283456691338e+03
8.906732199081e+10	5.287257451490e+03
8.929727033990e+10	5.291058211642e+03
8.952761403610e+10	5.294858971794e+03
8.975835337028e+10	5.298659731946e+03
8.998948863303e+10	5.302460492098e+03
9.022102011470e+10	5.306261252250e+03
9.045294810540e+10	5.310062012402e+03
9.068527289497e+10	5.313862772555e+03
9.091799477300e+10	5.317663532707e+03
9.115111402885e+10	5.321464292859e+03
9.138463095161e+10	5.325265053011e+03
9.161854583012e+10	5.329065813163e+03
9.185285895297e+10	5.332866573315e+03
9.208757060850e+10	5.336667333467e+03
9.232268108479e+10	5.340468093619e+03
9.255819066967e+10	5.344268853771e+03
9.279409965073e+10	5.348069613923e+03
9.303040831529e+10	5.351870374075e+03
9.326711695043e+10	5.355671134227e+03
9.350422584297e+10	5.359471894379e+03
9.374173527948e+10	5.363272654531e+03
9.397964554627e+10	5.367073414683e+03
9.421795692941e+10	5.370874174835e+03
9.445666971469e+10	5.374674934987e+03
9.469578418769e+10	5.378475695139e+03
9.493530063369e+10	5.382276455291e+03
9.517521933775e+10	5.386077215443e+03
9.541554058466e+10	5.389877975595e+03
9.565626465896e+10	5.393678735747e+03
9.589739184492e+10	5.397479495899e+03
9.613892242658e+10	5.401280256051e+03
9.638085668772e+10	5.405081016203e+03
9.662319491186e+10	5.408881776355e+03
9.686593738226e+10	5.412682536507e+03
9.710908438193e+10	5.416483296659e+03
9.735263619363e+10	5.420284056811e+03
9.759659309985e+10	5.424084816963e+03
9.784095538285e+10	5.427885577115e+03
9.808572332461e+10	5.431686337267e+03
9.833089720686e+10	5.435487097419e+03
9.857647731109e+10	5.439287857572e+03
9.882246391852e+10	5.443088617724e+03
9.906885731011e+10	5.446889377876e+03
9.931565776658e+10	5.450690138028e+03
9.956286556837e+10	5.454490898180e+03
9.981048099568e+10	5.458291658332e+03
1.000585043285e+11	5.462092418484e+03
1.003069358464e+11	5.465893178636e+03
1.005557758289e+11	5.469693938788e+03
1.008050245552e+11	5.473494698940e+03
1.010546823041e+11	5.477295459092e+03
1.013047493544e+11	5.481096219244e+03
1.015552259844e+11	5.484896979396e+03
1.018061124722e+11	5.488697739548e+03
1.020574090958e+11	5.492498499700e+03
1.023091161328e+11	5.496299259852e+03
1.025612338606e+11	5.500100020004e+03
1.028137625562e+11	5.503900780156e+03
1.030667024966e+11	5.507701540308e+03
1.033200539582e+11	5.511502300460e+03
1.035738172176e+11	5.515303060612e+03
1.038279925506e+11	5.519103820764e+03
1.040825802333e+11	5.522904580916e+03
1.043375805410e+11	5.526705341068e+03
1.045929937493e+11	5.530506101220e+03
1.048488201330e+11	5.534306861372e+03
1.051050599670e+11	5.538107621524e+03
1.053617135258e+11	5.541908381676e+03
1.056187810837e+11	5.545709141828e+03
1.058762629147e+11	5.549509901980e+03
1.061341592925e+11	5.553310662132e+03
1.063924704907e+11	5.557111422284e+03
1.066511967825e+11	5.560912182436e+03
1.069103384409e+11	5.564712942589e+03
1.071698957385e+11	5.568513702741e+03
1.074298689479e+11	5.572314462893e+03
1.076902583412e+11	5.576115223045e+03
1.079510641905e+11	5.579915983197e+03
1.082122867672e+11	5.583716743349e+03
1.084739263430e+11	5.587517503501e+03
1.087359831889e+11	5.591318263653e+03
1.089984575759e+11	5.595119023805e+03
1.092613497745e+11	5.598919783957e+03
1.095246600552e+11	5.602720544109e+03
1.097883886881e+11	5.606521304261e+03
1.100525359430e+11	5.610322064413e+03
1.103171020896e+11	5.614122824565e+03
1.105820873972e+11	5.617923584717e+03
1.108474921348e+11	5.621724344869e+03
1.111133165713e+11	5.625525105021e+03
1.113795609753e+11	5.629325865173e+03
1.116462256150e+11	5.633126625325e+03
1.119133107585e+11	5.636927385477e+03
1.121808166735e+11	5.640728145629e+03
1.124487436275e+11	5.644528905781e+03
1.127170918879e+11	5.648329665933e+03
1.129858617216e+11	5.652130426085e+03
1.132550533953e+11	5.655931186237e+03
1.135246671756e+11	5.659731946389e+03
1.137947033285e+11	5.663532706541e+03
1.140651621201e+11	5.667333466693e+03
1.143360438160e+11	5.671134226845e+03
1.146073486817e+11	5.674934986997e+03
1.148790769823e+11	5.678735747149e+03
1.151512289827e+11	5.682536507301e+03
1.154238049476e+11	5.686337267453e+03
1.156968051413e+11	5.690138027606e+03
1.159702298279e+11	5.693938787758e+03
1.162440792714e+11	5.697739547910e+03
1.165183537352e+11	5.701540308062e+03
1.167930534828e+11	5.705341068214e+03
1.170681787771e+11	5.709141828366e+03
1.173437298810e+11	5.712942588518e+03
1.176197070571e+11	5.716743348670e+03
1.178961105675e+11	5.720544108822e+03
1.181729406743e+11	5.724344868974e+03
1.184501976393e+11	5.728145629126e+03
1.187278817239e+11	5.731946389278e+03
1.190059931895e+11	5.735747149430e+03
1.192845322968e+11	5.739547909582e+03
1.195634993068e+11	5.743348669734e+03
1.198428944796e+11	5.747149429886e+03
1.201227180757e+11	5.750950190038e+03
1.204029703548e+11	5.754750950190e+03
1.206836515766e+11	5.758551710342e+03
1.209647620006e+11	5.762352470494e+03
1.212463018857e+11	5.766153230646e+03
1.215282714910e+11	5.769953990798e+03
1.218106710749e+11	5.773754750950e+03
1.220935008959e+11	5.777555511102e+03
1.223767612119e+11	5.781356271254e+03
1.226604522808e+11	5.785157031406e+03
1.229445743602e+11	5.788957791558e+03
1.232291277073e+11	5.792758551710e+03
1.235141125791e+11	5.796559311862e+03
1.237995292323e+11	5.800360072014e+03
1.240853779236e+11	5.804160832166e+03
1.243716589090e+11	5.807961592318e+03
1.246583724446e+11	5.811762352470e+03
1.249455187860e+11	5.815563112623e+03
1.252330981887e+11	5.819363872775e+03
1.255211109079e+11	5.823164632927e+03
1.258095571984e+11	5.826965393079e+03
1.260984373149e+11	5.830766153231e+03
1.263877515118e+11	5.834566913383e+03
1.266775000432e+11	5.838367673535e+03
1.269676831628e+11	5.842168433687e+03
1.272583011244e+11	5.845969193839e+03
1.275493541813e+11	5.849769953991e+03
1.278408425864e+11	5.853570714143e+03
1.281327665926e+11	5.857371474295e+03
1.284251264524e+11	5.861172234447e+03
1.287179224181e+11	5.864972994599e+03
1.290111547416e+11	5.868773754751e+03
1.293048236748e+11	5.872574514903e+03
1.295989294690e+11	5.876375275055e+03
1.298934723754e+11	5.880176035207e+03
1.301884526451e+11	5.883976795359e+03
1.304838705287e+11	5.887777555511e+03
1.307797262766e+11	5.891578315663e+03
1.310760201389e+11	5.895379075815e+03
1.313727523655e+11	5.899179835967e+03
1.316699232061e+11	5.902980596119e+03
1.319675329099e+11	5.906781356271e+03
1.322655817262e+11	5.910582116423e+03
1.325640699036e+11	5.914382876575e+03
1.328629976908e+11	5.918183636727e+03
1.331623653360e+11	5.921984396879e+03
1.334621730873e+11	5.925785157031e+03
1.337624211924e+11	5.929585917183e+03
1.340631098989e+11	5.933386677335e+03
1.343642394539e+11	5.937187437487e+03
1.346658101044e+11	5.940988197640e+03
1.349678220972e+11	5.944788957792e+03
1.352702756786e+11	5.948589717944e+03
1.355731710948e+11	5.952390478096e+03
1.358765085918e+11	5.956191238248e+03
1.361802884152e+11	5.959991998400e+03
1.364845108103e+11	5.963792758552e+03
1.367891760223e+11	5.967593518704e+03
1.370942842960e+11	5.971394278856e+03
1.373998358760e+11	5.975195039008e+03
1.377058310066e+11	5.978995799160e+03
1.380122699319e+11	5.982796559312e+03
1.383191528956e+11	5.986597319464e+03
1.386264801412e+11	5.990398079616e+03
1.389342519120e+11	5.994198839768e+03
1.392424684511e+11	5.997999599920e+03
1.395511300010e+11	6.001800360072e+03
1.398602368044e+11	6.005601120224e+03
1.401697891032e+11	6.009401880376e+03
1.404797871396e+11	6.013202640528e+03
1.407902311551e+11	6.017003400680e+03
1.411011213912e+11	6.020804160832e+03
1.414124580890e+11	6.024604920984e+03
1.417242414892e+11	6.028405681136e+03
1.420364718327e+11	6.032206441288e+03
1.423491493595e+11	6.036007201440e+03
1.426622743100e+11	6.039807961592e+03
1.429758469237e+11	6.043608721744e+03
1.432898674403e+11	6.047409481896e+03
1.436043360991e+11	6.051210242048e+03
1.439192531390e+11	6.055011002200e+03
1.442346187988e+11	6.058811762352e+03
1.445504333170e+11	6.062612522505e+03
1.448666969317e+11	6.066413282657e+03
1.451834098809e+11	6.070214042809e+03
1.455005724024e+11	6.074014802961e+03
1.458181847334e+11	6.077815563113e+03
1.461362471111e+11	6.081616323265e+03
1.464547597725e+11	6.085417083417e+03
1.467737229541e+11	6.089217843569e+03
1.470931368923e+11	6.093018603721e+03
1.474130018232e+11	6.096819363873e+03
1.477333179826e+11	6.100620124025e+03
1.480540856060e+11	6.104420884177e+03
1.483753049287e+11	6.108221644329e+03
1.486969761857e+11	6.112022404481e+03
1.490190996119e+11	6.115823164633e+03
1.493416754416e+11	6.119623924785e+03
1.496647039092e+11	6.123424684937e+03
1.499881852485e+11	6.127225445089e+03
1.503121196933e+11	6.131026205241e+03
1.506365074770e+11	6.134826965393e+03
1.509613488327e+11	6.138627725545e+03
1.512866439933e+11	6.142428485697e+03
1.516123931915e+11	6.146229245849e+03
1.519385966597e+11	6.150030006001e+03
1.522652546299e+11	6.153830766153e+03
1.525923673340e+11	6.157631526305e+03
1.529199350035e+11	6.161432286457e+03
1.532479578697e+11	6.165233046609e+03
1.535764361637e+11	6.169033806761e+03
1.539053701163e+11	6.172834566913e+03
1.542347599579e+11	6.176635327065e+03
1.545646059187e+11	6.180436087217e+03
1.548949082289e+11	6.184236847369e+03
1.552256671180e+11	6.188037607522e+03
1.555568828155e+11	6.191838367674e+03
1.558885555506e+11	6.195639127826e+03
1.562206855523e+11	6.199439887978e+03
1.565532730490e+11	6.203240648130e+03
1.568863182693e+11	6.207041408282e+03
1.572198214412e+11	6.210842168434e+03
1.575537827927e+11	6.214642928586e+03
1.578882025512e+11	6.218443688738e+03
1.582230809441e+11	6.222244448890e+03
1.585584181985e+11	6.226045209042e+03
1.588942145411e+11	6.229845969194e+03
1.592304701984e+11	6.233646729346e+03
1.595671853968e+11	6.237447489498e+03
1.599043603622e+11	6.241248249650e+03
1.602419953204e+11	6.245049009802e+03
1.605800904967e+11	6.248849769954e+03
1.609186461165e+11	6.252650530106e+03
1.612576624046e+11	6.256451290258e+03
1.615971395857e+11	6.260252050410e+03
1.619370778842e+11	6.264052810562e+03
1.622774775242e+11	6.267853570714e+03
1.626183387296e+11	6.271654330866e+03
1.629596617241e+11	6.275455091018e+03
1.633014467309e+11	6.279255851170e+03
1.636436939731e+11	6.283056611322e+03
1.639864036736e+11	6.286857371474e+03
1.643295760548e+11	6.290658131626e+03
1.646732113392e+11	6.294458891778e+03
1.650173097486e+11	6.298259651930e+03
1.653618715048e+11	6.302060412082e+03
1.657068968294e+11	6.305861172234e+03
1.660523859435e+11	6.309661932386e+03
1.663983390681e+11	6.313462692539e+03
1.667447564239e+11	6.317263452691e+03
1.670916382313e+11	6.321064212843e+03
1.674389847105e+11	6.324864972995e+03
1.677867960814e+11	6.328665733147e+03
1.681350725635e+11	6.332466493299e+03
1.684838143764e+11	6.336267253451e+03
1.688330217390e+11	6.340068013603e+03
1.691826948703e+11	6.343868773755e+03
1.695328339887e+11	6.347669533907e+03
1.698834393126e+11	6.351470294059e+03
1.702345110601e+11	6.355271054211e+03
1.705860494489e+11	6.359071814363e+03
1.709380546966e+11	6.362872574515e+03
1.712905270203e+11	6.366673334667e+03
1.716434666372e+11	6.370474094819e+03
1.719968737638e+11	6.374274854971e+03
1.723507486167e+11	6.378075615123e+03
1.727050914121e+11	6.381876375275e+03
1.730599023658e+11	6.385677135427e+03
1.734151816936e+11	6.389477895579e+03
1.737709296109e+11	6.393278655731e+03
1.741271463327e+11	6.397079415883e+03
1.744838320741e+11	6.400880176035e+03
1.748409870495e+11	6.404680936187e+03
1.751986114733e+11	6.408481696339e+03
1.755567055597e+11	6.412282456491e+03
1.759152695223e+11	6.416083216643e+03
1.762743035749e+11	6.419883976795e+03
1.766338079306e+11	6.423684736947e+03
1.769937828025e+11	6.427485497099e+03
1.773542284034e+11	6.431286257251e+03
1.777151449458e+11	6.435087017403e+03
1.780765326418e+11	6.438887777556e+03
1.784383917036e+11	6.442688537708e+03
1.788007223427e+11	6.446489297860e+03
1.791635247706e+11	6.450290058012e+03
1.795267991985e+11	6.454090818164e+03
1.798905458374e+11	6.457891578316e+03
1.802547648978e+11	6.461692338468e+03
1.806194565903e+11	6.465493098620e+03
1.809846211248e+11	6.469293858772e+03
1.813502587113e+11	6.473094618924e+03
1.817163695593e+11	6.476895379076e+03
1.820829538783e+11	6.480696139228e+03
1.824500118773e+11	6.484496899380e+03
1.828175437650e+11	6.488297659532e+03
1.831855497501e+11	6.492098419684e+03
1.835540300409e+11	6.495899179836e+03
1.839229848453e+11	6.499699939988e+03
1.842924143711e+11	6.503500700140e+03
1.846623188259e+11	6.507301460292e+03
1.850326984168e+11	6.511102220444e+03
1.854035533509e+11	6.514902980596e+03
1.857748838348e+11	6.518703740748e+03
1.861466900750e+11	6.522504500900e+03
1.865189722777e+11	6.526305261052e+03
1.868917306488e+11	6.530106021204e+03
1.872649653940e+11	6.533906781356e+03
1.876386767186e+11	6.537707541508e+03
1.880128648278e+11	6.541508301660e+03
1.883875299266e+11	6.545309061812e+03
1.887626722194e+11	6.549109821964e+03
1.891382919106e+11	6.552910582116e+03
1.895143892044e+11	6.556711342268e+03
1.898909643046e+11	6.560512102420e+03
1.902680174147e+11	6.564312862573e+03
1.906455487380e+11	6.568113622725e+03
1.910235584776e+11	6.571914382877e+03
1.914020468362e+11	6.575715143029e+03
1.917810140164e+11	6.579515903181e+03
1.921604602205e+11	6.583316663333e+03
1.925403856504e+11	6.587117423485e+03
1.929207905078e+11	6.590918183637e+03
1.933016749942e+11	6.594718943789e+03
1.936830393109e+11	6.598519703941e+03
1.940648836588e+11	6.602320464093e+03
1.944472082386e+11	6.606121224245e+03
1.948300132507e+11	6.609921984397e+03
1.952132988952e+11	6.613722744549e+03
1.955970653721e+11	6.617523504701e+03
1.959813128811e+11	6.621324264853e+03
1.963660416215e+11	6.625125025005e+03
1.967512517924e+11	6.628925785157e+03
1.971369435927e+11	6.632726545309e+03
1.975231172209e+11	6.636527305461e+03
1.979097728756e+11	6.640328065613e+03
1.982969107546e+11	6.644128825765e+03
1.986845310559e+11	6.647929585917e+03
1.990726339770e+11	6.651730346069e+03
1.994612197152e+11	6.655531106221e+03
1.998502884676e+11	6.659331866373e+03
2.002398404308e+11	6.663132626525e+03
2.006298758015e+11	6.666933386677e+03
2.010203947759e+11	6.670734146829e+03
2.014113975500e+11	6.674534906981e+03
2.018028843195e+11	6.678335667133e+03
2.021948552800e+11	6.682136427285e+03
2.025873106265e+11	6.685937187437e+03
2.029802505542e+11	6.689737947590e+03
2.033736752577e+11	6.693538707742e+03
2.037675849314e+11	6.697339467894e+03
2.041619797696e+11	6.701140228046e+03
2.045568599660e+11	6.704940988198e+03
2.049522257145e+11	6.708741748350e+03
2.053480772084e+11	6.712542508502e+03
2.057444146409e+11	6.716343268654e+03
2.061412382048e+11	6.720144028806e+03
2.065385480928e+11	6.723944788958e+03
2.069363444972e+11	6.727745549110e+03
2.073346276101e+11	6.731546309262e+03
2.077333976235e+11	6.735347069414e+03
2.081326547288e+11	6.739147829566e+03
2.085323991175e+11	6.742948589718e+03
2.089326309805e+11	6.746749349870e+03
2.093333505088e+11	6.750550110022e+03
2.097345578929e+11	6.754350870174e+03
2.101362533230e+11	6.758151630326e+03
2.105384369892e+11	6.761952390478e+03
2.109411090814e+11	6.765753150630e+03
2.113442697890e+11	6.769553910782e+03
2.117479193012e+11	6.773354670934e+03
2.121520578072e+11	6.777155431086e+03
2.125566854956e+11	6.780956191238e+03
2.129618025550e+11	6.784756951390e+03
2.133674091735e+11	6.788557711542e+03
2.137735055392e+11	6.792358471694e+03
2.141800918398e+11	6.796159231846e+03
2.145871682628e+11	6.799959991998e+03
2.149947349953e+11	6.803760752150e+03
2.154027922243e+11	6.807561512302e+03
2.158113401366e+11	6.811362272454e+03
2.162203789185e+11	6.815163032607e+03
2.166299087562e+11	6.818963792759e+03
2.170399298356e+11	6.822764552911e+03
2.174504423425e+11	6.826565313063e+03
2.178614464621e+11	6.830366073215e+03
2.182729423798e+11	6.834166833367e+03
2.186849302803e+11	6.837967593519e+03
2.190974103483e+11	6.841768353671e+03
2.195103827682e+11	6.845569113823e+03
2.199238477241e+11	6.849369873975e+03
2.203378054000e+11	6.853170634127e+03
2.207522559793e+11	6.856971394279e+03
2.211671996455e+11	6.860772154431e+03
2.215826365816e+11	6.864572914583e+03
2.219985669706e+11	6.868373674735e+03
2.224149909950e+11	6.872174434887e+03
2.228319088372e+11	6.875975195039e+03
2.232493206791e+11	6.879775955191e+03
2.236672267028e+11	6.883576715343e+03
2.240856270896e+11	6.887377475495e+03
2.245045220210e+11	6.891178235647e+03
2.249239116780e+11	6.894978995799e+03
2.253437962414e+11	6.898779755951e+03
2.257641758918e+11	6.902580516103e+03
2.261850508094e+11	6.906381276255e+03
2.266064211743e+11	6.910182036407e+03
2.270282871663e+11	6.913982796559e+03
2.274506489649e+11	6.917783556711e+03
2.278735067494e+11	6.921584316863e+03
2.282968606989e+11	6.925385077015e+03
2.287207109920e+11	6.929185837167e+03
2.291450578073e+11	6.932986597319e+03
2.295699013230e+11	6.936787357471e+03
2.299952417173e+11	6.940588117624e+03
2.304210791678e+11	6.944388877776e+03
2.308474138520e+11	6.948189637928e+03
2.312742459471e+11	6.951990398080e+03
2.317015756302e+11	6.955791158232e+03
2.321294030781e+11	6.959591918384e+03
2.325577284671e+11	6.963392678536e+03
2.329865519735e+11	6.967193438688e+03
2.334158737733e+11	6.970994198840e+03
2.338456940423e+11	6.974794958992e+03
2.342760129559e+11	6.978595719144e+03
2.347068306892e+11	6.982396479296e+03
2.351381474174e+11	6.986197239448e+03
2.355699633151e+11	6.989997999600e+03
2.360022785567e+11	6.993798759752e+03
2.364350933166e+11	6.997599519904e+03
2.368684077685e+11	7.001400280056e+03
2.373022220863e+11	7.005201040208e+03
2.377365364434e+11	7.009001800360e+03
2.381713510130e+11	7.012802560512e+03
2.386066659681e+11	7.016603320664e+03
2.390424814813e+11	7.020404080816e+03
2.394787977251e+11	7.024204840968e+03
2.399156148717e+11	7.028005601120e+03
2.403529330931e+11	7.031806361272e+03
2.407907525608e+11	7.035607121424e+03
2.412290734465e+11	7.039407881576e+03
2.416678959212e+11	7.043208641728e+03
2.421072201559e+11	7.047009401880e+03
2.425470463213e+11	7.050810162032e+03
2.429873745878e+11	7.054610922184e+03
2.434282051256e+11	7.058411682336e+03
2.438695381047e+11	7.062212442488e+03
2.443113736947e+11	7.066013202641e+03
2.447537120651e+11	7.069813962793e+03
2.451965533851e+11	7.073614722945e+03
2.456398978235e+11	7.077415483097e+03
2.460837455492e+11	7.081216243249e+03
2.465280967304e+11	7.085017003401e+03
2.469729515355e+11	7.088817763553e+03
2.474183101322e+11	7.092618523705e+03
2.478641726884e+11	7.096419283857e+03
2.483105393715e+11	7.100220044009e+03
2.487574103486e+11	7.104020804161e+03
2.492047857867e+11	7.107821564313e+03
2.496526658525e+11	7.111622324465e+03
2.501010507123e+11	7.115423084617e+03
2.505499405325e+11	7.119223844769e+03
2.509993354790e+11	7.123024604921e+03
2.514492357173e+11	7.126825365073e+03
2.518996414131e+11	7.130626125225e+03
2.523505527314e+11	7.134426885377e+03
2.528019698373e+11	7.138227645529e+03
2.532538928954e+11	7.142028405681e+03
2.537063220702e+11	7.145829165833e+03
2.541592575259e+11	7.149629925985e+03
2.546126994264e+11	7.153430686137e+03
2.550666479355e+11	7.157231446289e+03
2.555211032166e+11	7.161032206441e+03
2.559760654329e+11	7.164832966593e+03
2.564315347475e+11	7.168633726745e+03
2.568875113229e+11	7.172434486897e+03
2.573439953217e+11	7.176235247049e+03
2.578009869061e+11	7.180036007201e+03
2.582584862382e+11	7.183836767353e+03
2.587164934795e+11	7.187637527506e+03
2.591750087916e+11	7.191438287658e+03
2.596340323358e+11	7.195239047810e+03
2.600935642730e+11	7.199039807962e+03
2.605536047640e+11	7.202840568114e+03
2.610141539693e+11	7.206641328266e+03
2.614752120491e+11	7.210442088418e+03
2.619367791634e+11	7.214242848570e+03
2.623988554720e+11	7.218043608722e+03
2.628614411345e+11	7.221844368874e+03
2.633245363100e+11	7.225645129026e+03
2.637881411576e+11	7.229445889178e+03
2.642522558361e+11	7.233246649330e+03
2.647168805040e+11	7.237047409482e+03
2.651820153197e+11	7.240848169634e+03
2.656476604411e+11	7.244648929786e+03
2.661138160260e+11	7.248449689938e+03
2.665804822320e+11	7.252250450090e+03
2.670476592165e+11	7.256051210242e+03
2.675153471364e+11	7.259851970394e+03
2.679835461486e+11	7.263652730546e+03
2.684522564097e+11	7.267453490698e+03
2.689214780760e+11	7.271254250850e+03
2.693912113036e+11	7.275055011002e+03
2.698614562484e+11	7.278855771154e+03
2.703322130658e+11	7.282656531306e+03
2.708034819114e+11	7.286457291458e+03
2.712752629402e+11	7.290258051610e+03
2.717475563071e+11	7.294058811762e+03
2.722203621667e+11	7.297859571914e+03
2.726936806733e+11	7.301660332066e+03
2.731675119812e+11	7.305461092218e+03
2.736418562443e+11	7.309261852370e+03
2.741167136161e+11	7.313062612523e+03
2.745920842501e+11	7.316863372675e+03
2.750679682995e+11	7.320664132827e+03
2.755443659172e+11	7.324464892979e+03
2.760212772559e+11	7.328265653131e+03
2.764987024680e+11	7.332066413283e+03
2.769766417057e+11	7.335867173435e+03
2.774550951210e+11	7.339667933587e+03
2.779340628657e+11	7.343468693739e+03
2.784135450911e+11	7.347269453891e+03
2.788935419485e+11	7.351070214043e+03
2.793740535890e+11	7.354870974195e+03
2.798550801633e+11	7.358671734347e+03
2.803366218218e+11	7.362472494499e+03
2.808186787148e+11	7.366273254651e+03
2.813012509925e+11	7.370074014803e+03
2.817843388045e+11	7.373874774955e+03
2.822679423005e+11	7.377675535107e+03
2.827520616297e+11	7.381476295259e+03
2.832366969412e+11	7.385277055411e+03
2.837218483838e+11	7.389077815563e+03
2.842075161061e+11	7.392878575715e+03
2.846937002565e+11	7.396679335867e+03
2.851804009831e+11	7.400480096019e+03
2.856676184338e+11	7.404280856171e+03
2.861553527561e+11	7.408081616323e+03
2.866436040975e+11	7.411882376475e+03
2.871323726051e+11	7.415683136627e+03
2.876216584259e+11	7.419483896779e+03
2.881114617064e+11	7.423284656931e+03
2.886017825932e+11	7.427085417083e+03
2.890926212325e+11	7.430886177235e+03
2.895839777701e+11	7.434686937387e+03
2.900758523519e+11	7.438487697540e+03
2.905682451232e+11	7.442288457692e+03
2.910611562295e+11	7.446089217844e+03
2.915545858155e+11	7.449889977996e+03
2.920485340262e+11	7.453690738148e+03
2.925430010061e+11	7.457491498300e+03
2.930379868993e+11	7.461292258452e+03
2.935334918501e+11	7.465093018604e+03
2.940295160022e+11	7.468893778756e+03
2.945260594992e+11	7.472694538908e+03
2.950231224845e+11	7.476495299060e+03
2.955207051011e+11	7.480296059212e+03
2.960188074919e+11	7.484096819364e+03
2.965174297996e+11	7.487897579516e+03
2.970165721665e+11	7.491698339668e+03
2.975162347349e+11	7.495499099820e+03
2.980164176466e+11	7.499299859972e+03
2.985171210433e+11	7.503100620124e+03
2.990183450666e+11	7.506901380276e+03
2.995200898575e+11	7.510702140428e+03
3.000223555571e+11	7.514502900580e+03
3.005251423061e+11	7.518303660732e+03
3.010284502451e+11	7.522104420884e+03
3.015322795144e+11	7.525905181036e+03
3.020366302538e+11	7.529705941188e+03
3.025415026034e+11	7.533506701340e+03
3.030468967026e+11	7.537307461492e+03
3.035528126908e+11	7.541108221644e+03
3.040592507071e+11	7.544908981796e+03
3.045662108903e+11	7.548709741948e+03
3.050736933791e+11	7.552510502100e+03
3.055816983120e+11	7.556311262252e+03
3.060902258270e+11	7.560112022404e+03
3.065992760620e+11	7.563912782557e+03
3.071088491549e+11	7.567713542709e+03
3.076189452430e+11	7.571514302861e+03
3.081295644637e+11	7.575315063013e+03
3.086407069538e+11	7.579115823165e+03
3.091523728502e+11	7.582916583317e+03
3.096645622893e+11	7.586717343469e+03
3.101772754076e+11	7.590518103621e+03
3.106905123411e+11	7.594318863773e+03
3.112042732255e+11	7.598119623925e+03
3.117185581966e+11	7.601920384077e+03
3.122333673896e+11	7.605721144229e+03
3.127487009398e+11	7.609521904381e+03
3.132645589820e+11	7.613322664533e+03
3.137809416509e+11	7.617123424685e+03
3.142978490810e+11	7.620924184837e+03
3.148152814064e+11	7.624724944989e+03
3.153332387612e+11	7.628525705141e+03
3.158517212791e+11	7.632326465293e+03
3.163707290936e+11	7.636127225445e+03
3.168902623380e+11	7.639927985597e+03
3.174103211455e+11	7.643728745749e+03
3.179309056487e+11	7.647529505901e+03
3.184520159803e+11	7.651330266053e+03
3.189736522727e+11	7.655131026205e+03
3.194958146580e+11	7.658931786357e+03
3.200185032682e+11	7.662732546509e+03
3.205417182348e+11	7.666533306661e+03
3.210654596894e+11	7.670334066813e+03
3.215897277632e+11	7.674134826965e+03
3.221145225871e+11	7.677935587117e+03
3.226398442920e+11	7.681736347269e+03
3.231656930083e+11	7.685537107421e+03
3.236920688664e+11	7.689337867574e+03
3.242189719963e+11	7.693138627726e+03
3.247464025279e+11	7.696939387878e+03
3.252743605909e+11	7.700740148030e+03
3.258028463145e+11	7.704540908182e+03
3.263318598280e+11	7.708341668334e+03
3.268614012602e+11	7.712142428486e+03
3.273914707400e+11	7.715943188638e+03
3.279220683957e+11	7.719743948790e+03
3.284531943557e+11	7.723544708942e+03
3.289848487480e+11	7.727345469094e+03
3.295170317002e+11	7.731146229246e+03
3.300497433402e+11	7.734946989398e+03
3.305829837950e+11	7.738747749550e+03
3.311167531920e+11	7.742548509702e+03
3.316510516579e+11	7.746349269854e+03
3.321858793195e+11	7.750150030006e+03
3.327212363032e+11	7.753950790158e+03
3.332571227351e+11	7.757751550310e+03
3.337935387413e+11	7.761552310462e+03
3.343304844476e+11	7.765353070614e+03
3.348679599794e+11	7.769153830766e+03
3.354059654621e+11	7.772954590918e+03
3.359445010207e+11	7.776755351070e+03
3.364835667802e+11	7.780556111222e+03
3.370231628651e+11	7.784356871374e+03
3.375632893999e+11	7.788157631526e+03
3.381039465088e+11	7.791958391678e+03
3.386451343156e+11	7.795759151830e+03
3.391868529442e+11	7.799559911982e+03
3.397291025180e+11	7.803360672134e+03
3.402718831604e+11	7.807161432286e+03
3.408151949944e+11	7.810962192438e+03
3.413590381428e+11	7.814762952591e+03
3.419034127283e+11	7.818563712743e+03
3.424483188732e+11	7.822364472895e+03
3.429937566997e+11	7.826165233047e+03
3.435397263298e+11	7.829965993199e+03
3.440862278852e+11	7.833766753351e+03
3.446332614874e+11	7.837567513503e+03
3.451808272577e+11	7.841368273655e+03
3.457289253171e+11	7.845169033807e+03
3.462775557864e+11	7.848969793959e+03
3.468267187863e+11	7.852770554111e+03
3.473764144371e+11	7.856571314263e+03
3.479266428591e+11	7.860372074415e+03
3.484774041721e+11	7.864172834567e+03
3.490286984960e+11	7.867973594719e+03
3.495805259501e+11	7.871774354871e+03
3.501328866538e+11	7.875575115023e+03
3.506857807261e+11	7.879375875175e+03
3.512392082859e+11	7.883176635327e+03
3.517931694518e+11	7.886977395479e+03
3.523476643421e+11	7.890778155631e+03
3.529026930752e+11	7.894578915783e+03
3.534582557689e+11	7.898379675935e+03
3.540143525409e+11	7.902180436087e+03
3.545709835088e+11	7.905981196239e+03
3.551281487899e+11	7.909781956391e+03
3.556858485012e+11	7.913582716543e+03
3.562440827597e+11	7.917383476695e+03
3.568028516819e+11	7.921184236847e+03
3.573621553843e+11	7.924984996999e+03
3.579219939830e+11	7.928785757151e+03
3.584823675942e+11	7.932586517303e+03
3.590432763334e+11	7.936387277455e+03
3.596047203163e+11	7.940188037608e+03
3.601666996582e+11	7.943988797760e+03
3.607292144742e+11	7.947789557912e+03
3.612922648792e+11	7.951590318064e+03
3.618558509878e+11	7.955391078216e+03
3.624199729146e+11	7.959191838368e+03
3.629846307738e+11	7.962992598520e+03
3.635498246793e+11	7.966793358672e+03
3.641155547450e+11	7.970594118824e+03
3.646818210845e+11	7.974394878976e+03
3.652486238111e+11	7.978195639128e+03
3.658159630380e+11	7.981996399280e+03
3.663838388782e+11	7.985797159432e+03
3.669522514443e+11	7.989597919584e+03
3.675212008488e+11	7.993398679736e+03
3.680906872041e+11	7.997199439888e+03
3.686607106222e+11	8.001000200040e+03
3.692312712150e+11	8.004800960192e+03
3.698023690941e+11	8.008601720344e+03
3.703740043710e+11	8.012402480496e+03
3.709461771568e+11	8.016203240648e+03
3.715188875625e+11	8.020004000800e+03
3.720921356990e+11	8.023804760952e+03
3.726659216767e+11	8.027605521104e+03
3.732402456061e+11	8.031406281256e+03
3.738151075973e+11	8.035207041408e+03
3.743905077602e+11	8.039007801560e+03
3.749664462045e+11	8.042808561712e+03
3.755429230397e+11	8.046609321864e+03
3.761199383751e+11	8.050410082016e+03
3.766974923197e+11	8.054210842168e+03
3.772755849825e+11	8.058011602320e+03
3.778542164720e+11	8.061812362472e+03
3.784333868967e+11	8.065613122625e+03
3.790130963648e+11	8.069413882777e+03
3.795933449843e+11	8.073214642929e+03
3.801741328630e+11	8.077015403081e+03
3.807554601084e+11	8.080816163233e+03
3.813373268280e+11	8.084616923385e+03
3.819197331289e+11	8.088417683537e+03
3.825026791180e+11	8.092218443689e+03
3.830861649020e+11	8.096019203841e+03
3.836701905876e+11	8.099819963993e+03
3.842547562809e+11	8.103620724145e+03
3.848398620881e+11	8.107421484297e+03
3.854255081151e+11	8.111222244449e+03
3.860116944675e+11	8.115023004601e+03
3.865984212508e+11	8.118823764753e+03
3.871856885703e+11	8.122624524905e+03
3.877734965309e+11	8.126425285057e+03
3.883618452376e+11	8.130226045209e+03
3.889507347950e+11	8.134026805361e+03
3.895401653074e+11	8.137827565513e+03
3.901301368791e+11	8.141628325665e+03
3.907206496141e+11	8.145429085817e+03
3.913117036161e+11	8.149229845969e+03
3.919032989887e+11	8.153030606121e+03
3.924954358353e+11	8.156831366273e+03
3.930881142591e+11	8.160632126425e+03
3.936813343629e+11	8.164432886577e+03
3.942750962496e+11	8.168233646729e+03
3.948694000217e+11	8.172034406881e+03
3.954642457815e+11	8.175835167033e+03
3.960596336310e+11	8.179635927185e+03
3.966555636723e+11	8.183436687337e+03
3.972520360070e+11	8.187237447489e+03
3.978490507366e+11	8.191038207642e+03
3.984466079624e+11	8.194838967794e+03
3.990447077855e+11	8.198639727946e+03
3.996433503067e+11	8.202440488098e+03
4.002425356267e+11	8.206241248250e+03
4.008422638460e+11	8.210042008402e+03
4.014425350648e+11	8.213842768554e+03
4.020433493832e+11	8.217643528706e+03
4.026447069010e+11	8.221444288858e+03
4.032466077179e+11	8.225245049010e+03
4.038490519332e+11	8.229045809162e+03
4.044520396462e+11	8.232846569314e+03
4.050555709559e+11	8.236647329466e+03
4.056596459611e+11	8.240448089618e+03
4.062642647604e+11	8.244248849770e+03
4.068694274523e+11	8.248049609922e+03
4.074751341349e+11	8.251850370074e+03
4.080813849062e+11	8.255651130226e+03
4.086881798640e+11	8.259451890378e+03
4.092955191060e+11	8.263252650530e+03
4.099034027293e+11	8.267053410682e+03
4.105118308314e+11	8.270854170834e+03
4.111208035090e+11	8.274654930986e+03
4.117303208591e+11	8.278455691138e+03
4.123403829781e+11	8.282256451290e+03
4.129509899624e+11	8.286057211442e+03
4.135621419082e+11	8.289857971594e+03
4.141738389115e+11	8.293658731746e+03
4.147860810679e+11	8.297459491898e+03
4.153988684731e+11	8.301260252050e+03
4.160122012223e+11	8.305061012202e+03
4.166260794109e+11	8.308861772354e+03
4.172405031335e+11	8.312662532507e+03
4.178554724852e+11	8.316463292659e+03
4.184709875603e+11	8.320264052811e+03
4.190870484532e+11	8.324064812963e+03
4.197036552581e+11	8.327865573115e+03
4.203208080688e+11	8.331666333267e+03
4.209385069792e+11	8.335467093419e+03
4.215567520828e+11	8.339267853571e+03
4.221755434729e+11	8.343068613723e+03
4.227948812426e+11	8.346869373875e+03
4.234147654849e+11	8.350670134027e+03
4.240351962925e+11	8.354470894179e+03
4.246561737580e+11	8.358271654331e+03
4.252776979737e+11	8.362072414483e+03
4.258997690316e+11	8.365873174635e+03
4.265223870239e+11	8.369673934787e+03
4.271455520422e+11	8.373474694939e+03
4.277692641780e+11	8.377275455091e+03
4.283935235226e+11	8.381076215243e+03
4.290183301674e+11	8.384876975395e+03
4.296436842031e+11	8.388677735547e+03
4.302695857205e+11	8.392478495699e+03
4.308960348102e+11	8.396279255851e+03
4.315230315625e+11	8.400080016003e+03
4.321505760675e+11	8.403880776155e+03
4.327786684153e+11	8.407681536307e+03
4.334073086956e+11	8.411482296459e+03
4.340364969980e+11	8.415283056611e+03
4.346662334117e+11	8.419083816763e+03
4.352965180260e+11	8.422884576915e+03
4.359273509299e+11	8.426685337067e+03
4.365587322121e+11	8.430486097219e+03
4.371906619612e+11	8.434286857371e+03
4.378231402656e+11	8.438087617524e+03
4.384561672134e+11	8.441888377676e+03
4.390897428927e+11	8.445689137828e+03
4.397238673912e+11	8.449489897980e+03
4.403585407966e+11	8.453290658132e+03
4.409937631963e+11	8.457091418284e+03
4.416295346774e+11	8.460892178436e+03
4.422658553269e+11	8.464692938588e+03
4.429027252318e+11	8.468493698740e+03
4.435401444786e+11	8.472294458892e+03
4.441781131537e+11	8.476095219044e+03
4.448166313435e+11	8.479895979196e+03
4.454556991338e+11	8.483696739348e+03
4.460953166106e+11	8.487497499500e+03
4.467354838596e+11	8.491298259652e+03
4.473762009662e+11	8.495099019804e+03
4.480174680156e+11	8.498899779956e+03
4.486592850929e+11	8.502700540108e+03
4.493016522831e+11	8.506501300260e+03
4.499445696708e+11	8.510302060412e+03
4.505880373404e+11	8.514102820564e+03
4.512320553764e+11	8.517903580716e+03
4.518766238628e+11	8.521704340868e+03
4.525217428836e+11	8.525505101020e+03
4.531674125224e+11	8.529305861172e+03
4.538136328628e+11	8.533106621324e+03
4.544604039882e+11	8.536907381476e+03
4.551077259817e+11	8.540708141628e+03
4.557555989263e+11	8.544508901780e+03
4.564040229047e+11	8.548309661932e+03
4.570529979995e+11	8.552110422084e+03
4.577025242932e+11	8.555911182236e+03
4.583526018679e+11	8.559711942388e+03
4.590032308056e+11	8.563512702541e+03
4.596544111881e+11	8.567313462693e+03
4.603061430971e+11	8.571114222845e+03
4.609584266141e+11	8.574914982997e+03
4.616112618202e+11	8.578715743149e+03
4.622646487965e+11	8.582516503301e+03
4.629185876240e+11	8.586317263453e+03
4.635730783833e+11	8.590118023605e+03
4.642281211548e+11	8.593918783757e+03
4.648837160189e+11	8.597719543909e+03
4.655398630558e+11	8.601520304061e+03
4.661965623452e+11	8.605321064213e+03
4.668538139671e+11	8.609121824365e+03
4.675116180009e+11	8.612922584517e+03
4.681699745261e+11	8.616723344669e+03
4.688288836217e+11	8.620524104821e+03
4.694883453667e+11	8.624324864973e+03
4.701483598401e+11	8.628125625125e+03
4.708089271204e+11	8.631926385277e+03
4.714700472860e+11	8.635727145429e+03
4.721317204152e+11	8.639527905581e+03
4.727939465860e+11	8.643328665733e+03
4.734567258763e+11	8.647129425885e+03
4.741200583638e+11	8.650930186037e+03
4.747839441260e+11	8.654730946189e+03
4.754483832402e+11	8.658531706341e+03
4.761133757836e+11	8.662332466493e+03
4.767789218330e+11	8.666133226645e+03
4.774450214653e+11	8.669933986797e+03
4.781116747570e+11	8.673734746949e+03
4.787788817845e+11	8.677535507101e+03
4.794466426240e+11	8.681336267253e+03
4.801149573515e+11	8.685137027405e+03
4.807838260429e+11	8.688937787558e+03
4.814532487738e+11	8.692738547710e+03
4.821232256197e+11	8.696539307862e+03
4.827937566558e+11	8.700340068014e+03
4.834648419573e+11	8.704140828166e+03
4.841364815991e+11	8.707941588318e+03
4.848086756560e+11	8.711742348470e+03
4.854814242024e+11	8.715543108622e+03
4.861547273127e+11	8.719343868774e+03
4.868285850611e+11	8.723144628926e+03
4.875029975217e+11	8.726945389078e+03
4.881779647683e+11	8.730746149230e+03
4.888534868744e+11	8.734546909382e+03
4.895295639136e+11	8.738347669534e+03
4.902061959591e+11	8.742148429686e+03
4.908833830840e+11	8.745949189838e+03
4.915611253613e+11	8.749749949990e+03
4.922394228636e+11	8.753550710142e+03
4.929182756635e+11	8.757351470294e+03
4.935976838334e+11	8.761152230446e+03
4.942776474455e+11	8.764952990598e+03
4.949581665718e+11	8.768753750750e+03
4.956392412841e+11	8.772554510902e+03
4.963208716541e+11	8.776355271054e+03
4.970030577532e+11	8.780156031206e+03
4.976857996527e+11	8.783956791358e+03
4.983690974238e+11	8.787757551510e+03
4.990529511373e+11	8.791558311662e+03
4.997373608640e+11	8.795359071814e+03
5.004223266746e+11	8.799159831966e+03
5.011078486393e+11	8.802960592118e+03
5.017939268284e+11	8.806761352270e+03
5.024805613120e+11	8.810562112422e+03
5.031677521598e+11	8.814362872575e+03
5.038554994417e+11	8.818163632727e+03
5.045438032270e+11	8.821964392879e+03
5.052326635851e+11	8.825765153031e+03
5.059220805852e+11	8.829565913183e+03
5.066120542963e+11	8.833366673335e+03
5.073025847870e+11	8.837167433487e+03
5.079936721261e+11	8.840968193639e+03
5.086853163820e+11	8.844768953791e+03
5.093775176229e+11	8.848569713943e+03
5.100702759170e+11	8.852370474095e+03
5.107635913321e+11	8.856171234247e+03
5.114574639360e+11	8.859971994399e+03
5.121518937962e+11	8.863772754551e+03
5.128468809802e+11	8.867573514703e+03
5.135424255551e+11	8.871374274855e+03
5.142385275880e+11	8.875175035007e+03
5.149351871457e+11	8.878975795159e+03
5.156324042949e+11	8.882776555311e+03
5.163301791022e+11	8.886577315463e+03
5.170285116338e+11	8.890378075615e+03
5.177274019559e+11	8.894178835767e+03
5.184268501345e+11	8.897979595919e+03
5.191268562355e+11	8.901780356071e+03
5.198274203244e+11	8.905581116223e+03
5.205285424667e+11	8.909381876375e+03
5.212302227278e+11	8.913182636527e+03
5.219324611727e+11	8.916983396679e+03
5.226352578663e+11	8.920784156831e+03
5.233386128735e+11	8.924584916983e+03
5.240425262589e+11	8.928385677135e+03
5.247469980868e+11	8.932186437287e+03
5.254520284216e+11	8.935987197439e+03
5.261576173273e+11	8.939787957592e+03
5.268637648678e+11	8.943588717744e+03
5.275704711069e+11	8.947389477896e+03
5.282777361081e+11	8.951190238048e+03
5.289855599349e+11	8.954990998200e+03
5.296939426504e+11	8.958791758352e+03
5.304028843178e+11	8.962592518504e+03
5.311123849998e+11	8.966393278656e+03
5.318224447593e+11	8.970194038808e+03
5.325330636587e+11	8.973994798960e+03
5.332442417605e+11	8.977795559112e+03
5.339559791267e+11	8.981596319264e+03
5.346682758196e+11	8.985397079416e+03
5.353811319009e+11	8.989197839568e+03
5.360945474323e+11	8.992998599720e+03
5.368085224753e+11	8.996799359872e+03
5.375230570914e+11	9.000600120024e+03
5.382381513416e+11	9.004400880176e+03
5.389538052871e+11	9.008201640328e+03
5.396700189886e+11	9.012002400480e+03
5.403867925068e+11	9.015803160632e+03
5.411041259023e+11	9.019603920784e+03
5.418220192354e+11	9.023404680936e+03
5.425404725663e+11	9.027205441088e+03
5.432594859549e+11	9.031006201240e+03
5.439790594612e+11	9.034806961392e+03
5.446991931448e+11	9.038607721544e+03
5.454198870651e+11	9.042408481696e+03
5.461411412817e+11	9.046209241848e+03
5.468629558535e+11	9.050010002000e+03
5.475853308397e+11	9.053810762152e+03
5.483082662990e+11	9.057611522304e+03
5.490317622902e+11	9.061412282456e+03
5.497558188717e+11	9.065213042609e+03
5.504804361020e+11	9.069013802761e+03
5.512056140391e+11	9.072814562913e+03
5.519313527410e+11	9.076615323065e+03
5.526576522658e+11	9.080416083217e+03
5.533845126709e+11	9.084216843369e+03
5.541119340140e+11	9.088017603521e+03
5.548399163523e+11	9.091818363673e+03
5.555684597431e+11	9.095619123825e+03
5.562975642435e+11	9.099419883977e+03
5.570272299101e+11	9.103220644129e+03
5.577574567999e+11	9.107021404281e+03
5.584882449692e+11	9.110822164433e+03
5.592195944745e+11	9.114622924585e+03
5.599515053719e+11	9.118423684737e+03
5.606839777175e+11	9.122224444889e+03
5.614170115672e+11	9.126025205041e+03
5.621506069767e+11	9.129825965193e+03
5.628847640016e+11	9.133626725345e+03
5.636194826972e+11	9.137427485497e+03
5.643547631187e+11	9.141228245649e+03
5.650906053213e+11	9.145029005801e+03
5.658270093599e+11	9.148829765953e+03
5.665639752891e+11	9.152630526105e+03
5.673015031636e+11	9.156431286257e+03
5.680395930378e+11	9.160232046409e+03
5.687782449659e+11	9.164032806561e+03
5.695174590021e+11	9.167833566713e+03
5.702572352002e+11	9.171634326865e+03
5.709975736141e+11	9.175435087017e+03
5.717384742974e+11	9.179235847169e+03
5.724799373036e+11	9.183036607321e+03
5.732219626858e+11	9.186837367473e+03
5.739645504974e+11	9.190638127626e+03
5.747077007912e+11	9.194438887778e+03
5.754514136200e+11	9.198239647930e+03
5.761956890366e+11	9.202040408082e+03
5.769405270934e+11	9.205841168234e+03
5.776859278427e+11	9.209641928386e+03
5.784318913368e+11	9.213442688538e+03
5.791784176277e+11	9.217243448690e+03
5.799255067672e+11	9.221044208842e+03
5.806731588071e+11	9.224844968994e+03
5.814213737988e+11	9.228645729146e+03
5.821701517938e+11	9.232446489298e+03
5.829194928434e+11	9.236247249450e+03
5.836693969985e+11	9.240048009602e+03
5.844198643101e+11	9.243848769754e+03
5.851708948291e+11	9.247649529906e+03
5.859224886059e+11	9.251450290058e+03
5.866746456910e+11	9.255251050210e+03
5.874273661347e+11	9.259051810362e+03
5.881806499873e+11	9.262852570514e+03
5.889344972985e+11	9.266653330666e+03
5.896889081183e+11	9.270454090818e+03
5.904438824963e+11	9.274254850970e+03
5.911994204821e+11	9.278055611122e+03
5.919555221250e+11	9.281856371274e+03
5.927121874742e+11	9.285657131426e+03
5.934694165787e+11	9.289457891578e+03
5.942272094875e+11	9.293258651730e+03
5.949855662493e+11	9.297059411882e+03
5.957444869126e+11	9.300860172034e+03
5.965039715259e+11	9.304660932186e+03
5.972640201375e+11	9.308461692338e+03
5.980246327955e+11	9.312262452490e+03
5.987858095479e+11	9.316063212643e+03
5.995475504424e+11	9.319863972795e+03
6.003098555268e+11	9.323664732947e+03
6.010727248485e+11	9.327465493099e+03
6.018361584549e+11	9.331266253251e+03
6.026001563932e+11	9.335067013403e+03
6.033647187104e+11	9.338867773555e+03
6.041298454535e+11	9.342668533707e+03
6.048955366692e+11	9.346469293859e+03
6.056617924041e+11	9.350270054011e+03
6.064286127047e+11	9.354070814163e+03
6.071959976171e+11	9.357871574315e+03
6.079639471876e+11	9.361672334467e+03
6.087324614622e+11	9.365473094619e+03
6.095015404866e+11	9.369273854771e+03
6.102711843066e+11	9.373074614923e+03
6.110413929677e+11	9.376875375075e+03
6.118121665153e+11	9.380676135227e+03
6.125835049947e+11	9.384476895379e+03
6.133554084508e+11	9.388277655531e+03
6.141278769287e+11	9.392078415683e+03
6.149009104731e+11	9.395879175835e+03
6.156745091287e+11	9.399679935987e+03
6.164486729399e+11	9.403480696139e+03
6.172234019511e+11	9.407281456291e+03
6.179986962064e+11	9.411082216443e+03
6.187745557500e+11	9.414882976595e+03
6.195509806257e+11	9.418683736747e+03
6.203279708772e+11	9.422484496899e+03
6.211055265482e+11	9.426285257051e+03
6.218836476820e+11	9.430086017203e+03
6.226623343220e+11	9.433886777355e+03
6.234415865113e+11	9.437687537507e+03
6.242214042930e+11	9.441488297660e+03
6.250017877098e+11	9.445289057812e+03
6.257827368046e+11	9.449089817964e+03
6.265642516198e+11	9.452890578116e+03
6.273463321978e+11	9.456691338268e+03
6.281289785810e+11	9.460492098420e+03
6.289121908115e+11	9.464292858572e+03
6.296959689311e+11	9.468093618724e+03
6.304803129819e+11	9.471894378876e+03
6.312652230054e+11	9.475695139028e+03
6.320506990431e+11	9.479495899180e+03
6.328367411366e+11	9.483296659332e+03
6.336233493269e+11	9.487097419484e+03
6.344105236553e+11	9.490898179636e+03
6.351982641626e+11	9.494698939788e+03
6.359865708898e+11	9.498499699940e+03
6.367754438774e+11	9.502300460092e+03
6.375648831659e+11	9.506101220244e+03
6.383548887959e+11	9.509901980396e+03
6.391454608074e+11	9.513702740548e+03
6.399365992406e+11	9.517503500700e+03
6.407283041355e+11	9.521304260852e+03
6.415205755317e+11	9.525105021004e+03
6.423134134691e+11	9.528905781156e+03
6.431068179871e+11	9.532706541308e+03
6.439007891251e+11	9.536507301460e+03
6.446953269224e+11	9.540308061612e+03
6.454904314179e+11	9.544108821764e+03
6.462861026507e+11	9.547909581916e+03
6.470823406596e+11	9.551710342068e+03
6.478791454832e+11	9.555511102220e+03
6.486765171601e+11	9.559311862372e+03
6.494744557286e+11	9.563112622525e+03
6.502729612270e+11	9.566913382677e+03
6.510720336933e+11	9.570714142829e+03
6.518716731656e+11	9.574514902981e+03
6.526718796816e+11	9.578315663133e+03
6.534726532791e+11	9.582116423285e+03
6.542739939955e+11	9.585917183437e+03
6.550759018683e+11	9.589717943589e+03
6.558783769347e+11	9.593518703741e+03
6.566814192318e+11	9.597319463893e+03
6.574850287966e+11	9.601120224045e+03
6.582892056660e+11	9.604920984197e+03
6.590939498766e+11	9.608721744349e+03
6.598992614649e+11	9.612522504501e+03
6.607051404675e+11	9.616323264653e+03
6.615115869206e+11	9.620124024805e+03
6.623186008603e+11	9.623924784957e+03
6.631261823226e+11	9.627725545109e+03
6.639343313435e+11	9.631526305261e+03
6.647430479586e+11	9.635327065413e+03
6.655523322034e+11	9.639127825565e+03
6.663621841136e+11	9.642928585717e+03
6.671726037243e+11	9.646729345869e+03
6.679835910708e+11	9.650530106021e+03
6.687951461881e+11	9.654330866173e+03
6.696072691111e+11	9.658131626325e+03
6.704199598745e+11	9.661932386477e+03
6.712332185131e+11	9.665733146629e+03
6.720470450612e+11	9.669533906781e+03
6.728614395533e+11	9.673334666933e+03
6.736764020235e+11	9.677135427085e+03
6.744919325060e+11	9.680936187237e+03
6.753080310347e+11	9.684736947389e+03
6.761246976435e+11	9.688537707542e+03
6.769419323659e+11	9.692338467694e+03
6.777597352355e+11	9.696139227846e+03
6.785781062858e+11	9.699939987998e+03
6.793970455500e+11	9.703740748150e+03
6.802165530613e+11	9.707541508302e+03
6.810366288527e+11	9.711342268454e+03
6.818572729569e+11	9.715143028606e+03
6.826784854069e+11	9.718943788758e+03
6.835002662351e+11	9.722744548910e+03
6.843226154741e+11	9.726545309062e+03
6.851455331562e+11	9.730346069214e+03
6.859690193136e+11	9.734146829366e+03
6.867930739783e+11	9.737947589518e+03
6.876176971824e+11	9.741748349670e+03
6.884428889575e+11	9.745549109822e+03
6.892686493354e+11	9.749349869974e+03
6.900949783477e+11	9.753150630126e+03
6.909218760257e+11	9.756951390278e+03
6.917493424006e+11	9.760752150430e+03
6.925773775038e+11	9.764552910582e+03
6.934059813660e+11	9.768353670734e+03
6.942351540184e+11	9.772154430886e+03
6.950648954915e+11	9.775955191038e+03
6.958952058161e+11	9.779755951190e+03
6.967260850225e+11	9.783556711342e+03
6.975575331412e+11	9.787357471494e+03
6.983895502024e+11	9.791158231646e+03
6.992221362362e+11	9.794958991798e+03
7.000552912726e+11	9.798759751950e+03
7.008890153413e+11	9.802560512102e+03
7.017233084721e+11	9.806361272254e+03
7.025581706947e+11	9.810162032406e+03
7.033936020383e+11	9.813962792559e+03
7.042296025324e+11	9.817763552711e+03
7.050661722062e+11	9.821564312863e+03
7.059033110887e+11	9.825365073015e+03
7.067410192088e+11	9.829165833167e+03
7.075792965953e+11	9.832966593319e+03
7.084181432770e+11	9.836767353471e+03
7.092575592823e+11	9.840568113623e+03
7.100975446398e+11	9.844368873775e+03
7.109380993776e+11	9.848169633927e+03
7.117792235240e+11	9.851970394079e+03
7.126209171070e+11	9.855771154231e+03
7.134631801544e+11	9.859571914383e+03
7.143060126942e+11	9.863372674535e+03
7.151494147539e+11	9.867173434687e+03
7.159933863611e+11	9.870974194839e+03
7.168379275432e+11	9.874774954991e+03
7.176830383275e+11	9.878575715143e+03
7.185287187411e+11	9.882376475295e+03
7.193749688110e+11	9.886177235447e+03
7.202217885642e+11	9.889977995599e+03
7.210691780274e+11	9.893778755751e+03
7.219171372273e+11	9.897579515903e+03
7.227656661904e+11	9.901380276055e+03
7.236147649430e+11	9.905181036207e+03
7.244644335116e+11	9.908981796359e+03
7.253146719222e+11	9.912782556511e+03
7.261654802009e+11	9.916583316663e+03
7.270168583735e+11	9.920384076815e+03
7.278688064659e+11	9.924184836967e+03
7.287213245037e+11	9.927985597119e+03
7.295744125124e+11	9.931786357271e+03
7.304280705174e+11	9.935587117423e+03
7.312822985441e+11	9.939387877576e+03
7.321370966175e+11	9.943188637728e+03
7.329924647628e+11	9.946989397880e+03
7.338484030049e+11	9.950790158032e+03
7.347049113684e+11	9.954590918184e+03
7.355619898782e+11	9.958391678336e+03
7.364196385588e+11	9.962192438488e+03
7.372778574345e+11	9.965993198640e+03
7.381366465297e+11	9.969793958792e+03
7.389960058686e+11	9.973594718944e+03
7.398559354753e+11	9.977395479096e+03
7.407164353736e+11	9.981196239248e+03
7.415775055874e+11	9.984996999400e+03
7.424391461405e+11	9.988797759552e+03
7.433013570563e+11	9.992598519704e+03
7.441641383583e+11	9.996399279856e+03
7.450274900700e+11	1.000020004001e+04
7.458914122144e+11	1.000400080016e+04
7.467559048148e+11	1.000780156031e+04
7.476209678940e+11	1.001160232046e+04
7.484866014749e+11	1.001540308062e+04
7.493528055803e+11	1.001920384077e+04
7.502195802329e+11	1.002300460092e+04
7.510869254550e+11	1.002680536107e+04
7.519548412691e+11	1.003060612122e+04
7.528233276974e+11	1.003440688138e+04
7.536923847621e+11	1.003820764153e+04
7.545620124852e+11	1.004200840168e+04
7.554322108887e+11	1.004580916183e+04
7.563029799942e+11	1.004960992198e+04
7.571743198236e+11	1.005341068214e+04
7.580462303983e+11	1.005721144229e+04
7.589187117397e+11	1.006101220244e+04
7.597917638693e+11	1.006481296259e+04
7.606653868082e+11	1.006861372274e+04
7.615395805774e+11	1.007241448290e+04
7.624143451981e+11	1.007621524305e+04
7.632896806909e+11	1.008001600320e+04
7.641655870767e+11	1.008381676335e+04
7.650420643760e+11	1.008761752350e+04
7.659191126095e+11	1.009141828366e+04
7.667967317974e+11	1.009521904381e+04
7.676749219600e+11	1.009901980396e+04
7.685536831176e+11	1.010282056411e+04
7.694330152901e+11	1.010662132426e+04
7.703129184974e+11	1.011042208442e+04
7.711933927595e+11	1.011422284457e+04
7.720744380959e+11	1.011802360472e+04
7.729560545263e+11	1.012182436487e+04
7.738382420701e+11	1.012562512503e+04
7.747210007468e+11	1.012942588518e+04
7.756043305754e+11	1.013322664533e+04
7.764882315752e+11	1.013702740548e+04
7.773727037653e+11	1.014082816563e+04
7.782577471643e+11	1.014462892579e+04
7.791433617913e+11	1.014842968594e+04
7.800295476648e+11	1.015223044609e+04
7.809163048033e+11	1.015603120624e+04
7.818036332255e+11	1.015983196639e+04
7.826915329495e+11	1.016363272655e+04
7.835800039937e+11	1.016743348670e+04
7.844690463760e+11	1.017123424685e+04
7.853586601146e+11	1.017503500700e+04
7.862488452273e+11	1.017883576715e+04
7.871396017319e+11	1.018263652731e+04
7.880309296460e+11	1.018643728746e+04
7.889228289873e+11	1.019023804761e+04
7.898152997731e+11	1.019403880776e+04
7.907083420208e+11	1.019783956791e+04
7.916019557476e+11	1.020164032807e+04
7.924961409706e+11	1.020544108822e+04
7.933908977068e+11	1.020924184837e+04
7.942862259731e+11	1.021304260852e+04
7.951821257863e+11	1.021684336867e+04
7.960785971631e+11	1.022064412883e+04
7.969756401200e+11	1.022444488898e+04
7.978732546734e+11	1.022824564913e+04
7.987714408398e+11	1.023204640928e+04
7.996701986353e+11	1.023584716943e+04
8.005695280761e+11	1.023964792959e+04
8.014694291781e+11	1.024344868974e+04
8.023699019574e+11	1.024724944989e+04
8.032709464296e+11	1.025105021004e+04
8.041725626106e+11	1.025485097019e+04
8.050747505157e+11	1.025865173035e+04
8.059775101606e+11	1.026245249050e+04
8.068808415607e+11	1.026625325065e+04
8.077847447310e+11	1.027005401080e+04
8.086892196869e+11	1.027385477095e+04
8.095942664434e+11	1.027765553111e+04
8.104998850153e+11	1.028145629126e+04
8.114060754176e+11	1.028525705141e+04
8.123128376649e+11	1.028905781156e+04
8.132201717719e+11	1.029285857171e+04
8.141280777531e+11	1.029665933187e+04
8.150365556228e+11	1.030046009202e+04
8.159456053955e+11	1.030426085217e+04
8.168552270852e+11	1.030806161232e+04
8.177654207061e+11	1.031186237247e+04
8.186761862721e+11	1.031566313263e+04
8.195875237972e+11	1.031946389278e+04
8.204994332951e+11	1.032326465293e+04
8.214119147795e+11	1.032706541308e+04
8.223249682639e+11	1.033086617323e+04
8.232385937617e+11	1.033466693339e+04
8.241527912865e+11	1.033846769354e+04
8.250675608513e+11	1.034226845369e+04
8.259829024694e+11	1.034606921384e+04
8.268988161538e+11	1.034986997399e+04
8.278153019174e+11	1.035367073415e+04
8.287323597731e+11	1.035747149430e+04
8.296499897336e+11	1.036127225445e+04
8.305681918115e+11	1.036507301460e+04
8.314869660194e+11	1.036887377475e+04
8.324063123697e+11	1.037267453491e+04
8.333262308746e+11	1.037647529506e+04
8.342467215465e+11	1.038027605521e+04
8.351677843975e+11	1.038407681536e+04
8.360894194395e+11	1.038787757552e+04
8.370116266844e+11	1.039167833567e+04
8.379344061442e+11	1.039547909582e+04
8.388577578305e+11	1.039927985597e+04
8.397816817548e+11	1.040308061612e+04
8.407061779288e+11	1.040688137628e+04
8.416312463638e+11	1.041068213643e+04
8.425568870712e+11	1.041448289658e+04
8.434831000620e+11	1.041828365673e+04
8.444098853476e+11	1.042208441688e+04
8.453372429387e+11	1.042588517704e+04
8.462651728465e+11	1.042968593719e+04
8.471936750815e+11	1.043348669734e+04
8.481227496547e+11	1.043728745749e+04
8.490523965765e+11	1.044108821764e+04
8.499826158575e+11	1.044488897780e+04
8.509134075081e+11	1.044868973795e+04
8.518447715386e+11	1.045249049810e+04
8.527767079593e+11	1.045629125825e+04
8.537092167801e+11	1.046009201840e+04
8.546422980112e+11	1.046389277856e+04
8.555759516624e+11	1.046769353871e+04
8.565101777436e+11	1.047149429886e+04
8.574449762645e+11	1.047529505901e+04
8.583803472347e+11	1.047909581916e+04
8.593162906638e+11	1.048289657932e+04
8.602528065611e+11	1.048669733947e+04
8.611898949360e+11	1.049049809962e+04
8.621275557977e+11	1.049429885977e+04
8.630657891554e+11	1.049809961992e+04
8.640045950181e+11	1.050190038008e+04
8.649439733947e+11	1.050570114023e+04
8.658839242941e+11	1.050950190038e+04
8.668244477251e+11	1.051330266053e+04
8.677655436963e+11	1.051710342068e+04
8.687072122162e+11	1.052090418084e+04
8.696494532933e+11	1.052470494099e+04
8.705922669361e+11	1.052850570114e+04
8.715356531526e+11	1.053230646129e+04
8.724796119513e+11	1.053610722144e+04
8.734241433400e+11	1.053990798160e+04
8.743692473268e+11	1.054370874175e+04
8.753149239197e+11	1.054750950190e+04
8.762611731263e+11	1.055131026205e+04
8.772079949544e+11	1.055511102220e+04
8.781553894117e+11	1.055891178236e+04
8.791033565055e+11	1.056271254251e+04
8.800518962435e+11	1.056651330266e+04
8.810010086328e+11	1.057031406281e+04
8.819506936807e+11	1.057411482296e+04
8.829009513943e+11	1.057791558312e+04
8.838517817808e+11	1.058171634327e+04
8.848031848471e+11	1.058551710342e+04
8.857551605999e+11	1.058931786357e+04
8.867077090462e+11	1.059311862372e+04
8.876608301926e+11	1.059691938388e+04
8.886145240456e+11	1.060072014403e+04
8.895687906118e+11	1.060452090418e+04
8.905236298975e+11	1.060832166433e+04
8.914790419091e+11	1.061212242448e+04
8.924350266529e+11	1.061592318464e+04
8.933915841348e+11	1.061972394479e+04
8.943487143611e+11	1.062352470494e+04
8.953064173375e+11	1.062732546509e+04
8.962646930700e+11	1.063112622525e+04
8.972235415644e+11	1.063492698540e+04
8.981829628263e+11	1.063872774555e+04
8.991429568612e+11	1.064252850570e+04
9.001035236748e+11	1.064632926585e+04
9.010646632723e+11	1.065013002601e+04
9.020263756592e+11	1.065393078616e+04
9.029886608407e+11	1.065773154631e+04
9.039515188218e+11	1.066153230646e+04
9.049149496076e+11	1.066533306661e+04
9.058789532031e+11	1.066913382677e+04
9.068435296132e+11	1.067293458692e+04
9.078086788426e+11	1.067673534707e+04
9.087744008960e+11	1.068053610722e+04
9.097406957781e+11	1.068433686737e+04
9.107075634934e+11	1.068813762753e+04
9.116750040462e+11	1.069193838768e+04
9.126430174409e+11	1.069573914783e+04
9.136116036818e+11	1.069953990798e+04
9.145807627731e+11	1.070334066813e+04
9.155504947187e+11	1.070714142829e+04
9.165207995228e+11	1.071094218844e+04
9.174916771892e+11	1.071474294859e+04
9.184631277217e+11	1.071854370874e+04
9.194351511241e+11	1.072234446889e+04
9.204077474000e+11	1.072614522905e+04
9.213809165530e+11	1.072994598920e+04
9.223546585865e+11	1.073374674935e+04
9.233289735039e+11	1.073754750950e+04
9.243038613086e+11	1.074134826965e+04
9.252793220037e+11	1.074514902981e+04
9.262553555923e+11	1.074894978996e+04
9.272319620776e+11	1.075275055011e+04
9.282091414624e+11	1.075655131026e+04
9.291868937497e+11	1.076035207041e+04
9.301652189423e+11	1.076415283057e+04
9.311441170427e+11	1.076795359072e+04
9.321235880538e+11	1.077175435087e+04
9.331036319779e+11	1.077555511102e+04
9.340842488176e+11	1.077935587117e+04
9.350654385752e+11	1.078315663133e+04
9.360472012530e+11	1.078695739148e+04
9.370295368532e+11	1.079075815163e+04
9.380124453780e+11	1.079455891178e+04
9.389959268293e+11	1.079835967193e+04
9.399799812091e+11	1.080216043209e+04
9.409646085194e+11	1.080596119224e+04
9.419498087617e+11	1.080976195239e+04
9.429355819380e+11	1.081356271254e+04
9.439219280497e+11	1.081736347269e+04
9.449088470985e+11	1.082116423285e+04
9.458963390858e+11	1.082496499300e+04
9.468844040129e+11	1.082876575315e+04
9.478730418812e+11	1.083256651330e+04
9.488622526919e+11	1.083636727345e+04
9.498520364461e+11	1.084016803361e+04
9.508423931449e+11	1.084396879376e+04
9.518333227891e+11	1.084776955391e+04
9.528248253798e+11	1.085157031406e+04
9.538169009177e+11	1.085537107421e+04
9.548095494036e+11	1.085917183437e+04
9.558027708380e+11	1.086297259452e+04
9.567965652217e+11	1.086677335467e+04
9.577909325549e+11	1.087057411482e+04
9.587858728383e+11	1.087437487497e+04
9.597813860720e+11	1.087817563513e+04
9.607774722563e+11	1.088197639528e+04
9.617741313915e+11	1.088577715543e+04
9.627713634775e+11	1.088957791558e+04
9.637691685145e+11	1.089337867574e+04
9.647675465023e+11	1.089717943589e+04
9.657664974407e+11	1.090098019604e+04
9.667660213297e+11	1.090478095619e+04
9.677661181688e+11	1.090858171634e+04
9.687667879577e+11	1.091238247650e+04
9.697680306959e+11	1.091618323665e+04
9.707698463828e+11	1.091998399680e+04
9.717722350180e+11	1.092378475695e+04
9.727751966006e+11	1.092758551710e+04
9.737787311300e+11	1.093138627726e+04
9.747828386052e+11	1.093518703741e+04
9.757875190253e+11	1.093898779756e+04
9.767927723894e+11	1.094278855771e+04
9.777985986963e+11	1.094658931786e+04
9.788049979450e+11	1.095039007802e+04
9.798119701341e+11	1.095419083817e+04
9.808195152624e+11	1.095799159832e+04
9.818276333285e+11	1.096179235847e+04
9.828363243310e+11	1.096559311862e+04
9.838455882682e+11	1.096939387878e+04
9.848554251387e+11	1.097319463893e+04
9.858658349406e+11	1.097699539908e+04
9.868768176723e+11	1.098079615923e+04
9.878883733319e+11	1.098459691938e+04
9.889005019176e+11	1.098839767954e+04
9.899132034272e+11	1.099219843969e+04
9.909264778589e+11	1.099599919984e+04
9.919403252104e+11	1.099979995999e+04
9.929547454795e+11	1.100360072014e+04
9.939697386640e+11	1.100740148030e+04
9.949853047615e+11	1.101120224045e+04
9.960014437695e+11	1.101500300060e+04
9.970181556857e+11	1.101880376075e+04
9.980354405073e+11	1.102260452090e+04
9.990532982318e+11	1.102640528106e+04
1.000071728856e+12	1.103020604121e+04
1.001090732378e+12	1.103400680136e+04
1.002110308795e+12	1.103780756151e+04
1.003130458103e+12	1.104160832166e+04
1.004151180300e+12	1.104540908182e+04
1.005172475382e+12	1.104920984197e+04
1.006194343346e+12	1.105301060212e+04
1.007216784189e+12	1.105681136227e+04
1.008239797908e+12	1.106061212242e+04
1.009263384500e+12	1.106441288258e+04
1.010287543961e+12	1.106821364273e+04
1.011312276287e+12	1.107201440288e+04
1.012337581475e+12	1.107581516303e+04
1.013363459521e+12	1.107961592318e+04
1.014389910421e+12	1.108341668334e+04
1.015416934173e+12	1.108721744349e+04
1.016444530771e+12	1.109101820364e+04
1.017472700212e+12	1.109481896379e+04
1.018501442492e+12	1.109861972394e+04
1.019530757607e+12	1.110242048410e+04
1.020560645552e+12	1.110622124425e+04
1.021591106325e+12	1.111002200440e+04
1.022622139919e+12	1.111382276455e+04
1.023653746331e+12	1.111762352470e+04
1.024685925556e+12	1.112142428486e+04
1.025718677591e+12	1.112522504501e+04
1.026752002430e+12	1.112902580516e+04
1.027785900068e+12	1.113282656531e+04
1.028820370502e+12	1.113662732547e+04
1.029855413726e+12	1.114042808562e+04
1.030891029736e+12	1.114422884577e+04
1.031927218526e+12	1.114802960592e+04
1.032963980091e+12	1.115183036607e+04
1.034001314428e+12	1.115563112623e+04
1.035039221529e+12	1.115943188638e+04
1.036077701391e+12	1.116323264653e+04
1.037116754008e+12	1.116703340668e+04
1.038156379375e+12	1.117083416683e+04
1.039196577487e+12	1.117463492699e+04
1.040237348337e+12	1.117843568714e+04
1.041278691921e+12	1.118223644729e+04
1.042320608232e+12	1.118603720744e+04
1.043363097266e+12	1.118983796759e+04
1.044406159017e+12	1.119363872775e+04
1.045449793478e+12	1.119743948790e+04
1.046494000644e+12	1.120124024805e+04
1.047538780509e+12	1.120504100820e+04
1.048584133068e+12	1.120884176835e+04
1.049630058313e+12	1.121264252851e+04
1.050676556240e+12	1.121644328866e+04
1.051723626841e+12	1.122024404881e+04
1.052771270111e+12	1.122404480896e+04
1.053819486044e+12	1.122784556911e+04
1.054868274632e+12	1.123164632927e+04
1.055917635870e+12	1.123544708942e+04
1.056967569751e+12	1.123924784957e+04
1.058018076269e+12	1.124304860972e+04
1.059069155416e+12	1.124684936987e+04
1.060120807187e+12	1.125065013003e+04
1.061173031575e+12	1.125445089018e+04
1.062225828572e+12	1.125825165033e+04
1.063279198172e+12	1.126205241048e+04
1.064333140368e+12	1.126585317063e+04
1.065387655153e+12	1.126965393079e+04
1.066442742520e+12	1.127345469094e+04
1.067498402462e+12	1.127725545109e+04
1.068554634972e+12	1.128105621124e+04
1.069611440042e+12	1.128485697139e+04
1.070668817665e+12	1.128865773155e+04
1.071726767834e+12	1.129245849170e+04
1.072785290542e+12	1.129625925185e+04
1.073844385780e+12	1.130006001200e+04
1.074904053542e+12	1.130386077215e+04
1.075964293819e+12	1.130766153231e+04
1.077025106605e+12	1.131146229246e+04
1.078086491891e+12	1.131526305261e+04
1.079148449670e+12	1.131906381276e+04
1.080210979933e+12	1.132286457291e+04
1.081274082674e+12	1.132666533307e+04
1.082337757883e+12	1.133046609322e+04
1.083402005553e+12	1.133426685337e+04
1.084466825676e+12	1.133806761352e+04
1.085532218243e+12	1.134186837367e+04
1.086598183247e+12	1.134566913383e+04
1.087664720680e+12	1.134946989398e+04
1.088731830532e+12	1.135327065413e+04
1.089799512795e+12	1.135707141428e+04
1.090867767462e+12	1.136087217443e+04
1.091936594523e+12	1.136467293459e+04
1.093005993970e+12	1.136847369474e+04
1.094075965795e+12	1.137227445489e+04
1.095146509988e+12	1.137607521504e+04
1.096217626542e+12	1.137987597520e+04
1.097289315446e+12	1.138367673535e+04
1.098361576693e+12	1.138747749550e+04
1.099434410274e+12	1.139127825565e+04
1.100507816179e+12	1.139507901580e+04
1.101581794399e+12	1.139887977596e+04
1.102656344926e+12	1.140268053611e+04
1.103731467750e+12	1.140648129626e+04
1.104807162862e+12	1.141028205641e+04
1.105883430253e+12	1.141408281656e+04
1.106960269914e+12	1.141788357672e+04
1.108037681835e+12	1.142168433687e+04
1.109115666007e+12	1.142548509702e+04
1.110194222420e+12	1.142928585717e+04
1.111273351064e+12	1.143308661732e+04
1.112353051931e+12	1.143688737748e+04
1.113433325011e+12	1.144068813763e+04
1.114514170293e+12	1.144448889778e+04
1.115595587769e+12	1.144828965793e+04
1.116677577428e+12	1.145209041808e+04
1.117760139260e+12	1.145589117824e+04
1.118843273256e+12	1.145969193839e+04
1.119926979406e+12	1.146349269854e+04
1.121011257699e+12	1.146729345869e+04
1.122096108126e+12	1.147109421884e+04
1.123181530676e+12	1.147489497900e+04
1.124267525339e+12	1.147869573915e+04
1.125354092106e+12	1.148249649930e+04
1.126441230965e+12	1.148629725945e+04
1.127528941906e+12	1.149009801960e+04
1.128617224919e+12	1.149389877976e+04
1.129706079994e+12	1.149769953991e+04
1.130795507120e+12	1.150150030006e+04
1.131885506286e+12	1.150530106021e+04
1.132976077482e+12	1.150910182036e+04
1.134067220697e+12	1.151290258052e+04
1.135158935921e+12	1.151670334067e+04
1.136251223143e+12	1.152050410082e+04
1.137344082351e+12	1.152430486097e+04
1.138437513535e+12	1.152810562112e+04
1.139531516685e+12	1.153190638128e+04
1.140626091788e+12	1.153570714143e+04
1.141721238835e+12	1.153950790158e+04
1.142816957813e+12	1.154330866173e+04
1.143913248713e+12	1.154710942188e+04
1.145010111522e+12	1.155091018204e+04
1.146107546230e+12	1.155471094219e+04
1.147205552825e+12	1.155851170234e+04
1.148304131296e+12	1.156231246249e+04
1.149403281632e+12	1.156611322264e+04
1.150503003820e+12	1.156991398280e+04
1.151603297850e+12	1.157371474295e+04
1.152704163710e+12	1.157751550310e+04
1.153805601389e+12	1.158131626325e+04
1.154907610875e+12	1.158511702340e+04
1.156010192156e+12	1.158891778356e+04
1.157113345220e+12	1.159271854371e+04
1.158217070056e+12	1.159651930386e+04
1.159321366652e+12	1.160032006401e+04
1.160426234996e+12	1.160412082416e+04
1.161531675076e+12	1.160792158432e+04
1.162637686880e+12	1.161172234447e+04
1.163744270396e+12	1.161552310462e+04
1.164851425612e+12	1.161932386477e+04
1.165959152516e+12	1.162312462492e+04
1.167067451096e+12	1.162692538508e+04
1.168176321339e+12	1.163072614523e+04
1.169285763234e+12	1.163452690538e+04
1.170395776767e+12	1.163832766553e+04
1.171506361928e+12	1.164212842569e+04
1.172617518702e+12	1.164592918584e+04
1.173729247078e+12	1.164972994599e+04
1.174841547044e+12	1.165353070614e+04
1.175954418586e+12	1.165733146629e+04
1.177067861692e+12	1.166113222645e+04
1.178181876350e+12	1.166493298660e+04
1.179296462547e+12	1.166873374675e+04
1.180411620270e+12	1.167253450690e+04
1.181527349506e+12	1.167633526705e+04
1.182643650243e+12	1.168013602721e+04
1.183760522467e+12	1.168393678736e+04
1.184877966166e+12	1.168773754751e+04
1.185995981327e+12	1.169153830766e+04
1.187114567937e+12	1.169533906781e+04
1.188233725982e+12	1.169913982797e+04
1.189353455450e+12	1.170294058812e+04
1.190473756328e+12	1.170674134827e+04
1.191594628602e+12	1.171054210842e+04
1.192716072259e+12	1.171434286857e+04
1.193838087286e+12	1.171814362873e+04
1.194960673670e+12	1.172194438888e+04
1.196083831397e+12	1.172574514903e+04
1.197207560454e+12	1.172954590918e+04
1.198331860827e+12	1.173334666933e+04
1.199456732503e+12	1.173714742949e+04
1.200582175468e+12	1.174094818964e+04
1.201708189709e+12	1.174474894979e+04
1.202834775212e+12	1.174854970994e+04
1.203961931964e+12	1.175235047009e+04
1.205089659951e+12	1.175615123025e+04
1.206217959158e+12	1.175995199040e+04
1.207346829573e+12	1.176375275055e+04
1.208476271182e+12	1.176755351070e+04
1.209606283970e+12	1.177135427085e+04
1.210736867923e+12	1.177515503101e+04
1.211868023029e+12	1.177895579116e+04
1.212999749272e+12	1.178275655131e+04
1.214132046639e+12	1.178655731146e+04
1.215264915115e+12	1.179035807161e+04
1.216398354687e+12	1.179415883177e+04
1.217532365340e+12	1.179795959192e+04
1.218666947061e+12	1.180176035207e+04
1.219802099834e+12	1.180556111222e+04
1.220937823646e+12	1.180936187237e+04
1.222074118482e+12	1.181316263253e+04
1.223210984329e+12	1.181696339268e+04
1.224348421170e+12	1.182076415283e+04
1.225486428993e+12	1.182456491298e+04
1.226625007782e+12	1.182836567313e+04
1.227764157524e+12	1.183216643329e+04
1.228903878203e+12	1.183596719344e+04
1.230044169805e+12	1.183976795359e+04
1.231185032315e+12	1.184356871374e+04
1.232326465719e+12	1.184736947389e+04
1.233468470001e+12	1.185117023405e+04
1.234611045148e+12	1.185497099420e+04
1.235754191144e+12	1.185877175435e+04
1.236897907975e+12	1.186257251450e+04
1.238042195625e+12	1.186637327465e+04
1.239187054080e+12	1.187017403481e+04
1.240332483324e+12	1.187397479496e+04
1.241478483344e+12	1.187777555511e+04
1.242625054123e+12	1.188157631526e+04
1.243772195646e+12	1.188537707542e+04
1.244919907900e+12	1.188917783557e+04
1.246068190867e+12	1.189297859572e+04
1.247217044534e+12	1.189677935587e+04
1.248366468886e+12	1.190058011602e+04
1.249516463905e+12	1.190438087618e+04
1.250667029579e+12	1.190818163633e+04
1.251818165890e+12	1.191198239648e+04
1.252969872825e+12	1.191578315663e+04
1.254122150366e+12	1.191958391678e+04
1.255274998500e+12	1.192338467694e+04
1.256428417210e+12	1.192718543709e+04
1.257582406482e+12	1.193098619724e+04
1.258736966298e+12	1.193478695739e+04
1.259892096645e+12	1.193858771754e+04
1.261047797506e+12	1.194238847770e+04
1.262204068866e+12	1.194618923785e+04
1.263360910708e+12	1.194998999800e+04
1.264518323018e+12	1.195379075815e+04
1.265676305779e+12	1.195759151830e+04
1.266834858976e+12	1.196139227846e+04
1.267993982593e+12	1.196519303861e+04
1.269153676614e+12	1.196899379876e+04
1.270313941023e+12	1.197279455891e+04
1.271474775805e+12	1.197659531906e+04
1.272636180942e+12	1.198039607922e+04
1.273798156420e+12	1.198419683937e+04
1.274960702222e+12	1.198799759952e+04
1.276123818333e+12	1.199179835967e+04
1.277287504735e+12	1.199559911982e+04
1.278451761414e+12	1.199939987998e+04
1.279616588352e+12	1.200320064013e+04
1.280781985534e+12	1.200700140028e+04
1.281947952943e+12	1.201080216043e+04
1.283114490563e+12	1.201460292058e+04
1.284281598379e+12	1.201840368074e+04
1.285449276372e+12	1.202220444089e+04
1.286617524528e+12	1.202600520104e+04
1.287786342830e+12	1.202980596119e+04
1.288955731261e+12	1.203360672134e+04
1.290125689805e+12	1.203740748150e+04
1.291296218445e+12	1.204120824165e+04
1.292467317166e+12	1.204500900180e+04
1.293638985950e+12	1.204880976195e+04
1.294811224780e+12	1.205261052210e+04
1.295984033641e+12	1.205641128226e+04
1.297157412515e+12	1.206021204241e+04
1.298331361386e+12	1.206401280256e+04
1.299505880238e+12	1.206781356271e+04
1.300680969053e+12	1.207161432286e+04
1.301856627814e+12	1.207541508302e+04
1.303032856506e+12	1.207921584317e+04
1.304209655110e+12	1.208301660332e+04
1.305387023611e+12	1.208681736347e+04
1.306564961991e+12	1.209061812362e+04
1.307743470233e+12	1.209441888378e+04
1.308922548321e+12	1.209821964393e+04
1.310102196238e+12	1.210202040408e+04
1.311282413966e+12	1.210582116423e+04
1.312463201489e+12	1.210962192438e+04
1.313644558789e+12	1.211342268454e+04
1.314826485849e+12	1.211722344469e+04
1.316008982653e+12	1.212102420484e+04
1.317192049182e+12	1.212482496499e+04
1.318375685421e+12	1.212862572515e+04
1.319559891351e+12	1.213242648530e+04
1.320744666956e+12	1.213622724545e+04
1.321930012218e+12	1.214002800560e+04
1.323115927121e+12	1.214382876575e+04
1.324302411645e+12	1.214762952591e+04
1.325489465775e+12	1.215143028606e+04
1.326677089493e+12	1.215523104621e+04
1.327865282782e+12	1.215903180636e+04
1.329054045623e+12	1.216283256651e+04
1.330243378001e+12	1.216663332667e+04
1.331433279896e+12	1.217043408682e+04
1.332623751293e+12	1.217423484697e+04
1.333814792172e+12	1.217803560712e+04
1.335006402517e+12	1.218183636727e+04
1.336198582310e+12	1.218563712743e+04
1.337391331533e+12	1.218943788758e+04
1.338584650170e+12	1.219323864773e+04
1.339778538201e+12	1.219703940788e+04
1.340972995610e+12	1.220084016803e+04
1.342168022379e+12	1.220464092819e+04
1.343363618489e+12	1.220844168834e+04
1.344559783924e+12	1.221224244849e+04
1.345756518665e+12	1.221604320864e+04
1.346953822695e+12	1.221984396879e+04
1.348151695996e+12	1.222364472895e+04
1.349350138550e+12	1.222744548910e+04
1.350549150338e+12	1.223124624925e+04
1.351748731344e+12	1.223504700940e+04
1.352948881549e+12	1.223884776955e+04
1.354149600936e+12	1.224264852971e+04
1.355350889485e+12	1.224644928986e+04
1.356552747180e+12	1.225025005001e+04
1.357755174003e+12	1.225405081016e+04
1.358958169934e+12	1.225785157031e+04
1.360161734956e+12	1.226165233047e+04
1.361365869052e+12	1.226545309062e+04
1.362570572202e+12	1.226925385077e+04
1.363775844389e+12	1.227305461092e+04
1.364981685595e+12	1.227685537107e+04
1.366188095801e+12	1.228065613123e+04
1.367395074989e+12	1.228445689138e+04
1.368602623141e+12	1.228825765153e+04
1.369810740238e+12	1.229205841168e+04
1.371019426263e+12	1.229585917183e+04
1.372228681197e+12	1.229965993199e+04
1.373438505022e+12	1.230346069214e+04
1.374648897719e+12	1.230726145229e+04
1.375859859271e+12	1.231106221244e+04
1.377071389657e+12	1.231486297259e+04
1.378283488861e+12	1.231866373275e+04
1.379496156864e+12	1.232246449290e+04
1.380709393647e+12	1.232626525305e+04
1.381923199192e+12	1.233006601320e+04
1.383137573480e+12	1.233386677335e+04
1.384352516493e+12	1.233766753351e+04
1.385568028213e+12	1.234146829366e+04
1.386784108620e+12	1.234526905381e+04
1.388000757696e+12	1.234906981396e+04
1.389217975423e+12	1.235287057411e+04
1.390435761781e+12	1.235667133427e+04
1.391654116753e+12	1.236047209442e+04
1.392873040320e+12	1.236427285457e+04
1.394092532462e+12	1.236807361472e+04
1.395312593162e+12	1.237187437487e+04
1.396533222400e+12	1.237567513503e+04
1.397754420158e+12	1.237947589518e+04
1.398976186417e+12	1.238327665533e+04
1.400198521158e+12	1.238707741548e+04
1.401421424363e+12	1.239087817564e+04
1.402644896012e+12	1.239467893579e+04
1.403868936087e+12	1.239847969594e+04
1.405093544569e+12	1.240228045609e+04
1.406318721439e+12	1.240608121624e+04
1.407544466678e+12	1.240988197640e+04
1.408770780268e+12	1.241368273655e+04
1.409997662189e+12	1.241748349670e+04
1.411225112422e+12	1.242128425685e+04
1.412453130948e+12	1.242508501700e+04
1.413681717750e+12	1.242888577716e+04
1.414910872806e+12	1.243268653731e+04
1.416140596099e+12	1.243648729746e+04
1.417370887610e+12	1.244028805761e+04
1.418601747319e+12	1.244408881776e+04
1.419833175207e+12	1.244788957792e+04
1.421065171256e+12	1.245169033807e+04
1.422297735445e+12	1.245549109822e+04
1.423530867757e+12	1.245929185837e+04
1.424764568171e+12	1.246309261852e+04
1.425998836670e+12	1.246689337868e+04
1.427233673233e+12	1.247069413883e+04
1.428469077841e+12	1.247449489898e+04
1.429705050476e+12	1.247829565913e+04
1.430941591118e+12	1.248209641928e+04
1.432178699747e+12	1.248589717944e+04
1.433416376345e+12	1.248969793959e+04
1.434654620892e+12	1.249349869974e+04
1.435893433370e+12	1.249729945989e+04
1.437132813758e+12	1.250110022004e+04
1.438372762038e+12	1.250490098020e+04
1.439613278189e+12	1.250870174035e+04
1.440854362194e+12	1.251250250050e+04
1.442096014032e+12	1.251630326065e+04
1.443338233684e+12	1.252010402080e+04
1.444581021131e+12	1.252390478096e+04
1.445824376353e+12	1.252770554111e+04
1.447068299331e+12	1.253150630126e+04
1.448312790046e+12	1.253530706141e+04
1.449557848478e+12	1.253910782156e+04
1.450803474608e+12	1.254290858172e+04
1.452049668415e+12	1.254670934187e+04
1.453296429882e+12	1.255051010202e+04
1.454543758988e+12	1.255431086217e+04
1.455791655713e+12	1.255811162232e+04
1.457040120039e+12	1.256191238248e+04
1.458289151946e+12	1.256571314263e+04
1.459538751414e+12	1.256951390278e+04
1.460788918424e+12	1.257331466293e+04
1.462039652955e+12	1.257711542308e+04
1.463290954990e+12	1.258091618324e+04
1.464542824507e+12	1.258471694339e+04
1.465795261488e+12	1.258851770354e+04
1.467048265912e+12	1.259231846369e+04
1.468301837761e+12	1.259611922384e+04
1.469555977014e+12	1.259991998400e+04
1.470810683652e+12	1.260372074415e+04
1.472065957655e+12	1.260752150430e+04
1.473321799004e+12	1.261132226445e+04
1.474578207679e+12	1.261512302460e+04
1.475835183660e+12	1.261892378476e+04
1.477092726928e+12	1.262272454491e+04
1.478350837462e+12	1.262652530506e+04
1.479609515244e+12	1.263032606521e+04
1.480868760253e+12	1.263412682537e+04
1.482128572470e+12	1.263792758552e+04
1.483388951874e+12	1.264172834567e+04
1.484649898447e+12	1.264552910582e+04
1.485911412168e+12	1.264932986597e+04
1.487173493018e+12	1.265313062613e+04
1.488436140977e+12	1.265693138628e+04
1.489699356025e+12	1.266073214643e+04
1.490963138142e+12	1.266453290658e+04
1.492227487308e+12	1.266833366673e+04
1.493492403504e+12	1.267213442689e+04
1.494757886710e+12	1.267593518704e+04
1.496023936906e+12	1.267973594719e+04
1.497290554071e+12	1.268353670734e+04
1.498557738188e+12	1.268733746749e+04
1.499825489234e+12	1.269113822765e+04
1.501093807191e+12	1.269493898780e+04
1.502362692039e+12	1.269873974795e+04
1.503632143757e+12	1.270254050810e+04
1.504902162326e+12	1.270634126825e+04
1.506172747726e+12	1.271014202841e+04
1.507443899937e+12	1.271394278856e+04
1.508715618939e+12	1.271774354871e+04
1.509987904713e+12	1.272154430886e+04
1.511260757237e+12	1.272534506901e+04
1.512534176493e+12	1.272914582917e+04
1.513808162460e+12	1.273294658932e+04
1.515082715119e+12	1.273674734947e+04
1.516357834449e+12	1.274054810962e+04
1.517633520430e+12	1.274434886977e+04
1.518909773043e+12	1.274814962993e+04
1.520186592268e+12	1.275195039008e+04
1.521463978084e+12	1.275575115023e+04
1.522741930471e+12	1.275955191038e+04
1.524020449410e+12	1.276335267053e+04
1.525299534881e+12	1.276715343069e+04
1.526579186862e+12	1.277095419084e+04
1.527859405336e+12	1.277475495099e+04
1.529140190281e+12	1.277855571114e+04
1.530421541677e+12	1.278235647129e+04
1.531703459505e+12	1.278615723145e+04
1.532985943744e+12	1.278995799160e+04
1.534268994374e+12	1.279375875175e+04
1.535552611376e+12	1.279755951190e+04
1.536836794728e+12	1.280136027205e+04
1.538121544412e+12	1.280516103221e+04
1.539406860407e+12	1.280896179236e+04
1.540692742693e+12	1.281276255251e+04
1.541979191250e+12	1.281656331266e+04
1.543266206058e+12	1.282036407281e+04
1.544553787097e+12	1.282416483297e+04
1.545841934346e+12	1.282796559312e+04
1.547130647786e+12	1.283176635327e+04
1.548419927396e+12	1.283556711342e+04
1.549709773157e+12	1.283936787357e+04
1.551000185048e+12	1.284316863373e+04
1.552291163049e+12	1.284696939388e+04
1.553582707141e+12	1.285077015403e+04
1.554874817303e+12	1.285457091418e+04
1.556167493514e+12	1.285837167433e+04
1.557460735755e+12	1.286217243449e+04
1.558754544006e+12	1.286597319464e+04
1.560048918247e+12	1.286977395479e+04
1.561343858457e+12	1.287357471494e+04
1.562639364616e+12	1.287737547510e+04
1.563935436704e+12	1.288117623525e+04
1.565232074702e+12	1.288497699540e+04
1.566529278588e+12	1.288877775555e+04
1.567827048343e+12	1.289257851570e+04
1.569125383947e+12	1.289637927586e+04
1.570424285380e+12	1.290018003601e+04
1.571723752621e+12	1.290398079616e+04
1.573023785650e+12	1.290778155631e+04
1.574324384447e+12	1.291158231646e+04
1.575625548993e+12	1.291538307662e+04
1.576927279266e+12	1.291918383677e+04
1.578229575247e+12	1.292298459692e+04
1.579532436915e+12	1.292678535707e+04
1.580835864251e+12	1.293058611722e+04
1.582139857235e+12	1.293438687738e+04
1.583444415845e+12	1.293818763753e+04
1.584749540062e+12	1.294198839768e+04
1.586055229867e+12	1.294578915783e+04
1.587361485238e+12	1.294958991798e+04
1.588668306156e+12	1.295339067814e+04
1.589975692600e+12	1.295719143829e+04
1.591283644550e+12	1.296099219844e+04
1.592592161987e+12	1.296479295859e+04
1.593901244889e+12	1.296859371874e+04
1.595210893238e+12	1.297239447890e+04
1.596521107012e+12	1.297619523905e+04
1.597831886192e+12	1.297999599920e+04
1.599143230758e+12	1.298379675935e+04
1.600455140689e+12	1.298759751950e+04
1.601767615965e+12	1.299139827966e+04
1.603080656566e+12	1.299519903981e+04
1.604394262472e+12	1.299899979996e+04
1.605708433663e+12	1.300280056011e+04
1.607023170119e+12	1.300660132026e+04
1.608338471819e+12	1.301040208042e+04
1.609654338744e+12	1.301420284057e+04
1.610970770873e+12	1.301800360072e+04
1.612287768186e+12	1.302180436087e+04
1.613605330664e+12	1.302560512102e+04
1.614923458286e+12	1.302940588118e+04
1.616242151031e+12	1.303320664133e+04
1.617561408880e+12	1.303700740148e+04
1.618881231813e+12	1.304080816163e+04
1.620201619810e+12	1.304460892178e+04
1.621522572850e+12	1.304840968194e+04
1.622844090914e+12	1.305221044209e+04
1.624166173980e+12	1.305601120224e+04
1.625488822031e+12	1.305981196239e+04
1.626812035044e+12	1.306361272254e+04
1.628135813000e+12	1.306741348270e+04
1.629460155880e+12	1.307121424285e+04
1.630785063662e+12	1.307501500300e+04
1.632110536327e+12	1.307881576315e+04
1.633436573855e+12	1.308261652330e+04
1.634763176226e+12	1.308641728346e+04
1.636090343420e+12	1.309021804361e+04
1.637418075416e+12	1.309401880376e+04
1.638746372195e+12	1.309781956391e+04
1.640075233736e+12	1.310162032406e+04
1.641404660020e+12	1.310542108422e+04
1.642734651027e+12	1.310922184437e+04
1.644065206736e+12	1.311302260452e+04
1.645396327127e+12	1.311682336467e+04
1.646728012181e+12	1.312062412482e+04
1.648060261878e+12	1.312442488498e+04
1.649393076197e+12	1.312822564513e+04
1.650726455118e+12	1.313202640528e+04
1.652060398622e+12	1.313582716543e+04
1.653394906689e+12	1.313962792559e+04
1.654729979298e+12	1.314342868574e+04
1.656065616430e+12	1.314722944589e+04
1.657401818064e+12	1.315103020604e+04
1.658738584181e+12	1.315483096619e+04
1.660075914760e+12	1.315863172635e+04
1.661413809783e+12	1.316243248650e+04
1.662752269228e+12	1.316623324665e+04
1.664091293076e+12	1.317003400680e+04
1.665430881308e+12	1.317383476695e+04
1.666771033902e+12	1.317763552711e+04
1.668111750839e+12	1.318143628726e+04
1.669453032100e+12	1.318523704741e+04
1.670794877664e+12	1.318903780756e+04
1.672137287512e+12	1.319283856771e+04
1.673480261623e+12	1.319663932787e+04
1.674823799978e+12	1.320044008802e+04
1.676167902557e+12	1.320424084817e+04
1.677512569340e+12	1.320804160832e+04
1.678857800307e+12	1.321184236847e+04
1.680203595439e+12	1.321564312863e+04
1.681549954715e+12	1.321944388878e+04
1.682896878116e+12	1.322324464893e+04
1.684244365622e+12	1.322704540908e+04
1.685592417213e+12	1.323084616923e+04
1.686941032869e+12	1.323464692939e+04
1.688290212571e+12	1.323844768954e+04
1.689639956299e+12	1.324224844969e+04
1.690990264032e+12	1.324604920984e+04
1.692341135753e+12	1.324984996999e+04
1.693692571439e+12	1.325365073015e+04
1.695044571072e+12	1.325745149030e+04
1.696397134633e+12	1.326125225045e+04
1.697750262101e+12	1.326505301060e+04
1.699103953456e+12	1.326885377075e+04
1.700458208680e+12	1.327265453091e+04
1.701813027752e+12	1.327645529106e+04
1.703168410652e+12	1.328025605121e+04
1.704524357362e+12	1.328405681136e+04
1.705880867861e+12	1.328785757151e+04
1.707237942129e+12	1.329165833167e+04
1.708595580148e+12	1.329545909182e+04
1.709953781897e+12	1.329925985197e+04
1.711312547356e+12	1.330306061212e+04
1.712671876507e+12	1.330686137227e+04
1.714031769330e+12	1.331066213243e+04
1.715392225805e+12	1.331446289258e+04
1.716753245912e+12	1.331826365273e+04
1.718114829633e+12	1.332206441288e+04
1.719476976946e+12	1.332586517303e+04
1.720839687834e+12	1.332966593319e+04
1.722202962276e+12	1.333346669334e+04
1.723566800253e+12	1.333726745349e+04
1.724931201746e+12	1.334106821364e+04
1.726296166734e+12	1.334486897379e+04
1.727661695199e+12	1.334866973395e+04
1.729027787121e+12	1.335247049410e+04
1.730394442480e+12	1.335627125425e+04
1.731761661258e+12	1.336007201440e+04
1.733129443435e+12	1.336387277455e+04
1.734497788990e+12	1.336767353471e+04
1.735866697906e+12	1.337147429486e+04
1.737236170162e+12	1.337527505501e+04
1.738606205740e+12	1.337907581516e+04
1.739976804620e+12	1.338287657532e+04
1.741347966782e+12	1.338667733547e+04
1.742719692207e+12	1.339047809562e+04
1.744091980876e+12	1.339427885577e+04
1.745464832770e+12	1.339807961592e+04
1.746838247870e+12	1.340188037608e+04
1.748212226155e+12	1.340568113623e+04
1.749586767608e+12	1.340948189638e+04
1.750961872208e+12	1.341328265653e+04
1.752337539936e+12	1.341708341668e+04
1.753713770774e+12	1.342088417684e+04
1.755090564701e+12	1.342468493699e+04
1.756467921700e+12	1.342848569714e+04
1.757845841750e+12	1.343228645729e+04
1.759224324833e+12	1.343608721744e+04
1.760603370929e+12	1.343988797760e+04
1.761982980020e+12	1.344368873775e+04
1.763363152086e+12	1.344748949790e+04
1.764743887108e+12	1.345129025805e+04
1.766125185067e+12	1.345509101820e+04
1.767507045944e+12	1.345889177836e+04
1.768889469720e+12	1.346269253851e+04
1.770272456376e+12	1.346649329866e+04
1.771656005893e+12	1.347029405881e+04
1.773040118252e+12	1.347409481896e+04
1.774424793434e+12	1.347789557912e+04
1.775810031420e+12	1.348169633927e+04
1.777195832191e+12	1.348549709942e+04
1.778582195728e+12	1.348929785957e+04
1.779969122013e+12	1.349309861972e+04
1.781356611026e+12	1.349689937988e+04
1.782744662749e+12	1.350070014003e+04
1.784133277162e+12	1.350450090018e+04
1.785522454247e+12	1.350830166033e+04
1.786912193986e+12	1.351210242048e+04
1.788302496358e+12	1.351590318064e+04
1.789693361346e+12	1.351970394079e+04
1.791084788931e+12	1.352350470094e+04
1.792476779093e+12	1.352730546109e+04
1.793869331815e+12	1.353110622124e+04
1.795262447078e+12	1.353490698140e+04
1.796656124862e+12	1.353870774155e+04
1.798050365149e+12	1.354250850170e+04
1.799445167921e+12	1.354630926185e+04
1.800840533159e+12	1.355011002200e+04
1.802236460844e+12	1.355391078216e+04
1.803632950957e+12	1.355771154231e+04
1.805030003481e+12	1.356151230246e+04
1.806427618396e+12	1.356531306261e+04
1.807825795684e+12	1.356911382276e+04
1.809224535326e+12	1.357291458292e+04
1.810623837304e+12	1.357671534307e+04
1.812023701600e+12	1.358051610322e+04
1.813424128195e+12	1.358431686337e+04
1.814825117070e+12	1.358811762352e+04
1.816226668207e+12	1.359191838368e+04
1.817628781588e+12	1.359571914383e+04
1.819031457195e+12	1.359951990398e+04
1.820434695008e+12	1.360332066413e+04
1.821838495010e+12	1.360712142428e+04
1.823242857182e+12	1.361092218444e+04
1.824647781506e+12	1.361472294459e+04
1.826053267963e+12	1.361852370474e+04
1.827459316536e+12	1.362232446489e+04
1.828865927206e+12	1.362612522505e+04
1.830273099955e+12	1.362992598520e+04
1.831680834765e+12	1.363372674535e+04
1.833089131617e+12	1.363752750550e+04
1.834497990494e+12	1.364132826565e+04
1.835907411377e+12	1.364512902581e+04
1.837317394248e+12	1.364892978596e+04
1.838727939089e+12	1.365273054611e+04
1.840139045882e+12	1.365653130626e+04
1.841550714608e+12	1.366033206641e+04
1.842962945251e+12	1.366413282657e+04
1.844375737791e+12	1.366793358672e+04
1.845789092211e+12	1.367173434687e+04
1.847203008494e+12	1.367553510702e+04
1.848617486620e+12	1.367933586717e+04
1.850032526572e+12	1.368313662733e+04
1.851448128332e+12	1.368693738748e+04
1.852864291882e+12	1.369073814763e+04
1.854281017205e+12	1.369453890778e+04
1.855698304282e+12	1.369833966793e+04
1.857116153096e+12	1.370214042809e+04
1.858534563628e+12	1.370594118824e+04
1.859953535862e+12	1.370974194839e+04
1.861373069780e+12	1.371354270854e+04
1.862793165363e+12	1.371734346869e+04
1.864213822594e+12	1.372114422885e+04
1.865635041456e+12	1.372494498900e+04
1.867056821930e+12	1.372874574915e+04
1.868479163999e+12	1.373254650930e+04
1.869902067645e+12	1.373634726945e+04
1.871325532852e+12	1.374014802961e+04
1.872749559601e+12	1.374394878976e+04
1.874174147874e+12	1.374774954991e+04
1.875599297655e+12	1.375155031006e+04
1.877025008926e+12	1.375535107021e+04
1.878451281669e+12	1.375915183037e+04
1.879878115867e+12	1.376295259052e+04
1.881305511503e+12	1.376675335067e+04
1.882733468558e+12	1.377055411082e+04
1.884161987017e+12	1.377435487097e+04
1.885591066860e+12	1.377815563113e+04
1.887020708072e+12	1.378195639128e+04
1.888450910635e+12	1.378575715143e+04
1.889881674531e+12	1.378955791158e+04
1.891312999744e+12	1.379335867173e+04
1.892744886256e+12	1.379715943189e+04
1.894177334050e+12	1.380096019204e+04
1.895610343109e+12	1.380476095219e+04
1.897043913415e+12	1.380856171234e+04
1.898478044952e+12	1.381236247249e+04
1.899912737702e+12	1.381616323265e+04
1.901347991649e+12	1.381996399280e+04
1.902783806775e+12	1.382376475295e+04
1.904220183064e+12	1.382756551310e+04
1.905657120498e+12	1.383136627325e+04
1.907094619060e+12	1.383516703341e+04
1.908532678734e+12	1.383896779356e+04
1.909971299503e+12	1.384276855371e+04
1.911410481350e+12	1.384656931386e+04
1.912850224257e+12	1.385037007401e+04
1.914290528209e+12	1.385417083417e+04
1.915731393188e+12	1.385797159432e+04
1.917172819178e+12	1.386177235447e+04
1.918614806161e+12	1.386557311462e+04
1.920057354122e+12	1.386937387477e+04
1.921500463043e+12	1.387317463493e+04
1.922944132908e+12	1.387697539508e+04
1.924388363700e+12	1.388077615523e+04
1.925833155403e+12	1.388457691538e+04
1.927278507999e+12	1.388837767554e+04
1.928724421474e+12	1.389217843569e+04
1.930170895809e+12	1.389597919584e+04
1.931617930989e+12	1.389977995599e+04
1.933065526997e+12	1.390358071614e+04
1.934513683816e+12	1.390738147630e+04
1.935962401431e+12	1.391118223645e+04
1.937411679825e+12	1.391498299660e+04
1.938861518981e+12	1.391878375675e+04
1.940311918883e+12	1.392258451690e+04
1.941762879515e+12	1.392638527706e+04
1.943214400861e+12	1.393018603721e+04
1.944666482905e+12	1.393398679736e+04
1.946119125629e+12	1.393778755751e+04
1.947572329019e+12	1.394158831766e+04
1.949026093058e+12	1.394538907782e+04
1.950480417729e+12	1.394918983797e+04
1.951935303018e+12	1.395299059812e+04
1.953390748907e+12	1.395679135827e+04
1.954846755380e+12	1.396059211842e+04
1.956303322423e+12	1.396439287858e+04
1.957760450018e+12	1.396819363873e+04
1.959218138150e+12	1.397199439888e+04
1.960676386803e+12	1.397579515903e+04
1.962135195961e+12	1.397959591918e+04
1.963594565608e+12	1.398339667934e+04
1.965054495728e+12	1.398719743949e+04
1.966514986307e+12	1.399099819964e+04
1.967976037327e+12	1.399479895979e+04
1.969437648773e+12	1.399859971994e+04
1.970899820630e+12	1.400240048010e+04
1.972362552881e+12	1.400620124025e+04
1.973825845512e+12	1.401000200040e+04
1.975289698507e+12	1.401380276055e+04
1.976754111849e+12	1.401760352070e+04
1.978219085524e+12	1.402140428086e+04
1.979684619516e+12	1.402520504101e+04
1.981150713810e+12	1.402900580116e+04
1.982617368390e+12	1.403280656131e+04
1.984084583240e+12	1.403660732146e+04
1.985552358346e+12	1.404040808162e+04
1.987020693692e+12	1.404420884177e+04
1.988489589263e+12	1.404800960192e+04
1.989959045043e+12	1.405181036207e+04
1.991429061018e+12	1.405561112222e+04
1.992899637171e+12	1.405941188238e+04
1.994370773488e+12	1.406321264253e+04
1.995842469954e+12	1.406701340268e+04
1.997314726554e+12	1.407081416283e+04
1.998787543272e+12	1.407461492298e+04
2.000260920093e+12	1.407841568314e+04
2.001734857003e+12	1.408221644329e+04
2.003209353986e+12	1.408601720344e+04
2.004684411028e+12	1.408981796359e+04
2.006160028114e+12	1.409361872374e+04
2.007636205228e+12	1.409741948390e+04
2.009112942356e+12	1.410122024405e+04
2.010590239483e+12	1.410502100420e+04
2.012068096595e+12	1.410882176435e+04
2.013546513676e+12	1.411262252450e+04
2.015025490712e+12	1.411642328466e+04
2.016505027688e+12	1.412022404481e+04
2.017985124589e+12	1.412402480496e+04
2.019465781402e+12	1.412782556511e+04
2.020946998110e+12	1.413162632527e+04
2.022428774701e+12	1.413542708542e+04
2.023911111159e+12	1.413922784557e+04
2.025394007470e+12	1.414302860572e+04
2.026877463619e+12	1.414682936587e+04
2.028361479592e+12	1.415063012603e+04
2.029846055374e+12	1.415443088618e+04
2.031331190952e+12	1.415823164633e+04
2.032816886311e+12	1.416203240648e+04
2.034303141437e+12	1.416583316663e+04
2.035789956315e+12	1.416963392679e+04
2.037277330932e+12	1.417343468694e+04
2.038765265272e+12	1.417723544709e+04
2.040253759323e+12	1.418103620724e+04
2.041742813070e+12	1.418483696739e+04
2.043232426498e+12	1.418863772755e+04
2.044722599595e+12	1.419243848770e+04
2.046213332345e+12	1.419623924785e+04
2.047704624735e+12	1.420004000800e+04
2.049196476752e+12	1.420384076815e+04
2.050688888380e+12	1.420764152831e+04
2.052181859607e+12	1.421144228846e+04
2.053675390419e+12	1.421524304861e+04
2.055169480801e+12	1.421904380876e+04
2.056664130741e+12	1.422284456891e+04
2.058159340223e+12	1.422664532907e+04
2.059655109236e+12	1.423044608922e+04
2.061151437765e+12	1.423424684937e+04
2.062648325796e+12	1.423804760952e+04
2.064145773316e+12	1.424184836967e+04
2.065643780312e+12	1.424564912983e+04
2.067142346770e+12	1.424944988998e+04
2.068641472677e+12	1.425325065013e+04
2.070141158018e+12	1.425705141028e+04
2.071641402782e+12	1.426085217043e+04
2.073142206954e+12	1.426465293059e+04
2.074643570522e+12	1.426845369074e+04
2.076145493472e+12	1.427225445089e+04
2.077647975790e+12	1.427605521104e+04
2.079151017464e+12	1.427985597119e+04
2.080654618481e+12	1.428365673135e+04
2.082158778828e+12	1.428745749150e+04
2.083663498490e+12	1.429125825165e+04
2.085168777456e+12	1.429505901180e+04
2.086674615713e+12	1.429885977195e+04
2.088181013247e+12	1.430266053211e+04
2.089687970046e+12	1.430646129226e+04
2.091195486097e+12	1.431026205241e+04
2.092703561386e+12	1.431406281256e+04
2.094212195902e+12	1.431786357271e+04
2.095721389631e+12	1.432166433287e+04
2.097231142561e+12	1.432546509302e+04
2.098741454679e+12	1.432926585317e+04
2.100252325973e+12	1.433306661332e+04
2.101763756429e+12	1.433686737347e+04
2.103275746036e+12	1.434066813363e+04
2.104788294781e+12	1.434446889378e+04
2.106301402651e+12	1.434826965393e+04
2.107815069634e+12	1.435207041408e+04
2.109329295717e+12	1.435587117423e+04
2.110844080889e+12	1.435967193439e+04
2.112359425137e+12	1.436347269454e+04
2.113875328448e+12	1.436727345469e+04
2.115391790811e+12	1.437107421484e+04
2.116908812213e+12	1.437487497499e+04
2.118426392642e+12	1.437867573515e+04
2.119944532087e+12	1.438247649530e+04
2.121463230534e+12	1.438627725545e+04
2.122982487972e+12	1.439007801560e+04
2.124502304389e+12	1.439387877576e+04
2.126022679773e+12	1.439767953591e+04
2.127543614113e+12	1.440148029606e+04
2.129065107395e+12	1.440528105621e+04
2.130587159609e+12	1.440908181636e+04
2.132109770743e+12	1.441288257652e+04
2.133632940785e+12	1.441668333667e+04
2.135156669723e+12	1.442048409682e+04
2.136680957545e+12	1.442428485697e+04
2.138205804241e+12	1.442808561712e+04
2.139731209798e+12	1.443188637728e+04
2.141257174205e+12	1.443568713743e+04
2.142783697450e+12	1.443948789758e+04
2.144310779523e+12	1.444328865773e+04
2.145838420411e+12	1.444708941788e+04
2.147366620103e+12	1.445089017804e+04
2.148895378588e+12	1.445469093819e+04
2.150424695855e+12	1.445849169834e+04
2.151954571893e+12	1.446229245849e+04
2.153485006689e+12	1.446609321864e+04
2.155016000234e+12	1.446989397880e+04
2.156547552516e+12	1.447369473895e+04
2.158079663523e+12	1.447749549910e+04
2.159612333246e+12	1.448129625925e+04
2.161145561672e+12	1.448509701940e+04
2.162679348792e+12	1.448889777956e+04
2.164213694594e+12	1.449269853971e+04
2.165748599067e+12	1.449649929986e+04
2.167284062200e+12	1.450030006001e+04
2.168820083984e+12	1.450410082016e+04
2.170356664406e+12	1.450790158032e+04
2.171893803457e+12	1.451170234047e+04
2.173431501125e+12	1.451550310062e+04
2.174969757401e+12	1.451930386077e+04
2.176508572273e+12	1.452310462092e+04
2.178047945731e+12	1.452690538108e+04
2.179587877766e+12	1.453070614123e+04
2.181128368365e+12	1.453450690138e+04
2.182669417519e+12	1.453830766153e+04
2.184211025218e+12	1.454210842168e+04
2.185753191452e+12	1.454590918184e+04
2.187295916209e+12	1.454970994199e+04
2.188839199480e+12	1.455351070214e+04
2.190383041255e+12	1.455731146229e+04
2.191927441524e+12	1.456111222244e+04
2.193472400277e+12	1.456491298260e+04
2.195017917503e+12	1.456871374275e+04
2.196563993193e+12	1.457251450290e+04
2.198110627336e+12	1.457631526305e+04
2.199657819924e+12	1.458011602320e+04
2.201205570946e+12	1.458391678336e+04
2.202753880392e+12	1.458771754351e+04
2.204302748252e+12	1.459151830366e+04
2.205852174518e+12	1.459531906381e+04
2.207402159178e+12	1.459911982396e+04
2.208952702225e+12	1.460292058412e+04
2.210503803647e+12	1.460672134427e+04
2.212055463436e+12	1.461052210442e+04
2.213607681583e+12	1.461432286457e+04
2.215160458077e+12	1.461812362472e+04
2.216713792909e+12	1.462192438488e+04
2.218267686071e+12	1.462572514503e+04
2.219822137552e+12	1.462952590518e+04
2.221377147344e+12	1.463332666533e+04
2.222932715437e+12	1.463712742549e+04
2.224488841823e+12	1.464092818564e+04
2.226045526492e+12	1.464472894579e+04
2.227602769435e+12	1.464852970594e+04
2.229160570643e+12	1.465233046609e+04
2.230718930107e+12	1.465613122625e+04
2.232277847819e+12	1.465993198640e+04
2.233837323769e+12	1.466373274655e+04
2.235397357948e+12	1.466753350670e+04
2.236957950349e+12	1.467133426685e+04
2.238519100962e+12	1.467513502701e+04
2.240080809778e+12	1.467893578716e+04
2.241643076790e+12	1.468273654731e+04
2.243205901988e+12	1.468653730746e+04
2.244769285363e+12	1.469033806761e+04
2.246333226908e+12	1.469413882777e+04
2.247897726614e+12	1.469793958792e+04
2.249462784473e+12	1.470174034807e+04
2.251028400475e+12	1.470554110822e+04
2.252594574614e+12	1.470934186837e+04
2.254161306881e+12	1.471314262853e+04
2.255728597267e+12	1.471694338868e+04
2.257296445765e+12	1.472074414883e+04
2.258864852366e+12	1.472454490898e+04
2.260433817062e+12	1.472834566913e+04
2.262003339846e+12	1.473214642929e+04
2.263573420709e+12	1.473594718944e+04
2.265144059644e+12	1.473974794959e+04
2.266715256642e+12	1.474354870974e+04
2.268287011696e+12	1.474734946989e+04
2.269859324799e+12	1.475115023005e+04
2.271432195942e+12	1.475495099020e+04
2.273005625117e+12	1.475875175035e+04
2.274579612318e+12	1.476255251050e+04
2.276154157537e+12	1.476635327065e+04
2.277729260766e+12	1.477015403081e+04
2.279304921998e+12	1.477395479096e+04
2.280881141225e+12	1.477775555111e+04
2.282457918440e+12	1.478155631126e+04
2.284035253636e+12	1.478535707141e+04
2.285613146805e+12	1.478915783157e+04
2.287191597941e+12	1.479295859172e+04
2.288770607035e+12	1.479675935187e+04
2.290350174082e+12	1.480056011202e+04
2.291930299074e+12	1.480436087217e+04
2.293510982004e+12	1.480816163233e+04
2.295092222865e+12	1.481196239248e+04
2.296674021650e+12	1.481576315263e+04
2.298256378353e+12	1.481956391278e+04
2.299839292966e+12	1.482336467293e+04
2.301422765483e+12	1.482716543309e+04
2.303006795897e+12	1.483096619324e+04
2.304591384202e+12	1.483476695339e+04
2.306176530391e+12	1.483856771354e+04
2.307762234457e+12	1.484236847369e+04
2.309348496394e+12	1.484616923385e+04
2.310935316195e+12	1.484996999400e+04
2.312522693855e+12	1.485377075415e+04
2.314110629366e+12	1.485757151430e+04
2.315699122723e+12	1.486137227445e+04
2.317288173919e+12	1.486517303461e+04
2.318877782948e+12	1.486897379476e+04
2.320467949804e+12	1.487277455491e+04
2.322058674481e+12	1.487657531506e+04
2.323649956973e+12	1.488037607522e+04
2.325241797274e+12	1.488417683537e+04
2.326834195378e+12	1.488797759552e+04
2.328427151279e+12	1.489177835567e+04
2.330020664972e+12	1.489557911582e+04
2.331614736450e+12	1.489937987598e+04
2.333209365708e+12	1.490318063613e+04
2.334804552740e+12	1.490698139628e+04
2.336400297541e+12	1.491078215643e+04
2.337996600105e+12	1.491458291658e+04
2.339593460426e+12	1.491838367674e+04
2.341190878500e+12	1.492218443689e+04
2.342788854321e+12	1.492598519704e+04
2.344387387883e+12	1.492978595719e+04
2.345986479181e+12	1.493358671734e+04
2.347586128210e+12	1.493738747750e+04
2.349186334965e+12	1.494118823765e+04
2.350787099441e+12	1.494498899780e+04
2.352388421632e+12	1.494878975795e+04
2.353990301534e+12	1.495259051810e+04
2.355592739141e+12	1.495639127826e+04
2.357195734449e+12	1.496019203841e+04
2.358799287453e+12	1.496399279856e+04
2.360403398148e+12	1.496779355871e+04
2.362008066530e+12	1.497159431886e+04
2.363613292593e+12	1.497539507902e+04
2.365219076333e+12	1.497919583917e+04
2.366825417746e+12	1.498299659932e+04
2.368432316826e+12	1.498679735947e+04
2.370039773570e+12	1.499059811962e+04
2.371647787973e+12	1.499439887978e+04
2.373256360031e+12	1.499819963993e+04
2.374865489739e+12	1.500200040008e+04
2.376475177093e+12	1.500580116023e+04
2.378085422089e+12	1.500960192038e+04
2.379696224722e+12	1.501340268054e+04
2.381307584990e+12	1.501720344069e+04
2.382919502887e+12	1.502100420084e+04
2.384531978410e+12	1.502480496099e+04
2.386145011554e+12	1.502860572114e+04
2.387758602316e+12	1.503240648130e+04
2.389372750693e+12	1.503620724145e+04
2.390987456680e+12	1.504000800160e+04
2.392602720273e+12	1.504380876175e+04
2.394218541469e+12	1.504760952190e+04
2.395834920265e+12	1.505141028206e+04
2.397451856657e+12	1.505521104221e+04
2.399069350641e+12	1.505901180236e+04
2.400687402214e+12	1.506281256251e+04
2.402306011372e+12	1.506661332266e+04
2.403925178113e+12	1.507041408282e+04
2.405544902433e+12	1.507421484297e+04
2.407165184329e+12	1.507801560312e+04
2.408786023797e+12	1.508181636327e+04
2.410407420835e+12	1.508561712342e+04
2.412029375440e+12	1.508941788358e+04
2.413651887608e+12	1.509321864373e+04
2.415274957337e+12	1.509701940388e+04
2.416898584624e+12	1.510082016403e+04
2.418522769466e+12	1.510462092418e+04
2.420147511860e+12	1.510842168434e+04
2.421772811804e+12	1.511222244449e+04
2.423398669295e+12	1.511602320464e+04
2.425025084330e+12	1.511982396479e+04
2.426652056908e+12	1.512362472494e+04
2.428279587024e+12	1.512742548510e+04
2.429907674678e+12	1.513122624525e+04
2.431536319866e+12	1.513502700540e+04
2.433165522587e+12	1.513882776555e+04
2.434795282838e+12	1.514262852571e+04
2.436425600618e+12	1.514642928586e+04
2.438056475923e+12	1.515023004601e+04
2.439687908752e+12	1.515403080616e+04
2.441319899103e+12	1.515783156631e+04
2.442952446973e+12	1.516163232647e+04
2.444585552362e+12	1.516543308662e+04
2.446219215268e+12	1.516923384677e+04
2.447853435687e+12	1.517303460692e+04
2.449488213620e+12	1.517683536707e+04
2.451123549063e+12	1.518063612723e+04
2.452759442017e+12	1.518443688738e+04
2.454395892478e+12	1.518823764753e+04
2.456032900446e+12	1.519203840768e+04
2.457670465919e+12	1.519583916783e+04
2.459308588895e+12	1.519963992799e+04
2.460947269375e+12	1.520344068814e+04
2.462586507355e+12	1.520724144829e+04
2.464226302836e+12	1.521104220844e+04
2.465866655816e+12	1.521484296859e+04
2.467507566293e+12	1.521864372875e+04
2.469149034268e+12	1.522244448890e+04
2.470791059739e+12	1.522624524905e+04
2.472433642704e+12	1.523004600920e+04
2.474076783164e+12	1.523384676935e+04
2.475720481118e+12	1.523764752951e+04
2.477364736564e+12	1.524144828966e+04
2.479009549503e+12	1.524524904981e+04
2.480654919934e+12	1.524904980996e+04
2.482300847855e+12	1.525285057011e+04
2.483947333267e+12	1.525665133027e+04
2.485594376169e+12	1.526045209042e+04
2.487241976562e+12	1.526425285057e+04
2.488890134444e+12	1.526805361072e+04
2.490538849815e+12	1.527185437087e+04
2.492188122676e+12	1.527565513103e+04
2.493837953026e+12	1.527945589118e+04
2.495488340865e+12	1.528325665133e+04
2.497139286193e+12	1.528705741148e+04
2.498790789010e+12	1.529085817163e+04
2.500442849317e+12	1.529465893179e+04
2.502095467114e+12	1.529845969194e+04
2.503748642400e+12	1.530226045209e+04
2.505402375176e+12	1.530606121224e+04
2.507056665443e+12	1.530986197239e+04
2.508711513202e+12	1.531366273255e+04
2.510366918451e+12	1.531746349270e+04
2.512022881193e+12	1.532126425285e+04
2.513679401428e+12	1.532506501300e+04
2.515336479156e+12	1.532886577315e+04
2.516994114378e+12	1.533266653331e+04
2.518652307096e+12	1.533646729346e+04
2.520311057309e+12	1.534026805361e+04
2.521970365019e+12	1.534406881376e+04
2.523630230227e+12	1.534786957391e+04
2.525290652934e+12	1.535167033407e+04
2.526951633141e+12	1.535547109422e+04
2.528613170849e+12	1.535927185437e+04
2.530275266060e+12	1.536307261452e+04
2.531937918775e+12	1.536687337467e+04
2.533601128995e+12	1.537067413483e+04
2.535264896721e+12	1.537447489498e+04
2.536929221956e+12	1.537827565513e+04
2.538594104700e+12	1.538207641528e+04
2.540259544956e+12	1.538587717544e+04
2.541925542725e+12	1.538967793559e+04
2.543592098008e+12	1.539347869574e+04
2.545259210808e+12	1.539727945589e+04
2.546926881127e+12	1.540108021604e+04
2.548595108966e+12	1.540488097620e+04
2.550263894328e+12	1.540868173635e+04
2.551933237214e+12	1.541248249650e+04
2.553603137626e+12	1.541628325665e+04
2.555273595568e+12	1.542008401680e+04
2.556944611040e+12	1.542388477696e+04
2.558616184046e+12	1.542768553711e+04
2.560288314588e+12	1.543148629726e+04
2.561961002668e+12	1.543528705741e+04
2.563634248289e+12	1.543908781756e+04
2.565308051453e+12	1.544288857772e+04
2.566982412163e+12	1.544668933787e+04
2.568657330422e+12	1.545049009802e+04
2.570332806232e+12	1.545429085817e+04
2.572008839597e+12	1.545809161832e+04
2.573685430519e+12	1.546189237848e+04
2.575362579001e+12	1.546569313863e+04
2.577040285046e+12	1.546949389878e+04
2.578718548657e+12	1.547329465893e+04
2.580397369838e+12	1.547709541908e+04
2.582076748591e+12	1.548089617924e+04
2.583756684920e+12	1.548469693939e+04
2.585437178829e+12	1.548849769954e+04
2.587118230320e+12	1.549229845969e+04
2.588799839398e+12	1.549609921984e+04
2.590482006065e+12	1.549989998000e+04
2.592164730325e+12	1.550370074015e+04
2.593848012182e+12	1.550750150030e+04
2.595531851640e+12	1.551130226045e+04
2.597216248703e+12	1.551510302060e+04
2.598901203374e+12	1.551890378076e+04
2.600586715657e+12	1.552270454091e+04
2.602272785557e+12	1.552650530106e+04
2.603959413077e+12	1.553030606121e+04
2.605646598221e+12	1.553410682136e+04
2.607334340994e+12	1.553790758152e+04
2.609022641400e+12	1.554170834167e+04
2.610711499444e+12	1.554550910182e+04
2.612400915129e+12	1.554930986197e+04
2.614090888460e+12	1.555311062212e+04
2.615781419442e+12	1.555691138228e+04
2.617472508079e+12	1.556071214243e+04
2.619164154376e+12	1.556451290258e+04
2.620856358338e+12	1.556831366273e+04
2.622549119969e+12	1.557211442288e+04
2.624242439274e+12	1.557591518304e+04
2.625936316259e+12	1.557971594319e+04
2.627630750927e+12	1.558351670334e+04
2.629325743285e+12	1.558731746349e+04
2.631021293337e+12	1.559111822364e+04
2.632717401089e+12	1.559491898380e+04
2.634414066546e+12	1.559871974395e+04
2.636111289713e+12	1.560252050410e+04
2.637809070595e+12	1.560632126425e+04
2.639507409198e+12	1.561012202440e+04
2.641206305528e+12	1.561392278456e+04
2.642905759589e+12	1.561772354471e+04
2.644605771389e+12	1.562152430486e+04
2.646306340932e+12	1.562532506501e+04
2.648007468224e+12	1.562912582517e+04
2.649709153271e+12	1.563292658532e+04
2.651411396079e+12	1.563672734547e+04
2.653114196655e+12	1.564052810562e+04
2.654817555003e+12	1.564432886577e+04
2.656521471131e+12	1.564812962593e+04
2.658225945043e+12	1.565193038608e+04
2.659930976748e+12	1.565573114623e+04
2.661636566251e+12	1.565953190638e+04
2.663342713558e+12	1.566333266653e+04
2.665049418676e+12	1.566713342669e+04
2.666756681611e+12	1.567093418684e+04
2.668464502370e+12	1.567473494699e+04
2.670172880960e+12	1.567853570714e+04
2.671881817388e+12	1.568233646729e+04
2.673591311659e+12	1.568613722745e+04
2.675301363782e+12	1.568993798760e+04
2.677011973763e+12	1.569373874775e+04
2.678723141609e+12	1.569753950790e+04
2.680434867327e+12	1.570134026805e+04
2.682147150924e+12	1.570514102821e+04
2.683859992408e+12	1.570894178836e+04
2.685573391786e+12	1.571274254851e+04
2.687287349065e+12	1.571654330866e+04
2.689001864252e+12	1.572034406881e+04
2.690716937356e+12	1.572414482897e+04
2.692432568383e+12	1.572794558912e+04
2.694148757342e+12	1.573174634927e+04
2.695865504239e+12	1.573554710942e+04
2.697582809084e+12	1.573934786957e+04
2.699300671883e+12	1.574314862973e+04
2.701019092644e+12	1.574694938988e+04
2.702738071376e+12	1.575075015003e+04
2.704457608087e+12	1.575455091018e+04
2.706177702784e+12	1.575835167033e+04
2.707898355477e+12	1.576215243049e+04
2.709619566172e+12	1.576595319064e+04
2.711341334879e+12	1.576975395079e+04
2.713063661606e+12	1.577355471094e+04
2.714786546361e+12	1.577735547109e+04
2.716509989153e+12	1.578115623125e+04
2.718233989990e+12	1.578495699140e+04
2.719958548882e+12	1.578875775155e+04
2.721683665837e+12	1.579255851170e+04
2.723409340864e+12	1.579635927185e+04
2.725135573971e+12	1.580016003201e+04
2.726862365168e+12	1.580396079216e+04
2.728589714463e+12	1.580776155231e+04
2.730317621866e+12	1.581156231246e+04
2.732046087387e+12	1.581536307261e+04
2.733775111033e+12	1.581916383277e+04
2.735504692815e+12	1.582296459292e+04
2.737234832742e+12	1.582676535307e+04
2.738965530823e+12	1.583056611322e+04
2.740696787069e+12	1.583436687337e+04
2.742428601487e+12	1.583816763353e+04
2.744160974089e+12	1.584196839368e+04
2.745893904884e+12	1.584576915383e+04
2.747627393882e+12	1.584956991398e+04
2.749361441092e+12	1.585337067413e+04
2.751096046525e+12	1.585717143429e+04
2.752831210190e+12	1.586097219444e+04
2.754566932098e+12	1.586477295459e+04
2.756303212259e+12	1.586857371474e+04
2.758040050684e+12	1.587237447489e+04
2.759777447381e+12	1.587617523505e+04
2.761515402363e+12	1.587997599520e+04
2.763253915639e+12	1.588377675535e+04
2.764992987220e+12	1.588757751550e+04
2.766732617116e+12	1.589137827566e+04
2.768472805338e+12	1.589517903581e+04
2.770213551898e+12	1.589897979596e+04
2.771954856805e+12	1.590278055611e+04
2.773696720071e+12	1.590658131626e+04
2.775439141706e+12	1.591038207642e+04
2.777182121722e+12	1.591418283657e+04
2.778925660129e+12	1.591798359672e+04
2.780669756940e+12	1.592178435687e+04
2.782414412165e+12	1.592558511702e+04
2.784159625815e+12	1.592938587718e+04
2.785905397902e+12	1.593318663733e+04
2.787651728438e+12	1.593698739748e+04
2.789398617434e+12	1.594078815763e+04
2.791146064901e+12	1.594458891778e+04
2.792894070851e+12	1.594838967794e+04
2.794642635297e+12	1.595219043809e+04
2.796391758250e+12	1.595599119824e+04
2.798141439721e+12	1.595979195839e+04
2.799891679723e+12	1.596359271854e+04
2.801642478268e+12	1.596739347870e+04
2.803393835368e+12	1.597119423885e+04
2.805145751035e+12	1.597499499900e+04
2.806898225282e+12	1.597879575915e+04
2.808651258121e+12	1.598259651930e+04
2.810404849563e+12	1.598639727946e+04
2.812158999623e+12	1.599019803961e+04
2.813913708312e+12	1.599399879976e+04
2.815668975644e+12	1.599779955991e+04
2.817424801629e+12	1.600160032006e+04
2.819181186283e+12	1.600540108022e+04
2.820938129617e+12	1.600920184037e+04
2.822695631644e+12	1.601300260052e+04
2.824453692378e+12	1.601680336067e+04
2.826212311832e+12	1.602060412082e+04
2.827971490018e+12	1.602440488098e+04
2.829731226950e+12	1.602820564113e+04
2.831491522641e+12	1.603200640128e+04
2.833252377105e+12	1.603580716143e+04
2.835013790355e+12	1.603960792158e+04
2.836775762405e+12	1.604340868174e+04
2.838538293268e+12	1.604720944189e+04
2.840301382959e+12	1.605101020204e+04
2.842065031490e+12	1.605481096219e+04
2.843829238876e+12	1.605861172234e+04
2.845594005130e+12	1.606241248250e+04
2.847359330267e+12	1.606621324265e+04
2.849125214300e+12	1.607001400280e+04
2.850891657245e+12	1.607381476295e+04
2.852658659114e+12	1.607761552310e+04
2.854426219923e+12	1.608141628326e+04
2.856194339685e+12	1.608521704341e+04
2.857963018416e+12	1.608901780356e+04
2.859732256129e+12	1.609281856371e+04
2.861502052839e+12	1.609661932386e+04
2.863272408562e+12	1.610042008402e+04
2.865043323311e+12	1.610422084417e+04
2.866814797102e+12	1.610802160432e+04
2.868586829949e+12	1.611182236447e+04
2.870359421868e+12	1.611562312462e+04
2.872132572873e+12	1.611942388478e+04
2.873906282980e+12	1.612322464493e+04
2.875680552204e+12	1.612702540508e+04
2.877455380560e+12	1.613082616523e+04
2.879230768063e+12	1.613462692539e+04
2.881006714729e+12	1.613842768554e+04
2.882783220574e+12	1.614222844569e+04
2.884560285613e+12	1.614602920584e+04
2.886337909861e+12	1.614982996599e+04
2.888116093335e+12	1.615363072615e+04
2.889894836051e+12	1.615743148630e+04
2.891674138023e+12	1.616123224645e+04
2.893453999269e+12	1.616503300660e+04
2.895234419804e+12	1.616883376675e+04
2.897015399644e+12	1.617263452691e+04
2.898796938806e+12	1.617643528706e+04
2.900579037306e+12	1.618023604721e+04
2.902361695160e+12	1.618403680736e+04
2.904144912384e+12	1.618783756751e+04
2.905928688996e+12	1.619163832767e+04
2.907713025012e+12	1.619543908782e+04
2.909497920448e+12	1.619923984797e+04
2.911283375321e+12	1.620304060812e+04
2.913069389649e+12	1.620684136827e+04
2.914855963447e+12	1.621064212843e+04
2.916643096733e+12	1.621444288858e+04
2.918430789524e+12	1.621824364873e+04
2.920219041838e+12	1.622204440888e+04
2.922007853690e+12	1.622584516903e+04
2.923797225100e+12	1.622964592919e+04
2.925587156083e+12	1.623344668934e+04
2.927377646658e+12	1.623724744949e+04
2.929168696842e+12	1.624104820964e+04
2.930960306652e+12	1.624484896979e+04
2.932752476107e+12	1.624864972995e+04
2.934545205224e+12	1.625245049010e+04
2.936338494021e+12	1.625625125025e+04
2.938132342515e+12	1.626005201040e+04
2.939926750726e+12	1.626385277055e+04
2.941721718670e+12	1.626765353071e+04
2.943517246366e+12	1.627145429086e+04
2.945313333833e+12	1.627525505101e+04
2.947109981088e+12	1.627905581116e+04
2.948907188151e+12	1.628285657131e+04
2.950704955038e+12	1.628665733147e+04
2.952503281770e+12	1.629045809162e+04
2.954302168365e+12	1.629425885177e+04
2.956101614841e+12	1.629805961192e+04
2.957901621217e+12	1.630186037207e+04
2.959702187512e+12	1.630566113223e+04
2.961503313745e+12	1.630946189238e+04
2.963304999935e+12	1.631326265253e+04
2.965107246102e+12	1.631706341268e+04
2.966910052263e+12	1.632086417283e+04
2.968713418439e+12	1.632466493299e+04
2.970517344650e+12	1.632846569314e+04
2.972321830913e+12	1.633226645329e+04
2.974126877249e+12	1.633606721344e+04
2.975932483678e+12	1.633986797359e+04
2.977738650219e+12	1.634366873375e+04
2.979545376892e+12	1.634746949390e+04
2.981352663717e+12	1.635127025405e+04
2.983160510713e+12	1.635507101420e+04
2.984968917900e+12	1.635887177435e+04
2.986777885300e+12	1.636267253451e+04
2.988587412931e+12	1.636647329466e+04
2.990397500814e+12	1.637027405481e+04
2.992208148969e+12	1.637407481496e+04
2.994019357418e+12	1.637787557512e+04
2.995831126179e+12	1.638167633527e+04
2.997643455274e+12	1.638547709542e+04
2.999456344724e+12	1.638927785557e+04
3.001269794548e+12	1.639307861572e+04
3.003083804769e+12	1.639687937588e+04
3.004898375406e+12	1.640068013603e+04
3.006713506481e+12	1.640448089618e+04
3.008529198014e+12	1.640828165633e+04
3.010345450028e+12	1.641208241648e+04
3.012162262542e+12	1.641588317664e+04
3.013979635579e+12	1.641968393679e+04
3.015797569160e+12	1.642348469694e+04
3.017616063305e+12	1.642728545709e+04
3.019435118037e+12	1.643108621724e+04
3.021254733378e+12	1.643488697740e+04
3.023074909348e+12	1.643868773755e+04
3.024895645970e+12	1.644248849770e+04
3.026716943266e+12	1.644628925785e+04
3.028538801257e+12	1.645009001800e+04
3.030361219965e+12	1.645389077816e+04
3.032184199414e+12	1.645769153831e+04
3.034007739623e+12	1.646149229846e+04
3.035831840617e+12	1.646529305861e+04
3.037656502417e+12	1.646909381876e+04
3.039481725046e+12	1.647289457892e+04
3.041307508526e+12	1.647669533907e+04
3.043133852880e+12	1.648049609922e+04
3.044960758131e+12	1.648429685937e+04
3.046788224301e+12	1.648809761952e+04
3.048616251413e+12	1.649189837968e+04
3.050444839489e+12	1.649569913983e+04
3.052273988554e+12	1.649949989998e+04
3.054103698630e+12	1.650330066013e+04
3.055933969740e+12	1.650710142028e+04
3.057764801908e+12	1.651090218044e+04
3.059596195156e+12	1.651470294059e+04
3.061428149509e+12	1.651850370074e+04
3.063260664989e+12	1.652230446089e+04
3.065093741621e+12	1.652610522104e+04
3.066927379427e+12	1.652990598120e+04
3.068761578432e+12	1.653370674135e+04
3.070596338660e+12	1.653750750150e+04
3.072431660134e+12	1.654130826165e+04
3.074267542878e+12	1.654510902180e+04
3.076103986917e+12	1.654890978196e+04
3.077940992275e+12	1.655271054211e+04
3.079778558975e+12	1.655651130226e+04
3.081616687043e+12	1.656031206241e+04
3.083455376502e+12	1.656411282256e+04
3.085294627377e+12	1.656791358272e+04
3.087134439693e+12	1.657171434287e+04
3.088974813474e+12	1.657551510302e+04
3.090815748745e+12	1.657931586317e+04
3.092657245531e+12	1.658311662332e+04
3.094499303857e+12	1.658691738348e+04
3.096341923748e+12	1.659071814363e+04
3.098185105228e+12	1.659451890378e+04
3.100028848324e+12	1.659831966393e+04
3.101873153059e+12	1.660212042408e+04
3.103718019460e+12	1.660592118424e+04
3.105563447553e+12	1.660972194439e+04
3.107409437361e+12	1.661352270454e+04
3.109255988912e+12	1.661732346469e+04
3.111103102231e+12	1.662112422484e+04
3.112950777343e+12	1.662492498500e+04
3.114799014274e+12	1.662872574515e+04
3.116647813050e+12	1.663252650530e+04
3.118497173698e+12	1.663632726545e+04
3.120347096243e+12	1.664012802561e+04
3.122197580712e+12	1.664392878576e+04
3.124048627130e+12	1.664772954591e+04
3.125900235525e+12	1.665153030606e+04
3.127752405921e+12	1.665533106621e+04
3.129605138347e+12	1.665913182637e+04
3.131458432829e+12	1.666293258652e+04
3.133312289393e+12	1.666673334667e+04
3.135166708066e+12	1.667053410682e+04
3.137021688875e+12	1.667433486697e+04
3.138877231846e+12	1.667813562713e+04
3.140733337008e+12	1.668193638728e+04
3.142590004387e+12	1.668573714743e+04
3.144447234009e+12	1.668953790758e+04
3.146305025904e+12	1.669333866773e+04
3.148163380097e+12	1.669713942789e+04
3.150022296616e+12	1.670094018804e+04
3.151881775489e+12	1.670474094819e+04
3.153741816744e+12	1.670854170834e+04
3.155602420407e+12	1.671234246849e+04
3.157463586508e+12	1.671614322865e+04
3.159325315074e+12	1.671994398880e+04
3.161187606132e+12	1.672374474895e+04
3.163050459711e+12	1.672754550910e+04
3.164913875839e+12	1.673134626925e+04
3.166777854544e+12	1.673514702941e+04
3.168642395855e+12	1.673894778956e+04
3.170507499800e+12	1.674274854971e+04
3.172373166407e+12	1.674654930986e+04
3.174239395705e+12	1.675035007001e+04
3.176106187722e+12	1.675415083017e+04
3.177973542488e+12	1.675795159032e+04
3.179841460031e+12	1.676175235047e+04
3.181709940380e+12	1.676555311062e+04
3.183578983564e+12	1.676935387077e+04
3.185448589612e+12	1.677315463093e+04
3.187318758554e+12	1.677695539108e+04
3.189189490418e+12	1.678075615123e+04
3.191060785235e+12	1.678455691138e+04
3.192932643032e+12	1.678835767153e+04
3.194805063841e+12	1.679215843169e+04
3.196678047690e+12	1.679595919184e+04
3.198551594609e+12	1.679975995199e+04
3.200425704628e+12	1.680356071214e+04
3.202300377777e+12	1.680736147229e+04
3.204175614086e+12	1.681116223245e+04
3.206051413584e+12	1.681496299260e+04
3.207927776303e+12	1.681876375275e+04
3.209804702272e+12	1.682256451290e+04
3.211682191521e+12	1.682636527305e+04
3.213560244081e+12	1.683016603321e+04
3.215438859983e+12	1.683396679336e+04
3.217318039257e+12	1.683776755351e+04
3.219197781933e+12	1.684156831366e+04
3.221078088042e+12	1.684536907381e+04
3.222958957616e+12	1.684916983397e+04
3.224840390685e+12	1.685297059412e+04
3.226722387280e+12	1.685677135427e+04
3.228604947432e+12	1.686057211442e+04
3.230488071173e+12	1.686437287457e+04
3.232371758533e+12	1.686817363473e+04
3.234256009544e+12	1.687197439488e+04
3.236140824238e+12	1.687577515503e+04
3.238026202646e+12	1.687957591518e+04
3.239912144799e+12	1.688337667534e+04
3.241798650730e+12	1.688717743549e+04
3.243685720470e+12	1.689097819564e+04
3.245573354051e+12	1.689477895579e+04
3.247461551505e+12	1.689857971594e+04
3.249350312864e+12	1.690238047610e+04
3.251239638160e+12	1.690618123625e+04
3.253129527426e+12	1.690998199640e+04
3.255019980694e+12	1.691378275655e+04
3.256910997995e+12	1.691758351670e+04
3.258802579364e+12	1.692138427686e+04
3.260694724832e+12	1.692518503701e+04
3.262587434432e+12	1.692898579716e+04
3.264480708197e+12	1.693278655731e+04
3.266374546160e+12	1.693658731746e+04
3.268268948353e+12	1.694038807762e+04
3.270163914810e+12	1.694418883777e+04
3.272059445564e+12	1.694798959792e+04
3.273955540648e+12	1.695179035807e+04
3.275852200095e+12	1.695559111822e+04
3.277749423939e+12	1.695939187838e+04
3.279647212214e+12	1.696319263853e+04
3.281545564952e+12	1.696699339868e+04
3.283444482188e+12	1.697079415883e+04
3.285343963955e+12	1.697459491898e+04
3.287244010287e+12	1.697839567914e+04
3.289144621218e+12	1.698219643929e+04
3.291045796783e+12	1.698599719944e+04
3.292947537014e+12	1.698979795959e+04
3.294849841948e+12	1.699359871974e+04
3.296752711617e+12	1.699739947990e+04
3.298656146056e+12	1.700120024005e+04
3.300560145299e+12	1.700500100020e+04
3.302464709382e+12	1.700880176035e+04
3.304369838339e+12	1.701260252050e+04
3.306275532204e+12	1.701640328066e+04
3.308181791013e+12	1.702020404081e+04
3.310088614800e+12	1.702400480096e+04
3.311996003601e+12	1.702780556111e+04
3.313903957450e+12	1.703160632126e+04
3.315812476383e+12	1.703540708142e+04
3.317721560435e+12	1.703920784157e+04
3.319631209641e+12	1.704300860172e+04
3.321541424038e+12	1.704680936187e+04
3.323452203659e+12	1.705061012202e+04
3.325363548542e+12	1.705441088218e+04
3.327275458722e+12	1.705821164233e+04
3.329187934234e+12	1.706201240248e+04
3.331100975115e+12	1.706581316263e+04
3.333014581401e+12	1.706961392278e+04
3.334928753128e+12	1.707341468294e+04
3.336843490331e+12	1.707721544309e+04
3.338758793048e+12	1.708101620324e+04
3.340674661314e+12	1.708481696339e+04
3.342591095167e+12	1.708861772354e+04
3.344508094642e+12	1.709241848370e+04
3.346425659777e+12	1.709621924385e+04
3.348343790608e+12	1.710002000400e+04
3.350262487172e+12	1.710382076415e+04
3.352181749505e+12	1.710762152430e+04
3.354101577646e+12	1.711142228446e+04
3.356021971631e+12	1.711522304461e+04
3.357942931497e+12	1.711902380476e+04
3.359864457281e+12	1.712282456491e+04
3.361786549022e+12	1.712662532507e+04
3.363709206756e+12	1.713042608522e+04
3.365632430520e+12	1.713422684537e+04
3.367556220354e+12	1.713802760552e+04
3.369480576294e+12	1.714182836567e+04
3.371405498379e+12	1.714562912583e+04
3.373330986645e+12	1.714942988598e+04
3.375257041133e+12	1.715323064613e+04
3.377183661878e+12	1.715703140628e+04
3.379110848920e+12	1.716083216643e+04
3.381038602297e+12	1.716463292659e+04
3.382966922048e+12	1.716843368674e+04
3.384895808210e+12	1.717223444689e+04
3.386825260823e+12	1.717603520704e+04
3.388755279925e+12	1.717983596719e+04
3.390685865555e+12	1.718363672735e+04
3.392617017752e+12	1.718743748750e+04
3.394548736554e+12	1.719123824765e+04
3.396481022002e+12	1.719503900780e+04
3.398413874133e+12	1.719883976795e+04
3.400347292988e+12	1.720264052811e+04
3.402281278605e+12	1.720644128826e+04
3.404215831024e+12	1.721024204841e+04
3.406150950285e+12	1.721404280856e+04
3.408086636427e+12	1.721784356871e+04
3.410022889490e+12	1.722164432887e+04
3.411959709513e+12	1.722544508902e+04
3.413897096537e+12	1.722924584917e+04
3.415835050602e+12	1.723304660932e+04
3.417773571747e+12	1.723684736947e+04
3.419712660013e+12	1.724064812963e+04
3.421652315440e+12	1.724444888978e+04
3.423592538068e+12	1.724824964993e+04
3.425533327939e+12	1.725205041008e+04
3.427474685092e+12	1.725585117023e+04
3.429416609567e+12	1.725965193039e+04
3.431359101407e+12	1.726345269054e+04
3.433302160652e+12	1.726725345069e+04
3.435245787341e+12	1.727105421084e+04
3.437189981518e+12	1.727485497099e+04
3.439134743222e+12	1.727865573115e+04
3.441080072495e+12	1.728245649130e+04
3.443025969379e+12	1.728625725145e+04
3.444972433914e+12	1.729005801160e+04
3.446919466142e+12	1.729385877175e+04
3.448867066105e+12	1.729765953191e+04
3.450815233844e+12	1.730146029206e+04
3.452763969401e+12	1.730526105221e+04
3.454713272819e+12	1.730906181236e+04
3.456663144138e+12	1.731286257251e+04
3.458613583402e+12	1.731666333267e+04
3.460564590651e+12	1.732046409282e+04
3.462516165929e+12	1.732426485297e+04
3.464468309278e+12	1.732806561312e+04
3.466421020740e+12	1.733186637327e+04
3.468374300358e+12	1.733566713343e+04
3.470328148174e+12	1.733946789358e+04
3.472282564231e+12	1.734326865373e+04
3.474237548572e+12	1.734706941388e+04
3.476193101240e+12	1.735087017403e+04
3.478149222278e+12	1.735467093419e+04
3.480105911729e+12	1.735847169434e+04
3.482063169635e+12	1.736227245449e+04
3.484020996042e+12	1.736607321464e+04
3.485979390991e+12	1.736987397479e+04
3.487938354526e+12	1.737367473495e+04
3.489897886691e+12	1.737747549510e+04
3.491857987530e+12	1.738127625525e+04
3.493818657086e+12	1.738507701540e+04
3.495779895403e+12	1.738887777556e+04
3.497741702525e+12	1.739267853571e+04
3.499704078496e+12	1.739647929586e+04
3.501667023361e+12	1.740028005601e+04
3.503630537163e+12	1.740408081616e+04
3.505594619948e+12	1.740788157632e+04
3.507559271758e+12	1.741168233647e+04
3.509524492639e+12	1.741548309662e+04
3.511490282636e+12	1.741928385677e+04
3.513456641794e+12	1.742308461692e+04
3.515423570156e+12	1.742688537708e+04
3.517391067768e+12	1.743068613723e+04
3.519359134675e+12	1.743448689738e+04
3.521327770922e+12	1.743828765753e+04
3.523296976555e+12	1.744208841768e+04
3.525266751618e+12	1.744588917784e+04
3.527237096157e+12	1.744968993799e+04
3.529208010218e+12	1.745349069814e+04
3.531179493846e+12	1.745729145829e+04
3.533151547087e+12	1.746109221844e+04
3.535124169986e+12	1.746489297860e+04
3.537097362589e+12	1.746869373875e+04
3.539071124943e+12	1.747249449890e+04
3.541045457094e+12	1.747629525905e+04
3.543020359087e+12	1.748009601920e+04
3.544995830969e+12	1.748389677936e+04
3.546971872787e+12	1.748769753951e+04
3.548948484586e+12	1.749149829966e+04
3.550925666414e+12	1.749529905981e+04
3.552903418316e+12	1.749909981996e+04
3.554881740340e+12	1.750290058012e+04
3.556860632533e+12	1.750670134027e+04
3.558840094942e+12	1.751050210042e+04
3.560820127613e+12	1.751430286057e+04
3.562800730594e+12	1.751810362072e+04
3.564781903931e+12	1.752190438088e+04
3.566763647673e+12	1.752570514103e+04
3.568745961867e+12	1.752950590118e+04
3.570728846560e+12	1.753330666133e+04
3.572712301800e+12	1.753710742148e+04
3.574696327635e+12	1.754090818164e+04
3.576680924112e+12	1.754470894179e+04
3.578666091279e+12	1.754850970194e+04
3.580651829185e+12	1.755231046209e+04
3.582638137877e+12	1.755611122224e+04
3.584625017404e+12	1.755991198240e+04
3.586612467815e+12	1.756371274255e+04
3.588600489156e+12	1.756751350270e+04
3.590589081478e+12	1.757131426285e+04
3.592578244828e+12	1.757511502300e+04
3.594567979255e+12	1.757891578316e+04
3.596558284809e+12	1.758271654331e+04
3.598549161537e+12	1.758651730346e+04
3.600540609490e+12	1.759031806361e+04
3.602532628715e+12	1.759411882376e+04
3.604525219263e+12	1.759791958392e+04
3.606518381182e+12	1.760172034407e+04
3.608512114523e+12	1.760552110422e+04
3.610506419334e+12	1.760932186437e+04
3.612501295665e+12	1.761312262452e+04
3.614496743565e+12	1.761692338468e+04
3.616492763086e+12	1.762072414483e+04
3.618489354275e+12	1.762452490498e+04
3.620486517184e+12	1.762832566513e+04
3.622484251863e+12	1.763212642529e+04
3.624482558361e+12	1.763592718544e+04
3.626481436729e+12	1.763972794559e+04
3.628480887018e+12	1.764352870574e+04
3.630480909277e+12	1.764732946589e+04
3.632481503558e+12	1.765113022605e+04
3.634482669911e+12	1.765493098620e+04
3.636484408387e+12	1.765873174635e+04
3.638486719036e+12	1.766253250650e+04
3.640489601910e+12	1.766633326665e+04
3.642493057060e+12	1.767013402681e+04
3.644497084537e+12	1.767393478696e+04
3.646501684392e+12	1.767773554711e+04
3.648506856677e+12	1.768153630726e+04
3.650512601443e+12	1.768533706741e+04
3.652518918741e+12	1.768913782757e+04
3.654525808624e+12	1.769293858772e+04
3.656533271143e+12	1.769673934787e+04
3.658541306350e+12	1.770054010802e+04
3.660549914297e+12	1.770434086817e+04
3.662559095036e+12	1.770814162833e+04
3.664568848619e+12	1.771194238848e+04
3.666579175099e+12	1.771574314863e+04
3.668590074527e+12	1.771954390878e+04
3.670601546957e+12	1.772334466893e+04
3.672613592440e+12	1.772714542909e+04
3.674626211031e+12	1.773094618924e+04
3.676639402780e+12	1.773474694939e+04
3.678653167742e+12	1.773854770954e+04
3.680667505968e+12	1.774234846969e+04
3.682682417513e+12	1.774614922985e+04
3.684697902430e+12	1.774994999000e+04
3.686713960771e+12	1.775375075015e+04
3.688730592590e+12	1.775755151030e+04
3.690747797941e+12	1.776135227045e+04
3.692765576877e+12	1.776515303061e+04
3.694783929451e+12	1.776895379076e+04
3.696802855718e+12	1.777275455091e+04
3.698822355732e+12	1.777655531106e+04
3.700842429546e+12	1.778035607121e+04
3.702863077214e+12	1.778415683137e+04
3.704884298791e+12	1.778795759152e+04
3.706906094332e+12	1.779175835167e+04
3.708928463889e+12	1.779555911182e+04
3.710951407518e+12	1.779935987197e+04
3.712974925274e+12	1.780316063213e+04
3.714999017210e+12	1.780696139228e+04
3.717023683383e+12	1.781076215243e+04
3.719048923846e+12	1.781456291258e+04
3.721074738655e+12	1.781836367273e+04
3.723101127865e+12	1.782216443289e+04
3.725128091530e+12	1.782596519304e+04
3.727155629708e+12	1.782976595319e+04
3.729183742451e+12	1.783356671334e+04
3.731212429817e+12	1.783736747349e+04
3.733241691861e+12	1.784116823365e+04
3.735271528638e+12	1.784496899380e+04
3.737301940205e+12	1.784876975395e+04
3.739332926616e+12	1.785257051410e+04
3.741364487929e+12	1.785637127425e+04
3.743396624199e+12	1.786017203441e+04
3.745429335483e+12	1.786397279456e+04
3.747462621836e+12	1.786777355471e+04
3.749496483316e+12	1.787157431486e+04
3.751530919978e+12	1.787537507501e+04
3.753565931880e+12	1.787917583517e+04
3.755601519078e+12	1.788297659532e+04
3.757637681628e+12	1.788677735547e+04
3.759674419588e+12	1.789057811562e+04
3.761711733016e+12	1.789437887578e+04
3.763749621967e+12	1.789817963593e+04
3.765788086499e+12	1.790198039608e+04
3.767827126670e+12	1.790578115623e+04
3.769866742536e+12	1.790958191638e+04
3.771906934156e+12	1.791338267654e+04
3.773947701587e+12	1.791718343669e+04
3.775989044888e+12	1.792098419684e+04
3.778030964114e+12	1.792478495699e+04
3.780073459325e+12	1.792858571714e+04
3.782116530579e+12	1.793238647730e+04
3.784160177934e+12	1.793618723745e+04
3.786204401448e+12	1.793998799760e+04
3.788249201179e+12	1.794378875775e+04
3.790294577186e+12	1.794758951790e+04
3.792340529528e+12	1.795139027806e+04
3.794387058262e+12	1.795519103821e+04
3.796434163449e+12	1.795899179836e+04
3.798481845146e+12	1.796279255851e+04
3.800530103413e+12	1.796659331866e+04
3.802578938309e+12	1.797039407882e+04
3.804628349892e+12	1.797419483897e+04
3.806678338223e+12	1.797799559912e+04
3.808728903361e+12	1.798179635927e+04
3.810780045365e+12	1.798559711942e+04
3.812831764294e+12	1.798939787958e+04
3.814884060209e+12	1.799319863973e+04
3.816936933169e+12	1.799699939988e+04
3.818990383234e+12	1.800080016003e+04
3.821044410464e+12	1.800460092018e+04
3.823099014920e+12	1.800840168034e+04
3.825154196660e+12	1.801220244049e+04
3.827209955747e+12	1.801600320064e+04
3.829266292240e+12	1.801980396079e+04
3.831323206200e+12	1.802360472094e+04
3.833380697686e+12	1.802740548110e+04
3.835438766761e+12	1.803120624125e+04
3.837497413485e+12	1.803500700140e+04
3.839556637919e+12	1.803880776155e+04
3.841616440124e+12	1.804260852170e+04
3.843676820160e+12	1.804640928186e+04
3.845737778090e+12	1.805021004201e+04
3.847799313975e+12	1.805401080216e+04
3.849861427876e+12	1.805781156231e+04
3.851924119854e+12	1.806161232246e+04
3.853987389972e+12	1.806541308262e+04
3.856051238291e+12	1.806921384277e+04
3.858115664873e+12	1.807301460292e+04
3.860180669780e+12	1.807681536307e+04
3.862246253074e+12	1.808061612322e+04
3.864312414817e+12	1.808441688338e+04
3.866379155072e+12	1.808821764353e+04
3.868446473901e+12	1.809201840368e+04
3.870514371366e+12	1.809581916383e+04
3.872582847531e+12	1.809961992398e+04
3.874651902457e+12	1.810342068414e+04
3.876721536208e+12	1.810722144429e+04
3.878791748847e+12	1.811102220444e+04
3.880862540436e+12	1.811482296459e+04
3.882933911038e+12	1.811862372474e+04
3.885005860718e+12	1.812242448490e+04
3.887078389538e+12	1.812622524505e+04
3.889151497562e+12	1.813002600520e+04
3.891225184853e+12	1.813382676535e+04
3.893299451476e+12	1.813762752551e+04
3.895374297493e+12	1.814142828566e+04
3.897449722968e+12	1.814522904581e+04
3.899525727966e+12	1.814902980596e+04
3.901602312551e+12	1.815283056611e+04
3.903679476787e+12	1.815663132627e+04
3.905757220738e+12	1.816043208642e+04
3.907835544469e+12	1.816423284657e+04
3.909914448043e+12	1.816803360672e+04
3.911993931527e+12	1.817183436687e+04
3.914073994984e+12	1.817563512703e+04
3.916154638479e+12	1.817943588718e+04
3.918235862077e+12	1.818323664733e+04
3.920317665843e+12	1.818703740748e+04
3.922400049843e+12	1.819083816763e+04
3.924483014141e+12	1.819463892779e+04
3.926566558804e+12	1.819843968794e+04
3.928650683895e+12	1.820224044809e+04
3.930735389482e+12	1.820604120824e+04
3.932820675629e+12	1.820984196839e+04
3.934906542403e+12	1.821364272855e+04
3.936992989869e+12	1.821744348870e+04
3.939080018094e+12	1.822124424885e+04
3.941167627142e+12	1.822504500900e+04
3.943255817082e+12	1.822884576915e+04
3.945344587978e+12	1.823264652931e+04
3.947433939897e+12	1.823644728946e+04
3.949523872907e+12	1.824024804961e+04
3.951614387073e+12	1.824404880976e+04
3.953705482462e+12	1.824784956991e+04
3.955797159141e+12	1.825165033007e+04
3.957889417177e+12	1.825545109022e+04
3.959982256637e+12	1.825925185037e+04
3.962075677589e+12	1.826305261052e+04
3.964169680098e+12	1.826685337067e+04
3.966264264234e+12	1.827065413083e+04
3.968359430063e+12	1.827445489098e+04
3.970455177653e+12	1.827825565113e+04
3.972551507072e+12	1.828205641128e+04
3.974648418387e+12	1.828585717143e+04
3.976745911666e+12	1.828965793159e+04
3.978843986978e+12	1.829345869174e+04
3.980942644390e+12	1.829725945189e+04
3.983041883971e+12	1.830106021204e+04
3.985141705789e+12	1.830486097219e+04
3.987242109913e+12	1.830866173235e+04
3.989343096410e+12	1.831246249250e+04
3.991444665350e+12	1.831626325265e+04
3.993546816802e+12	1.832006401280e+04
3.995649550834e+12	1.832386477295e+04
3.997752867516e+12	1.832766553311e+04
3.999856766916e+12	1.833146629326e+04
4.001961249103e+12	1.833526705341e+04
4.004066314148e+12	1.833906781356e+04
4.006171962119e+12	1.834286857371e+04
4.008278193085e+12	1.834666933387e+04
4.010385007118e+12	1.835047009402e+04
4.012492404285e+12	1.835427085417e+04
4.014600384658e+12	1.835807161432e+04
4.016708948306e+12	1.836187237447e+04
4.018818095299e+12	1.836567313463e+04
4.020927825707e+12	1.836947389478e+04
4.023038139600e+12	1.837327465493e+04
4.025149037050e+12	1.837707541508e+04
4.027260518126e+12	1.838087617524e+04
4.029372582899e+12	1.838467693539e+04
4.031485231440e+12	1.838847769554e+04
4.033598463820e+12	1.839227845569e+04
4.035712280109e+12	1.839607921584e+04
4.037826680378e+12	1.839987997600e+04
4.039941664700e+12	1.840368073615e+04
4.042057233144e+12	1.840748149630e+04
4.044173385783e+12	1.841128225645e+04
4.046290122687e+12	1.841508301660e+04
4.048407443929e+12	1.841888377676e+04
4.050525349579e+12	1.842268453691e+04
4.052643839711e+12	1.842648529706e+04
4.054762914396e+12	1.843028605721e+04
4.056882573705e+12	1.843408681736e+04
4.059002817711e+12	1.843788757752e+04
4.061123646486e+12	1.844168833767e+04
4.063245060103e+12	1.844548909782e+04
4.065367058633e+12	1.844928985797e+04
4.067489642151e+12	1.845309061812e+04
4.069612810727e+12	1.845689137828e+04
4.071736564435e+12	1.846069213843e+04
4.073860903348e+12	1.846449289858e+04
4.075985827539e+12	1.846829365873e+04
4.078111337081e+12	1.847209441888e+04
4.080237432047e+12	1.847589517904e+04
4.082364112510e+12	1.847969593919e+04
4.084491378544e+12	1.848349669934e+04
4.086619230223e+12	1.848729745949e+04
4.088747667620e+12	1.849109821964e+04
4.090876690809e+12	1.849489897980e+04
4.093006299863e+12	1.849869973995e+04
4.095136494857e+12	1.850250050010e+04
4.097267275865e+12	1.850630126025e+04
4.099398642961e+12	1.851010202040e+04
4.101530596219e+12	1.851390278056e+04
4.103663135714e+12	1.851770354071e+04
4.105796261520e+12	1.852150430086e+04
4.107929973713e+12	1.852530506101e+04
4.110064272365e+12	1.852910582116e+04
4.112199157554e+12	1.853290658132e+04
4.114334629353e+12	1.853670734147e+04
4.116470687837e+12	1.854050810162e+04
4.118607333082e+12	1.854430886177e+04
4.120744565164e+12	1.854810962192e+04
4.122882384156e+12	1.855191038208e+04
4.125020790136e+12	1.855571114223e+04
4.127159783179e+12	1.855951190238e+04
4.129299363359e+12	1.856331266253e+04
4.131439530754e+12	1.856711342268e+04
4.133580285440e+12	1.857091418284e+04
4.135721627491e+12	1.857471494299e+04
4.137863556985e+12	1.857851570314e+04
4.140006073998e+12	1.858231646329e+04
4.142149178606e+12	1.858611722344e+04
4.144292870885e+12	1.858991798360e+04
4.146437150913e+12	1.859371874375e+04
4.148582018766e+12	1.859751950390e+04
4.150727474520e+12	1.860132026405e+04
4.152873518254e+12	1.860512102420e+04
4.155020150044e+12	1.860892178436e+04
4.157167369966e+12	1.861272254451e+04
4.159315178099e+12	1.861652330466e+04
4.161463574520e+12	1.862032406481e+04
4.163612559306e+12	1.862412482496e+04
4.165762132535e+12	1.862792558512e+04
4.167912294285e+12	1.863172634527e+04
4.170063044633e+12	1.863552710542e+04
4.172214383658e+12	1.863932786557e+04
4.174366311437e+12	1.864312862573e+04
4.176518828050e+12	1.864692938588e+04
4.178671933573e+12	1.865073014603e+04
4.180825628085e+12	1.865453090618e+04
4.182979911666e+12	1.865833166633e+04
4.185134784393e+12	1.866213242649e+04
4.187290246345e+12	1.866593318664e+04
4.189446297602e+12	1.866973394679e+04
4.191602938242e+12	1.867353470694e+04
4.193760168344e+12	1.867733546709e+04
4.195917987987e+12	1.868113622725e+04
4.198076397251e+12	1.868493698740e+04
4.200235396215e+12	1.868873774755e+04
4.202394984959e+12	1.869253850770e+04
4.204555163562e+12	1.869633926785e+04
4.206715932104e+12	1.870014002801e+04
4.208877290665e+12	1.870394078816e+04
4.211039239325e+12	1.870774154831e+04
4.213201778164e+12	1.871154230846e+04
4.215364907262e+12	1.871534306861e+04
4.217528626699e+12	1.871914382877e+04
4.219692936556e+12	1.872294458892e+04
4.221857836914e+12	1.872674534907e+04
4.224023327852e+12	1.873054610922e+04
4.226189409453e+12	1.873434686937e+04
4.228356081796e+12	1.873814762953e+04
4.230523344963e+12	1.874194838968e+04
4.232691199034e+12	1.874574914983e+04
4.234859644091e+12	1.874954990998e+04
4.237028680216e+12	1.875335067013e+04
4.239198307489e+12	1.875715143029e+04
4.241368525993e+12	1.876095219044e+04
4.243539335808e+12	1.876475295059e+04
4.245710737017e+12	1.876855371074e+04
4.247882729702e+12	1.877235447089e+04
4.250055313944e+12	1.877615523105e+04
4.252228489825e+12	1.877995599120e+04
4.254402257429e+12	1.878375675135e+04
4.256576616837e+12	1.878755751150e+04
4.258751568131e+12	1.879135827165e+04
4.260927111395e+12	1.879515903181e+04
4.263103246711e+12	1.879895979196e+04
4.265279974161e+12	1.880276055211e+04
4.267457293829e+12	1.880656131226e+04
4.269635205797e+12	1.881036207241e+04
4.271813710149e+12	1.881416283257e+04
4.273992806968e+12	1.881796359272e+04
4.276172496337e+12	1.882176435287e+04
4.278352778341e+12	1.882556511302e+04
4.280533653061e+12	1.882936587317e+04
4.282715120582e+12	1.883316663333e+04
4.284897180989e+12	1.883696739348e+04
4.287079834364e+12	1.884076815363e+04
4.289263080792e+12	1.884456891378e+04
4.291446920357e+12	1.884836967393e+04
4.293631353143e+12	1.885217043409e+04
4.295816379235e+12	1.885597119424e+04
4.298001998716e+12	1.885977195439e+04
4.300188211673e+12	1.886357271454e+04
4.302375018189e+12	1.886737347469e+04
4.304562418349e+12	1.887117423485e+04
4.306750412238e+12	1.887497499500e+04
4.308938999942e+12	1.887877575515e+04
4.311128181545e+12	1.888257651530e+04
4.313317957132e+12	1.888637727546e+04
4.315508326790e+12	1.889017803561e+04
4.317699290603e+12	1.889397879576e+04
4.319890848658e+12	1.889777955591e+04
4.322083001040e+12	1.890158031606e+04
4.324275747834e+12	1.890538107622e+04
4.326469089128e+12	1.890918183637e+04
4.328663025006e+12	1.891298259652e+04
4.330857555555e+12	1.891678335667e+04
4.333052680862e+12	1.892058411682e+04
4.335248401013e+12	1.892438487698e+04
4.337444716094e+12	1.892818563713e+04
4.339641626192e+12	1.893198639728e+04
4.341839131394e+12	1.893578715743e+04
4.344037231787e+12	1.893958791758e+04
4.346235927457e+12	1.894338867774e+04
4.348435218493e+12	1.894718943789e+04
4.350635104980e+12	1.895099019804e+04
4.352835587007e+12	1.895479095819e+04
4.355036664661e+12	1.895859171834e+04
4.357238338030e+12	1.896239247850e+04
4.359440607200e+12	1.896619323865e+04
4.361643472261e+12	1.896999399880e+04
4.363846933300e+12	1.897379475895e+04
4.366050990404e+12	1.897759551910e+04
4.368255643663e+12	1.898139627926e+04
4.370460893164e+12	1.898519703941e+04
4.372666738996e+12	1.898899779956e+04
4.374873181247e+12	1.899279855971e+04
4.377080220006e+12	1.899659931986e+04
4.379287855362e+12	1.900040008002e+04
4.381496087403e+12	1.900420084017e+04
4.383704916219e+12	1.900800160032e+04
4.385914341898e+12	1.901180236047e+04
4.388124364530e+12	1.901560312062e+04
4.390334984204e+12	1.901940388078e+04
4.392546201009e+12	1.902320464093e+04
4.394758015035e+12	1.902700540108e+04
4.396970426372e+12	1.903080616123e+04
4.399183435110e+12	1.903460692138e+04
4.401397041338e+12	1.903840768154e+04
4.403611245146e+12	1.904220844169e+04
4.405826046625e+12	1.904600920184e+04
4.408041445864e+12	1.904980996199e+04
4.410257442954e+12	1.905361072214e+04
4.412474037986e+12	1.905741148230e+04
4.414691231050e+12	1.906121224245e+04
4.416909022237e+12	1.906501300260e+04
4.419127411637e+12	1.906881376275e+04
4.421346399342e+12	1.907261452290e+04
4.423565985443e+12	1.907641528306e+04
4.425786170030e+12	1.908021604321e+04
4.428006953196e+12	1.908401680336e+04
4.430228335030e+12	1.908781756351e+04
4.432450315626e+12	1.909161832366e+04
4.434672895075e+12	1.909541908382e+04
4.436896073468e+12	1.909921984397e+04
4.439119850897e+12	1.910302060412e+04
4.441344227454e+12	1.910682136427e+04
4.443569203231e+12	1.911062212442e+04
4.445794778321e+12	1.911442288458e+04
4.448020952816e+12	1.911822364473e+04
4.450247726808e+12	1.912202440488e+04
4.452475100390e+12	1.912582516503e+04
4.454703073655e+12	1.912962592519e+04
4.456931646695e+12	1.913342668534e+04
4.459160819603e+12	1.913722744549e+04
4.461390592473e+12	1.914102820564e+04
4.463620965397e+12	1.914482896579e+04
4.465851938468e+12	1.914862972595e+04
4.468083511781e+12	1.915243048610e+04
4.470315685429e+12	1.915623124625e+04
4.472548459505e+12	1.916003200640e+04
4.474781834102e+12	1.916383276655e+04
4.477015809316e+12	1.916763352671e+04
4.479250385239e+12	1.917143428686e+04
4.481485561966e+12	1.917523504701e+04
4.483721339592e+12	1.917903580716e+04
4.485957718209e+12	1.918283656731e+04
4.488194697914e+12	1.918663732747e+04
4.490432278800e+12	1.919043808762e+04
4.492670460962e+12	1.919423884777e+04
4.494909244495e+12	1.919803960792e+04
4.497148629494e+12	1.920184036807e+04
4.499388616054e+12	1.920564112823e+04
4.501629204269e+12	1.920944188838e+04
4.503870394236e+12	1.921324264853e+04
4.506112186050e+12	1.921704340868e+04
4.508354579806e+12	1.922084416883e+04
4.510597575599e+12	1.922464492899e+04
4.512841173526e+12	1.922844568914e+04
4.515085373683e+12	1.923224644929e+04
4.517330176164e+12	1.923604720944e+04
4.519575581068e+12	1.923984796959e+04
4.521821588488e+12	1.924364872975e+04
4.524068198523e+12	1.924744948990e+04
4.526315411268e+12	1.925125025005e+04
4.528563226821e+12	1.925505101020e+04
4.530811645276e+12	1.925885177035e+04
4.533060666733e+12	1.926265253051e+04
4.535310291287e+12	1.926645329066e+04
4.537560519035e+12	1.927025405081e+04
4.539811350075e+12	1.927405481096e+04
4.542062784503e+12	1.927785557111e+04
4.544314822418e+12	1.928165633127e+04
4.546567463917e+12	1.928545709142e+04
4.548820709097e+12	1.928925785157e+04
4.551074558056e+12	1.929305861172e+04
4.553329010893e+12	1.929685937187e+04
4.555584067704e+12	1.930066013203e+04
4.557839728588e+12	1.930446089218e+04
4.560095993644e+12	1.930826165233e+04
4.562352862970e+12	1.931206241248e+04
4.564610336664e+12	1.931586317263e+04
4.566868414824e+12	1.931966393279e+04
4.569127097550e+12	1.932346469294e+04
4.571386384940e+12	1.932726545309e+04
4.573646277094e+12	1.933106621324e+04
4.575906774110e+12	1.933486697339e+04
4.578167876087e+12	1.933866773355e+04
4.580429583125e+12	1.934246849370e+04
4.582691895323e+12	1.934626925385e+04
4.584954812781e+12	1.935007001400e+04
4.587218335598e+12	1.935387077415e+04
4.589482463875e+12	1.935767153431e+04
4.591747197710e+12	1.936147229446e+04
4.594012537205e+12	1.936527305461e+04
4.596278482458e+12	1.936907381476e+04
4.598545033572e+12	1.937287457491e+04
4.600812190645e+12	1.937667533507e+04
4.603079953778e+12	1.938047609522e+04
4.605348323073e+12	1.938427685537e+04
4.607617298629e+12	1.938807761552e+04
4.609886880547e+12	1.939187837568e+04
4.612157068929e+12	1.939567913583e+04
4.614427863876e+12	1.939947989598e+04
4.616699265489e+12	1.940328065613e+04
4.618971273868e+12	1.940708141628e+04
4.621243889116e+12	1.941088217644e+04
4.623517111335e+12	1.941468293659e+04
4.625790940625e+12	1.941848369674e+04
4.628065377089e+12	1.942228445689e+04
4.630340420829e+12	1.942608521704e+04
4.632616071946e+12	1.942988597720e+04
4.634892330544e+12	1.943368673735e+04
4.637169196723e+12	1.943748749750e+04
4.639446670587e+12	1.944128825765e+04
4.641724752238e+12	1.944508901780e+04
4.644003441779e+12	1.944888977796e+04
4.646282739312e+12	1.945269053811e+04
4.648562644941e+12	1.945649129826e+04
4.650843158768e+12	1.946029205841e+04
4.653124280897e+12	1.946409281856e+04
4.655406011431e+12	1.946789357872e+04
4.657688350473e+12	1.947169433887e+04
4.659971298126e+12	1.947549509902e+04
4.662254854496e+12	1.947929585917e+04
4.664539019684e+12	1.948309661932e+04
4.666823793795e+12	1.948689737948e+04
4.669109176933e+12	1.949069813963e+04
4.671395169202e+12	1.949449889978e+04
4.673681770707e+12	1.949829965993e+04
4.675968981551e+12	1.950210042008e+04
4.678256801839e+12	1.950590118024e+04
4.680545231676e+12	1.950970194039e+04
4.682834271167e+12	1.951350270054e+04
4.685123920415e+12	1.951730346069e+04
4.687414179527e+12	1.952110422084e+04
4.689705048608e+12	1.952490498100e+04
4.691996527761e+12	1.952870574115e+04
4.694288617094e+12	1.953250650130e+04
4.696581316710e+12	1.953630726145e+04
4.698874626717e+12	1.954010802160e+04
4.701168547219e+12	1.954390878176e+04
4.703463078322e+12	1.954770954191e+04
4.705758220133e+12	1.955151030206e+04
4.708053972757e+12	1.955531106221e+04
4.710350336300e+12	1.955911182236e+04
4.712647310869e+12	1.956291258252e+04
4.714944896570e+12	1.956671334267e+04
4.717243093510e+12	1.957051410282e+04
4.719541901795e+12	1.957431486297e+04
4.721841321532e+12	1.957811562312e+04
4.724141352829e+12	1.958191638328e+04
4.726441995791e+12	1.958571714343e+04
4.728743250527e+12	1.958951790358e+04
4.731045117143e+12	1.959331866373e+04
4.733347595747e+12	1.959711942388e+04
4.735650686446e+12	1.960092018404e+04
4.737954389348e+12	1.960472094419e+04
4.740258704561e+12	1.960852170434e+04
4.742563632193e+12	1.961232246449e+04
4.744869172351e+12	1.961612322464e+04
4.747175325144e+12	1.961992398480e+04
4.749482090680e+12	1.962372474495e+04
4.751789469068e+12	1.962752550510e+04
4.754097460415e+12	1.963132626525e+04
4.756406064831e+12	1.963512702541e+04
4.758715282424e+12	1.963892778556e+04
4.761025113303e+12	1.964272854571e+04
4.763335557577e+12	1.964652930586e+04
4.765646615355e+12	1.965033006601e+04
4.767958286747e+12	1.965413082617e+04
4.770270571862e+12	1.965793158632e+04
4.772583470808e+12	1.966173234647e+04
4.774896983697e+12	1.966553310662e+04
4.777211110637e+12	1.966933386677e+04
4.779525851738e+12	1.967313462693e+04
4.781841207111e+12	1.967693538708e+04
4.784157176865e+12	1.968073614723e+04
4.786473761111e+12	1.968453690738e+04
4.788790959959e+12	1.968833766753e+04
4.791108773519e+12	1.969213842769e+04
4.793427201902e+12	1.969593918784e+04
4.795746245219e+12	1.969973994799e+04
4.798065903580e+12	1.970354070814e+04
4.800386177097e+12	1.970734146829e+04
4.802707065881e+12	1.971114222845e+04
4.805028570042e+12	1.971494298860e+04
4.807350689693e+12	1.971874374875e+04
4.809673424943e+12	1.972254450890e+04
4.811996775906e+12	1.972634526905e+04
4.814320742693e+12	1.973014602921e+04
4.816645325416e+12	1.973394678936e+04
4.818970524186e+12	1.973774754951e+04
4.821296339115e+12	1.974154830966e+04
4.823622770316e+12	1.974534906981e+04
4.825949817902e+12	1.974914982997e+04
4.828277481984e+12	1.975295059012e+04
4.830605762675e+12	1.975675135027e+04
4.832934660088e+12	1.976055211042e+04
4.835264174335e+12	1.976435287057e+04
4.837594305530e+12	1.976815363073e+04
4.839925053786e+12	1.977195439088e+04
4.842256419215e+12	1.977575515103e+04
4.844588401931e+12	1.977955591118e+04
4.846921002048e+12	1.978335667133e+04
4.849254219679e+12	1.978715743149e+04
4.851588054938e+12	1.979095819164e+04
4.853922507938e+12	1.979475895179e+04
4.856257578793e+12	1.979855971194e+04
4.858593267618e+12	1.980236047209e+04
4.860929574527e+12	1.980616123225e+04
4.863266499634e+12	1.980996199240e+04
4.865604043053e+12	1.981376275255e+04
4.867942204899e+12	1.981756351270e+04
4.870280985286e+12	1.982136427285e+04
4.872620384330e+12	1.982516503301e+04
4.874960402145e+12	1.982896579316e+04
4.877301038847e+12	1.983276655331e+04
4.879642294550e+12	1.983656731346e+04
4.881984169370e+12	1.984036807361e+04
4.884326663422e+12	1.984416883377e+04
4.886669776822e+12	1.984796959392e+04
4.889013509685e+12	1.985177035407e+04
4.891357862128e+12	1.985557111422e+04
4.893702834266e+12	1.985937187437e+04
4.896048426215e+12	1.986317263453e+04
4.898394638091e+12	1.986697339468e+04
4.900741470012e+12	1.987077415483e+04
4.903088922092e+12	1.987457491498e+04
4.905436994449e+12	1.987837567514e+04
4.907785687199e+12	1.988217643529e+04
4.910135000459e+12	1.988597719544e+04
4.912484934347e+12	1.988977795559e+04
4.914835488978e+12	1.989357871574e+04
4.917186664471e+12	1.989737947590e+04
4.919538460942e+12	1.990118023605e+04
4.921890878510e+12	1.990498099620e+04
4.924243917290e+12	1.990878175635e+04
4.926597577402e+12	1.991258251650e+04
4.928951858964e+12	1.991638327666e+04
4.931306762092e+12	1.992018403681e+04
4.933662286905e+12	1.992398479696e+04
4.936018433521e+12	1.992778555711e+04
4.938375202058e+12	1.993158631726e+04
4.940732592636e+12	1.993538707742e+04
4.943090605372e+12	1.993918783757e+04
4.945449240385e+12	1.994298859772e+04
4.947808497794e+12	1.994678935787e+04
4.950168377718e+12	1.995059011802e+04
4.952528880276e+12	1.995439087818e+04
4.954890005587e+12	1.995819163833e+04
4.957251753771e+12	1.996199239848e+04
4.959614124946e+12	1.996579315863e+04
4.961977119233e+12	1.996959391878e+04
4.964340736751e+12	1.997339467894e+04
4.966704977620e+12	1.997719543909e+04
4.969069841960e+12	1.998099619924e+04
4.971435329890e+12	1.998479695939e+04
4.973801441532e+12	1.998859771954e+04
4.976168177006e+12	1.999239847970e+04
4.978535536431e+12	1.999619923985e+04
4.980903519929e+12	2.000000000000e+04
