1.000000e+00	7.916819e+03
1.000000e+07	7.916819e+03
1.007397e+07	7.916819e+03
1.014849e+07	7.916819e+03
1.022355e+07	7.916819e+03
1.029918e+07	7.916819e+03
1.037536e+07	7.916819e+03
1.045211e+07	7.916819e+03
1.052942e+07	7.916819e+03
1.060731e+07	7.916819e+03
1.068577e+07	7.916819e+03
1.076481e+07	7.916819e+03
1.084444e+07	7.916819e+03
1.092465e+07	7.916819e+03
1.100546e+07	7.916819e+03
1.108687e+07	7.916819e+03
1.116888e+07	7.916819e+03
1.125150e+07	7.916819e+03
1.133472e+07	7.916819e+03
1.141856e+07	7.916819e+03
1.150303e+07	7.916819e+03
1.158812e+07	7.916819e+03
1.167383e+07	7.916819e+03
1.176018e+07	7.916819e+03
1.184717e+07	7.916819e+03
1.193481e+07	7.916819e+03
1.202309e+07	7.916819e+03
1.211202e+07	7.916819e+03
1.220161e+07	7.916819e+03
1.229187e+07	7.916819e+03
1.238279e+07	7.916819e+03
1.247439e+07	7.916819e+03
1.256666e+07	7.916819e+03
1.265961e+07	7.916819e+03
1.275326e+07	7.916819e+03
1.284759e+07	7.916819e+03
1.294263e+07	7.916819e+03
1.303836e+07	7.916819e+03
1.313481e+07	7.916819e+03
1.323196e+07	7.916819e+03
1.332984e+07	7.916819e+03
1.342844e+07	7.916819e+03
1.352777e+07	7.916819e+03
1.362784e+07	7.916819e+03
1.372864e+07	7.916819e+03
1.383019e+07	7.916819e+03
1.393249e+07	7.916819e+03
1.403555e+07	7.916819e+03
1.413937e+07	7.916819e+03
1.424396e+07	7.916819e+03
1.434932e+07	7.916819e+03
1.445546e+07	7.916819e+03
1.456239e+07	7.916819e+03
1.467011e+07	7.916819e+03
1.477862e+07	7.916819e+03
1.488794e+07	7.916819e+03
1.499806e+07	7.916819e+03
1.510900e+07	7.916819e+03
1.522077e+07	7.916819e+03
1.533335e+07	7.916819e+03
1.544677e+07	7.916819e+03
1.556103e+07	7.916819e+03
1.567614e+07	7.916819e+03
1.579209e+07	7.916819e+03
1.590891e+07	7.916819e+03
1.602658e+07	7.916819e+03
1.614513e+07	7.916819e+03
1.626456e+07	7.916819e+03
1.638487e+07	7.916819e+03
1.650606e+07	7.916819e+03
1.662816e+07	7.916819e+03
1.675116e+07	7.916819e+03
1.687506e+07	7.916819e+03
1.699989e+07	7.916819e+03
1.712564e+07	7.916819e+03
1.725231e+07	7.916819e+03
1.737993e+07	7.916819e+03
1.750849e+07	7.916819e+03
1.763800e+07	7.916819e+03
1.776847e+07	7.916819e+03
1.789990e+07	7.916819e+03
1.803230e+07	7.916819e+03
1.816569e+07	7.916819e+03
1.830006e+07	7.916819e+03
1.843542e+07	7.916819e+03
1.857179e+07	7.916819e+03
1.870917e+07	7.916819e+03
1.884756e+07	7.916819e+03
1.898697e+07	7.916819e+03
1.912742e+07	7.916819e+03
1.926890e+07	7.916819e+03
1.941143e+07	7.916819e+03
1.955502e+07	7.916819e+03
1.969967e+07	7.916819e+03
1.984539e+07	7.916819e+03
1.999218e+07	7.916819e+03
2.014006e+07	7.916819e+03
2.028904e+07	7.916819e+03
2.043912e+07	7.916819e+03
2.059030e+07	7.916819e+03
2.074261e+07	7.916819e+03
2.089604e+07	7.916819e+03
2.105061e+07	7.916819e+03
2.120632e+07	7.916819e+03
2.136318e+07	7.916819e+03
2.152120e+07	7.916819e+03
2.168040e+07	7.916819e+03
2.184077e+07	7.916819e+03
2.200232e+07	7.916819e+03
2.216507e+07	7.916819e+03
2.232903e+07	7.916819e+03
2.249419e+07	7.916819e+03
2.266058e+07	7.916819e+03
2.282820e+07	7.916819e+03
2.299706e+07	7.916819e+03
2.316717e+07	7.916819e+03
2.333854e+07	7.916819e+03
2.351117e+07	7.916819e+03
2.368508e+07	7.916819e+03
2.386028e+07	7.916819e+03
2.403677e+07	7.916819e+03
2.421457e+07	7.916819e+03
2.439369e+07	7.916819e+03
2.457413e+07	7.916819e+03
2.475590e+07	7.916819e+03
2.493902e+07	7.916819e+03
2.512349e+07	7.916819e+03
2.530933e+07	7.916819e+03
2.549654e+07	7.916819e+03
2.568514e+07	7.916819e+03
2.587513e+07	7.916819e+03
2.606653e+07	7.916819e+03
2.625934e+07	7.916819e+03
2.645358e+07	7.916819e+03
2.664926e+07	7.916819e+03
2.684638e+07	7.916819e+03
2.704496e+07	7.916819e+03
2.724502e+07	7.916819e+03
2.744655e+07	7.916819e+03
2.764957e+07	7.916819e+03
2.785409e+07	7.916819e+03
2.806013e+07	7.916819e+03
2.826769e+07	7.916819e+03
2.847678e+07	7.916819e+03
2.868742e+07	7.916819e+03
2.889962e+07	7.916819e+03
2.911339e+07	7.916819e+03
2.932874e+07	7.916819e+03
2.954569e+07	7.916819e+03
2.976424e+07	7.916819e+03
2.998440e+07	7.916819e+03
3.020619e+07	7.916819e+03
3.042963e+07	7.916819e+03
3.065472e+07	7.916819e+03
3.088147e+07	7.916819e+03
3.110990e+07	7.916819e+03
3.134002e+07	7.916819e+03
3.157184e+07	7.916819e+03
3.180537e+07	7.916819e+03
3.204064e+07	7.916819e+03
3.227764e+07	7.916819e+03
3.251640e+07	7.916819e+03
3.275692e+07	7.916819e+03
3.299922e+07	7.916819e+03
3.324332e+07	7.916819e+03
3.348922e+07	7.916819e+03
3.373693e+07	7.916819e+03
3.398649e+07	7.916819e+03
3.423788e+07	7.916819e+03
3.449114e+07	7.916819e+03
3.474627e+07	7.916819e+03
3.500329e+07	7.916819e+03
3.526220e+07	7.916819e+03
3.552304e+07	7.916819e+03
3.578580e+07	7.916819e+03
3.605051e+07	7.916819e+03
3.631717e+07	7.916819e+03
3.658581e+07	7.916819e+03
3.685643e+07	7.916819e+03
3.712906e+07	7.916819e+03
3.740370e+07	7.916819e+03
3.768038e+07	7.916819e+03
3.795910e+07	7.916819e+03
3.823988e+07	7.916819e+03
3.852274e+07	7.916819e+03
3.880769e+07	7.916819e+03
3.909475e+07	7.916819e+03
3.938393e+07	7.916819e+03
3.967525e+07	7.916819e+03
3.996873e+07	7.916819e+03
4.026438e+07	7.916819e+03
4.056221e+07	7.916819e+03
4.086225e+07	7.916819e+03
4.116451e+07	7.916819e+03
4.146900e+07	7.916819e+03
4.177574e+07	7.916819e+03
4.208476e+07	7.916819e+03
4.239606e+07	7.916819e+03
4.270966e+07	7.916819e+03
4.302558e+07	7.916819e+03
4.334384e+07	7.916819e+03
4.366445e+07	7.916819e+03
4.398744e+07	7.916819e+03
4.431281e+07	7.916819e+03
4.464059e+07	7.916819e+03
4.497080e+07	7.916819e+03
4.530344e+07	7.916819e+03
4.563855e+07	7.916819e+03
4.597614e+07	7.916819e+03
4.631622e+07	7.916819e+03
4.665882e+07	7.916819e+03
4.700396e+07	7.916819e+03
4.735164e+07	7.916819e+03
4.770190e+07	7.916819e+03
4.805475e+07	7.916819e+03
4.841021e+07	7.916819e+03
4.876830e+07	7.916819e+03
4.912904e+07	7.916819e+03
4.949244e+07	7.916819e+03
4.985854e+07	7.916819e+03
5.022734e+07	7.916819e+03
5.059887e+07	7.916819e+03
5.097315e+07	7.916819e+03
5.135020e+07	7.916819e+03
5.173003e+07	7.916819e+03
5.211268e+07	7.916819e+03
5.249815e+07	7.916819e+03
5.288648e+07	7.916819e+03
5.327768e+07	7.916819e+03
5.367177e+07	7.916819e+03
5.406878e+07	7.916819e+03
5.446873e+07	7.916819e+03
5.487163e+07	7.916819e+03
5.527751e+07	7.916819e+03
5.568640e+07	7.916819e+03
5.609831e+07	7.916819e+03
5.651327e+07	7.916819e+03
5.693130e+07	7.916819e+03
5.735242e+07	7.916819e+03
5.777665e+07	7.916819e+03
5.820402e+07	7.916819e+03
5.863455e+07	7.916819e+03
5.906827e+07	7.916819e+03
5.950520e+07	7.916819e+03
5.994536e+07	7.916819e+03
6.038877e+07	7.916819e+03
6.083546e+07	7.916819e+03
6.128546e+07	7.916819e+03
6.173879e+07	7.916819e+03
6.219547e+07	7.916819e+03
6.265553e+07	7.916819e+03
6.311899e+07	7.916819e+03
6.358588e+07	7.916819e+03
6.405622e+07	7.916819e+03
6.453004e+07	7.916819e+03
6.500737e+07	7.916819e+03
6.548823e+07	7.916819e+03
6.597264e+07	7.916819e+03
6.646064e+07	7.916819e+03
6.695225e+07	7.916819e+03
6.744749e+07	7.916819e+03
6.794640e+07	7.916819e+03
6.844899e+07	7.916819e+03
6.895531e+07	7.916819e+03
6.946537e+07	7.916819e+03
6.997920e+07	7.916819e+03
7.049684e+07	7.916819e+03
7.101830e+07	7.916819e+03
7.154362e+07	7.916819e+03
7.207283e+07	7.916819e+03
7.260595e+07	7.916819e+03
7.314301e+07	7.916819e+03
7.368405e+07	7.916819e+03
7.422909e+07	7.916819e+03
7.477816e+07	7.916819e+03
7.533129e+07	7.916819e+03
7.588851e+07	7.916819e+03
7.644986e+07	7.916819e+03
7.701535e+07	7.916819e+03
7.758503e+07	7.916819e+03
7.815893e+07	7.916819e+03
7.873707e+07	7.916819e+03
7.931948e+07	7.916819e+03
7.990621e+07	7.916819e+03
8.049727e+07	7.916819e+03
8.109271e+07	7.916819e+03
8.169255e+07	7.916819e+03
8.229682e+07	7.916819e+03
8.290557e+07	7.916819e+03
8.351882e+07	7.916819e+03
8.413661e+07	7.916819e+03
8.475896e+07	7.916819e+03
8.538592e+07	7.916819e+03
8.601752e+07	7.916819e+03
8.665379e+07	7.916819e+03
8.729476e+07	7.916819e+03
8.794048e+07	7.916819e+03
8.859097e+07	7.916819e+03
8.924628e+07	7.916819e+03
8.990643e+07	7.916819e+03
9.057147e+07	7.916819e+03
9.124142e+07	7.916819e+03
9.191633e+07	7.916819e+03
9.259623e+07	7.916819e+03
9.328116e+07	7.916819e+03
9.397116e+07	7.916819e+03
9.466626e+07	7.916819e+03
9.536651e+07	7.916819e+03
9.607193e+07	7.916819e+03
9.678257e+07	7.916819e+03
9.749847e+07	7.916819e+03
9.821966e+07	7.916819e+03
9.894619e+07	7.916819e+03
9.967809e+07	7.916819e+03
1.004154e+08	7.916819e+03
1.011582e+08	7.916819e+03
1.019064e+08	7.916819e+03
1.026602e+08	7.916819e+03
1.034196e+08	7.916819e+03
1.041846e+08	7.916819e+03
1.049553e+08	7.916819e+03
1.057316e+08	7.916819e+03
1.065137e+08	7.916819e+03
1.073016e+08	7.916819e+03
1.080953e+08	7.916819e+03
1.088949e+08	7.916819e+03
1.097004e+08	7.916819e+03
1.105118e+08	7.916819e+03
1.113293e+08	7.916819e+03
1.121528e+08	7.916819e+03
1.129823e+08	7.916819e+03
1.138181e+08	7.916819e+03
1.146600e+08	7.916819e+03
1.155081e+08	7.916819e+03
1.163625e+08	7.916819e+03
1.172233e+08	7.916819e+03
1.180904e+08	7.916819e+03
1.189639e+08	7.916819e+03
1.198438e+08	7.916819e+03
1.207303e+08	7.916819e+03
1.216234e+08	7.916819e+03
1.225230e+08	7.916819e+03
1.234293e+08	7.916819e+03
1.243423e+08	7.916819e+03
1.252621e+08	7.916819e+03
1.261886e+08	7.916819e+03
1.271220e+08	7.916819e+03
1.280624e+08	7.916819e+03
1.290096e+08	7.916819e+03
1.299639e+08	7.916819e+03
1.309252e+08	7.916819e+03
1.318937e+08	7.916819e+03
1.328693e+08	7.916819e+03
1.338521e+08	7.916819e+03
1.348422e+08	7.916819e+03
1.358397e+08	7.916819e+03
1.368445e+08	7.916819e+03
1.378567e+08	7.916819e+03
1.388764e+08	7.916819e+03
1.399037e+08	7.916819e+03
1.409386e+08	7.916819e+03
1.419811e+08	7.916819e+03
1.430313e+08	7.916819e+03
1.440893e+08	7.916819e+03
1.451551e+08	7.916819e+03
1.462288e+08	7.916819e+03
1.473105e+08	7.916819e+03
1.484001e+08	7.916819e+03
1.494978e+08	7.916819e+03
1.506037e+08	7.916819e+03
1.517177e+08	7.916819e+03
1.528399e+08	7.916819e+03
1.539705e+08	7.916819e+03
1.551094e+08	7.916819e+03
1.562567e+08	7.916819e+03
1.574126e+08	7.916819e+03
1.585769e+08	7.916819e+03
1.597499e+08	7.916819e+03
1.609316e+08	7.916819e+03
1.621220e+08	7.916819e+03
1.633212e+08	7.916819e+03
1.645293e+08	7.916819e+03
1.657463e+08	7.916819e+03
1.669723e+08	7.916819e+03
1.682074e+08	7.916819e+03
1.694517e+08	7.916819e+03
1.707051e+08	7.916819e+03
1.719678e+08	7.916819e+03
1.732398e+08	7.916819e+03
1.745213e+08	7.916819e+03
1.758122e+08	7.916819e+03
1.771127e+08	7.916819e+03
1.784228e+08	7.916819e+03
1.797426e+08	7.916819e+03
1.810721e+08	7.916819e+03
1.824115e+08	7.916819e+03
1.837608e+08	7.916819e+03
1.851201e+08	7.916819e+03
1.864894e+08	7.916819e+03
1.878688e+08	7.916819e+03
1.892585e+08	7.916819e+03
1.906584e+08	7.916819e+03
1.920687e+08	7.916819e+03
1.934895e+08	7.916819e+03
1.949207e+08	7.916819e+03
1.963625e+08	7.916819e+03
1.978150e+08	7.916819e+03
1.992782e+08	7.916819e+03
2.007523e+08	7.916819e+03
2.022373e+08	7.916819e+03
2.037332e+08	7.916819e+03
2.052402e+08	7.916819e+03
2.067584e+08	7.916819e+03
2.082878e+08	7.916819e+03
2.098285e+08	7.916819e+03
2.113805e+08	7.916819e+03
2.129441e+08	7.916819e+03
2.145193e+08	7.916819e+03
2.161061e+08	7.916819e+03
2.177046e+08	7.916819e+03
2.193149e+08	7.916819e+03
2.209372e+08	7.916819e+03
2.225715e+08	7.916819e+03
2.242178e+08	7.916819e+03
2.258764e+08	7.916819e+03
2.275472e+08	7.916819e+03
2.292303e+08	7.916819e+03
2.309259e+08	7.916819e+03
2.326341e+08	7.916819e+03
2.343549e+08	7.916819e+03
2.360884e+08	7.916819e+03
2.378347e+08	7.916819e+03
2.395940e+08	7.916819e+03
2.413662e+08	7.916819e+03
2.431516e+08	7.916819e+03
2.449502e+08	7.916819e+03
2.467621e+08	7.916819e+03
2.485874e+08	7.916819e+03
2.504262e+08	7.916819e+03
2.522786e+08	7.916819e+03
2.541447e+08	7.916819e+03
2.560246e+08	7.916819e+03
2.579184e+08	7.916819e+03
2.598262e+08	7.916819e+03
2.617481e+08	7.916819e+03
2.636843e+08	7.916819e+03
2.656347e+08	7.916819e+03
2.675996e+08	7.916819e+03
2.695790e+08	7.916819e+03
2.715731e+08	7.916819e+03
2.735819e+08	7.916819e+03
2.756056e+08	7.916819e+03
2.776443e+08	7.916819e+03
2.796980e+08	7.916819e+03
2.817669e+08	7.916819e+03
2.838511e+08	7.916819e+03
2.859508e+08	7.916819e+03
2.880659e+08	7.916819e+03
2.901967e+08	7.916819e+03
2.923433e+08	7.916819e+03
2.945058e+08	7.916819e+03
2.966842e+08	7.916819e+03
2.988788e+08	7.916819e+03
3.010896e+08	7.916819e+03
3.033167e+08	7.916819e+03
3.055604e+08	7.916819e+03
3.078206e+08	7.916819e+03
3.100975e+08	7.916819e+03
3.123913e+08	7.916819e+03
3.147021e+08	7.916819e+03
3.170299e+08	7.916819e+03
3.193750e+08	7.916819e+03
3.217374e+08	7.916819e+03
3.241172e+08	7.916819e+03
3.265147e+08	7.916819e+03
3.289300e+08	7.916819e+03
3.313630e+08	7.916819e+03
3.338141e+08	7.916819e+03
3.362833e+08	7.916819e+03
3.387708e+08	7.916819e+03
3.412767e+08	7.916819e+03
3.438011e+08	7.916819e+03
3.463442e+08	7.916819e+03
3.489061e+08	7.916819e+03
3.514869e+08	7.916819e+03
3.540869e+08	7.916819e+03
3.567060e+08	7.916819e+03
3.593446e+08	7.916819e+03
3.620026e+08	7.916819e+03
3.646804e+08	7.916819e+03
3.673779e+08	7.916819e+03
3.700954e+08	7.916819e+03
3.728330e+08	7.916819e+03
3.755908e+08	7.916819e+03
3.783690e+08	7.916819e+03
3.811678e+08	7.916819e+03
3.839873e+08	7.916819e+03
3.868276e+08	7.916819e+03
3.896890e+08	7.916819e+03
3.925715e+08	7.916819e+03
3.954754e+08	7.916819e+03
3.984007e+08	7.916819e+03
4.013476e+08	7.916819e+03
4.043164e+08	7.916819e+03
4.073071e+08	7.916819e+03
4.103199e+08	7.916819e+03
4.133551e+08	7.916819e+03
4.164126e+08	7.916819e+03
4.194928e+08	7.916819e+03
4.225958e+08	7.916819e+03
4.257217e+08	7.916819e+03
4.288708e+08	7.916819e+03
4.320431e+08	7.916819e+03
4.352389e+08	7.916819e+03
4.384584e+08	7.916819e+03
4.417017e+08	7.916819e+03
4.449689e+08	7.916819e+03
4.482603e+08	7.916819e+03
4.515761e+08	7.916819e+03
4.549164e+08	7.916819e+03
4.582814e+08	7.916819e+03
4.616713e+08	7.916819e+03
4.650863e+08	7.916819e+03
4.685265e+08	7.916819e+03
4.719922e+08	7.916819e+03
4.754835e+08	7.916819e+03
4.790006e+08	7.916819e+03
4.825438e+08	7.916819e+03
4.861131e+08	7.916819e+03
4.897089e+08	7.916819e+03
4.933313e+08	7.916819e+03
4.969804e+08	7.916819e+03
5.006566e+08	7.916819e+03
5.043599e+08	7.916819e+03
5.080906e+08	7.916819e+03
5.118490e+08	7.916819e+03
5.156351e+08	7.916819e+03
5.194492e+08	7.916819e+03
5.232916e+08	7.916819e+03
5.271624e+08	7.916819e+03
5.310618e+08	7.916819e+03
5.349900e+08	7.916819e+03
5.389473e+08	7.916819e+03
5.429339e+08	7.916819e+03
5.469500e+08	7.916819e+03
5.509957e+08	7.916819e+03
5.550714e+08	7.916819e+03
5.591773e+08	7.916819e+03
5.633135e+08	7.916819e+03
5.674803e+08	7.916819e+03
5.716779e+08	7.916819e+03
5.759066e+08	7.916819e+03
5.801666e+08	7.916819e+03
5.844581e+08	7.916819e+03
5.887813e+08	7.916819e+03
5.931365e+08	7.916819e+03
5.975239e+08	7.916819e+03
6.019438e+08	7.916819e+03
6.063963e+08	7.916819e+03
6.108818e+08	7.916819e+03
6.154005e+08	7.916819e+03
6.199526e+08	7.916819e+03
6.245384e+08	7.916819e+03
6.291580e+08	7.916819e+03
6.338119e+08	7.916819e+03
6.385002e+08	7.916819e+03
6.432232e+08	7.916819e+03
6.479811e+08	7.916819e+03
6.527742e+08	7.916819e+03
6.576027e+08	7.916819e+03
6.624670e+08	7.916819e+03
6.673672e+08	7.916819e+03
6.723037e+08	7.916819e+03
6.772767e+08	7.916819e+03
6.822865e+08	7.916819e+03
6.873334e+08	7.916819e+03
6.924176e+08	7.916819e+03
6.975394e+08	7.916819e+03
7.026990e+08	7.916819e+03
7.078969e+08	7.916819e+03
7.131332e+08	7.916819e+03
7.184082e+08	7.916819e+03
7.237222e+08	7.916819e+03
7.290756e+08	7.916819e+03
7.344685e+08	7.916819e+03
7.399014e+08	7.916819e+03
7.453744e+08	7.916819e+03
7.508879e+08	7.916819e+03
7.564422e+08	7.916819e+03
7.620376e+08	7.916819e+03
7.676744e+08	7.916819e+03
7.733528e+08	7.916819e+03
7.790733e+08	7.916819e+03
7.848361e+08	7.916819e+03
7.906415e+08	7.916819e+03
7.964898e+08	7.916819e+03
8.023814e+08	7.916819e+03
8.083166e+08	7.916819e+03
8.142957e+08	7.916819e+03
8.203190e+08	7.916819e+03
8.263869e+08	7.916819e+03
8.324997e+08	7.916819e+03
8.386577e+08	7.916819e+03
8.448612e+08	7.916819e+03
8.511106e+08	7.916819e+03
8.574062e+08	7.916819e+03
8.637484e+08	7.916819e+03
8.701376e+08	7.916819e+03
8.765739e+08	7.916819e+03
8.830579e+08	7.916819e+03
8.895899e+08	7.916819e+03
8.961702e+08	7.916819e+03
9.027991e+08	7.916819e+03
9.094771e+08	7.916819e+03
9.162045e+08	7.916819e+03
9.229816e+08	7.916819e+03
9.298089e+08	7.916819e+03
9.366866e+08	7.916819e+03
9.436153e+08	7.916819e+03
9.505952e+08	7.916819e+03
9.576267e+08	7.916819e+03
9.647102e+08	7.916819e+03
9.718462e+08	7.916819e+03
9.790349e+08	7.916819e+03
9.862768e+08	7.916819e+03
9.935722e+08	7.916819e+03
1.000922e+09	7.916819e+03
1.008325e+09	7.916819e+03
1.015784e+09	7.916819e+03
1.023298e+09	7.916819e+03
1.030867e+09	7.916819e+03
1.038492e+09	7.916819e+03
1.046174e+09	7.916819e+03
1.053913e+09	7.916819e+03
1.061708e+09	7.916819e+03
1.069562e+09	7.916819e+03
1.077473e+09	7.916819e+03
1.085443e+09	7.916819e+03
1.093472e+09	7.916819e+03
1.101561e+09	7.916819e+03
1.109709e+09	7.916819e+03
1.117917e+09	7.916819e+03
1.126187e+09	7.916819e+03
1.134517e+09	7.916819e+03
1.142909e+09	7.916819e+03
1.151363e+09	7.916819e+03
1.159880e+09	7.916819e+03
1.168459e+09	7.916819e+03
1.177102e+09	7.916819e+03
1.185809e+09	7.916819e+03
1.194581e+09	7.916853e+03
1.203417e+09	7.917267e+03
1.212318e+09	7.917683e+03
1.221286e+09	7.918103e+03
1.230320e+09	7.918526e+03
1.239420e+09	7.918952e+03
1.248588e+09	7.919380e+03
1.257824e+09	7.919812e+03
1.267128e+09	7.920247e+03
1.276501e+09	7.920686e+03
1.285943e+09	7.921127e+03
1.295455e+09	7.921571e+03
1.305038e+09	7.922019e+03
1.314691e+09	7.922470e+03
1.324416e+09	7.922924e+03
1.334213e+09	7.923381e+03
1.344082e+09	7.923841e+03
1.354024e+09	7.924305e+03
1.364040e+09	7.924772e+03
1.374129e+09	7.925243e+03
1.384294e+09	7.925716e+03
1.394533e+09	7.926194e+03
1.404849e+09	7.926674e+03
1.415240e+09	7.927158e+03
1.425709e+09	7.927646e+03
1.436255e+09	7.928136e+03
1.446879e+09	7.928631e+03
1.457581e+09	7.929129e+03
1.468363e+09	7.929630e+03
1.479224e+09	7.930135e+03
1.490166e+09	7.930644e+03
1.501189e+09	7.931156e+03
1.512293e+09	7.931672e+03
1.523479e+09	7.932192e+03
1.534748e+09	7.932715e+03
1.546101e+09	7.933242e+03
1.557537e+09	7.933773e+03
1.569058e+09	7.934307e+03
1.580665e+09	7.934845e+03
1.592357e+09	7.935387e+03
1.604135e+09	7.935933e+03
1.616001e+09	7.936483e+03
1.627955e+09	7.937037e+03
1.639997e+09	7.937594e+03
1.652128e+09	7.938156e+03
1.664348e+09	7.938721e+03
1.676660e+09	7.939291e+03
1.689062e+09	7.939865e+03
1.701556e+09	7.940442e+03
1.714142e+09	7.941024e+03
1.726822e+09	7.941610e+03
1.739595e+09	7.942200e+03
1.752462e+09	7.942794e+03
1.765425e+09	7.943392e+03
1.778484e+09	7.943995e+03
1.791640e+09	7.944602e+03
1.804892e+09	7.945213e+03
1.818243e+09	7.945828e+03
1.831693e+09	7.946448e+03
1.845241e+09	7.947072e+03
1.858891e+09	7.947701e+03
1.872641e+09	7.948333e+03
1.886493e+09	7.948971e+03
1.900447e+09	7.949613e+03
1.914505e+09	7.950259e+03
1.928666e+09	7.950910e+03
1.942932e+09	7.951566e+03
1.957304e+09	7.952226e+03
1.971782e+09	7.952891e+03
1.986368e+09	7.953560e+03
2.001061e+09	7.954234e+03
2.015862e+09	7.954913e+03
2.030774e+09	7.955597e+03
2.045795e+09	7.956285e+03
2.060928e+09	7.956979e+03
2.076173e+09	7.957677e+03
2.091530e+09	7.958380e+03
2.107001e+09	7.959088e+03
2.122586e+09	7.959801e+03
2.138287e+09	7.960519e+03
2.154104e+09	7.961242e+03
2.170038e+09	7.961970e+03
2.186089e+09	7.962703e+03
2.202260e+09	7.963441e+03
2.218550e+09	7.964184e+03
2.234961e+09	7.964933e+03
2.251492e+09	7.965687e+03
2.268147e+09	7.966446e+03
2.284924e+09	7.967210e+03
2.301826e+09	7.967980e+03
2.318852e+09	7.968755e+03
2.336005e+09	7.969535e+03
2.353284e+09	7.970321e+03
2.370691e+09	7.971112e+03
2.388227e+09	7.971909e+03
2.405893e+09	7.972712e+03
2.423689e+09	7.973520e+03
2.441617e+09	7.974333e+03
2.459678e+09	7.975152e+03
2.477872e+09	7.975977e+03
2.496200e+09	7.976808e+03
2.514665e+09	7.977644e+03
2.533266e+09	7.978487e+03
2.552004e+09	7.979335e+03
2.570881e+09	7.980189e+03
2.589898e+09	7.981048e+03
2.609055e+09	7.981914e+03
2.628354e+09	7.982786e+03
2.647796e+09	7.983664e+03
2.667382e+09	7.984548e+03
2.687113e+09	7.985438e+03
2.706989e+09	7.986334e+03
2.727013e+09	7.987236e+03
2.747184e+09	7.988145e+03
2.767505e+09	7.989060e+03
2.787976e+09	7.989981e+03
2.808599e+09	7.990908e+03
2.829374e+09	7.991842e+03
2.850303e+09	7.992782e+03
2.871386e+09	7.993729e+03
2.892626e+09	7.994682e+03
2.914022e+09	7.995642e+03
2.935577e+09	7.996609e+03
2.957292e+09	7.997582e+03
2.979167e+09	7.998561e+03
3.001204e+09	7.999548e+03
3.023403e+09	8.000541e+03
3.045767e+09	8.001541e+03
3.068297e+09	8.002548e+03
3.090993e+09	8.003562e+03
3.113857e+09	8.004583e+03
3.136890e+09	8.005610e+03
3.160094e+09	8.006645e+03
3.183469e+09	8.007687e+03
3.207017e+09	8.008736e+03
3.230739e+09	8.009792e+03
3.254637e+09	8.010855e+03
3.278711e+09	8.011925e+03
3.302964e+09	8.013003e+03
3.327395e+09	8.014088e+03
3.352008e+09	8.015181e+03
3.376803e+09	8.016281e+03
3.401781e+09	8.017388e+03
3.426944e+09	8.018503e+03
3.452293e+09	8.019626e+03
3.477829e+09	8.020756e+03
3.503555e+09	8.021894e+03
3.529470e+09	8.023039e+03
3.555578e+09	8.024192e+03
3.581878e+09	8.025354e+03
3.608373e+09	8.026523e+03
3.635064e+09	8.027699e+03
3.661953e+09	8.028884e+03
3.689040e+09	8.030077e+03
3.716328e+09	8.031278e+03
3.743817e+09	8.032487e+03
3.771510e+09	8.033704e+03
3.799408e+09	8.034929e+03
3.827512e+09	8.036163e+03
3.855824e+09	8.037405e+03
3.884346e+09	8.038655e+03
3.913078e+09	8.039914e+03
3.942023e+09	8.041181e+03
3.971182e+09	8.042456e+03
4.000557e+09	8.043741e+03
4.030149e+09	8.045033e+03
4.059960e+09	8.046335e+03
4.089991e+09	8.047645e+03
4.120244e+09	8.048964e+03
4.150722e+09	8.050292e+03
4.181425e+09	8.051628e+03
4.212354e+09	8.052974e+03
4.243513e+09	8.054328e+03
4.274902e+09	8.055692e+03
4.306524e+09	8.057064e+03
4.338379e+09	8.058446e+03
4.370470e+09	8.059837e+03
4.402798e+09	8.061237e+03
4.435365e+09	8.062647e+03
4.468173e+09	8.064066e+03
4.501224e+09	8.065494e+03
4.534520e+09	8.066932e+03
4.568062e+09	8.068379e+03
4.601851e+09	8.069836e+03
4.635891e+09	8.071303e+03
4.670183e+09	8.072779e+03
4.704728e+09	8.074265e+03
4.739529e+09	8.075761e+03
4.774587e+09	8.077267e+03
4.809904e+09	8.078782e+03
4.845483e+09	8.080308e+03
4.881325e+09	8.081844e+03
4.917432e+09	8.083390e+03
4.953806e+09	8.084946e+03
4.990449e+09	8.086512e+03
5.027363e+09	8.088088e+03
5.064551e+09	8.089675e+03
5.102013e+09	8.091272e+03
5.139752e+09	8.092880e+03
5.177771e+09	8.094498e+03
5.216071e+09	8.096127e+03
5.254654e+09	8.097766e+03
5.293522e+09	8.099417e+03
5.332678e+09	8.101078e+03
5.372124e+09	8.102749e+03
5.411861e+09	8.104432e+03
5.451893e+09	8.106126e+03
5.492220e+09	8.107830e+03
5.532846e+09	8.109546e+03
5.573772e+09	8.111273e+03
5.615001e+09	8.113011e+03
5.656535e+09	8.114760e+03
5.698377e+09	8.116521e+03
5.740527e+09	8.118293e+03
5.782990e+09	8.120076e+03
5.825766e+09	8.121872e+03
5.868859e+09	8.123678e+03
5.912271e+09	8.125496e+03
5.956004e+09	8.127326e+03
6.000061e+09	8.129168e+03
6.044443e+09	8.131022e+03
6.089153e+09	8.132888e+03
6.134195e+09	8.134765e+03
6.179569e+09	8.136655e+03
6.225279e+09	8.138556e+03
6.271327e+09	8.140470e+03
6.317716e+09	8.142397e+03
6.364448e+09	8.144335e+03
6.411526e+09	8.146286e+03
6.458952e+09	8.148249e+03
6.506728e+09	8.150225e+03
6.554858e+09	8.152214e+03
6.603344e+09	8.154215e+03
6.652189e+09	8.156229e+03
6.701395e+09	8.158255e+03
6.750965e+09	8.160295e+03
6.800902e+09	8.162347e+03
6.851208e+09	8.164413e+03
6.901886e+09	8.166492e+03
6.952939e+09	8.168583e+03
7.004370e+09	8.170688e+03
7.056181e+09	8.172807e+03
7.108375e+09	8.174938e+03
7.160956e+09	8.177083e+03
7.213925e+09	8.179242e+03
7.267286e+09	8.181414e+03
7.321042e+09	8.183600e+03
7.375196e+09	8.185799e+03
7.429750e+09	8.188012e+03
7.484708e+09	8.190240e+03
7.540072e+09	8.192481e+03
7.595845e+09	8.194736e+03
7.652032e+09	8.197005e+03
7.708633e+09	8.199288e+03
7.765654e+09	8.201586e+03
7.823096e+09	8.203898e+03
7.880963e+09	8.206224e+03
7.939259e+09	8.208565e+03
7.997985e+09	8.210920e+03
8.057146e+09	8.213290e+03
8.116745e+09	8.215675e+03
8.176784e+09	8.218074e+03
8.237267e+09	8.220489e+03
8.298198e+09	8.222918e+03
8.359580e+09	8.225362e+03
8.421415e+09	8.227821e+03
8.483708e+09	8.230295e+03
8.546462e+09	8.232785e+03
8.609680e+09	8.235290e+03
8.673365e+09	8.237810e+03
8.737522e+09	8.240346e+03
8.802153e+09	8.242897e+03
8.867262e+09	8.245464e+03
8.932853e+09	8.248046e+03
8.998929e+09	8.250645e+03
9.065494e+09	8.253259e+03
9.132551e+09	8.255889e+03
9.200104e+09	8.258535e+03
9.268157e+09	8.261197e+03
9.336714e+09	8.263875e+03
9.405777e+09	8.266570e+03
9.475351e+09	8.269281e+03
9.545440e+09	8.272008e+03
9.616047e+09	8.274752e+03
9.687177e+09	8.277512e+03
9.758833e+09	8.280289e+03
9.831019e+09	8.283083e+03
9.903738e+09	8.285894e+03
9.976996e+09	8.288721e+03
1.005080e+10	8.291565e+03
1.012514e+10	8.294427e+03
1.020004e+10	8.297305e+03
1.027549e+10	8.300201e+03
1.035149e+10	8.303114e+03
1.042806e+10	8.306045e+03
1.050520e+10	8.308993e+03
1.058291e+10	8.311958e+03
1.066119e+10	8.314942e+03
1.074005e+10	8.317942e+03
1.081949e+10	8.320961e+03
1.089952e+10	8.323998e+03
1.098015e+10	8.327052e+03
1.106137e+10	8.330125e+03
1.114319e+10	8.333215e+03
1.122561e+10	8.336324e+03
1.130865e+10	8.339452e+03
1.139230e+10	8.342597e+03
1.147657e+10	8.345761e+03
1.156146e+10	8.348944e+03
1.164698e+10	8.352145e+03
1.173313e+10	8.355366e+03
1.181992e+10	8.358605e+03
1.190735e+10	8.361862e+03
1.199543e+10	8.365139e+03
1.208416e+10	8.368435e+03
1.217355e+10	8.371750e+03
1.226359e+10	8.375084e+03
1.235431e+10	8.378438e+03
1.244569e+10	8.381811e+03
1.253775e+10	8.385203e+03
1.263049e+10	8.388616e+03
1.272392e+10	8.392048e+03
1.281804e+10	8.395499e+03
1.291285e+10	8.398971e+03
1.300837e+10	8.402462e+03
1.310459e+10	8.405974e+03
1.320153e+10	8.409505e+03
1.329918e+10	8.413057e+03
1.339755e+10	8.416630e+03
1.349665e+10	8.420222e+03
1.359649e+10	8.423835e+03
1.369706e+10	8.427469e+03
1.379838e+10	8.431123e+03
1.390044e+10	8.434798e+03
1.400326e+10	8.438494e+03
1.410684e+10	8.442211e+03
1.421119e+10	8.445949e+03
1.431631e+10	8.449708e+03
1.442221e+10	8.453488e+03
1.452889e+10	8.457290e+03
1.463636e+10	8.461113e+03
1.474462e+10	8.464957e+03
1.485369e+10	8.468823e+03
1.496356e+10	8.472711e+03
1.507425e+10	8.476620e+03
1.518575e+10	8.480551e+03
1.529808e+10	8.484504e+03
1.541124e+10	8.488479e+03
1.552524e+10	8.492476e+03
1.564008e+10	8.496496e+03
1.575576e+10	8.500537e+03
1.587231e+10	8.504602e+03
1.598972e+10	8.508688e+03
1.610799e+10	8.512798e+03
1.622714e+10	8.516930e+03
1.634717e+10	8.521084e+03
1.646809e+10	8.525262e+03
1.658991e+10	8.529462e+03
1.671262e+10	8.533686e+03
1.683625e+10	8.537932e+03
1.696078e+10	8.542202e+03
1.708624e+10	8.546495e+03
1.721263e+10	8.550812e+03
1.733995e+10	8.555152e+03
1.746821e+10	8.559515e+03
1.759742e+10	8.563903e+03
1.772759e+10	8.568314e+03
1.785872e+10	8.572749e+03
1.799082e+10	8.577208e+03
1.812390e+10	8.581691e+03
1.825796e+10	8.586198e+03
1.839302e+10	8.590730e+03
1.852907e+10	8.595285e+03
1.866613e+10	8.599866e+03
1.880420e+10	8.604471e+03
1.894329e+10	8.609100e+03
1.908342e+10	8.613754e+03
1.922458e+10	8.618433e+03
1.936678e+10	8.623137e+03
1.951004e+10	8.627866e+03
1.965435e+10	8.632620e+03
1.979973e+10	8.637399e+03
1.994619e+10	8.642204e+03
2.009373e+10	8.647034e+03
2.024237e+10	8.651889e+03
2.039210e+10	8.656770e+03
2.054294e+10	8.661677e+03
2.069489e+10	8.666610e+03
2.084797e+10	8.671568e+03
2.100218e+10	8.676552e+03
2.115754e+10	8.681563e+03
2.131404e+10	8.686599e+03
2.147170e+10	8.691662e+03
2.163052e+10	8.696751e+03
2.179052e+10	8.701867e+03
2.195171e+10	8.707009e+03
2.211408e+10	8.712178e+03
2.227766e+10	8.717373e+03
2.244245e+10	8.722596e+03
2.260845e+10	8.727845e+03
2.277569e+10	8.733121e+03
2.294416e+10	8.738425e+03
2.311388e+10	8.743755e+03
2.328485e+10	8.749114e+03
2.345709e+10	8.754499e+03
2.363060e+10	8.759912e+03
2.380539e+10	8.765352e+03
2.398148e+10	8.770821e+03
2.415887e+10	8.776317e+03
2.433757e+10	8.781841e+03
2.451760e+10	8.787393e+03
2.469895e+10	8.792973e+03
2.488165e+10	8.798581e+03
2.506570e+10	8.804218e+03
2.525111e+10	8.809883e+03
2.543789e+10	8.815576e+03
2.562605e+10	8.821298e+03
2.581561e+10	8.827049e+03
2.600657e+10	8.832829e+03
2.619894e+10	8.838637e+03
2.639273e+10	8.844475e+03
2.658796e+10	8.850341e+03
2.678463e+10	8.856237e+03
2.698275e+10	8.862162e+03
2.718234e+10	8.868116e+03
2.738341e+10	8.874100e+03
2.758596e+10	8.880113e+03
2.779001e+10	8.886156e+03
2.799558e+10	8.892229e+03
2.820266e+10	8.898332e+03
2.841127e+10	8.904465e+03
2.862143e+10	8.910627e+03
2.883314e+10	8.916820e+03
2.904642e+10	8.923044e+03
2.926128e+10	8.929297e+03
2.947772e+10	8.935581e+03
2.969577e+10	8.941896e+03
2.991543e+10	8.948241e+03
3.013671e+10	8.954617e+03
3.035963e+10	8.961024e+03
3.058420e+10	8.967462e+03
3.081043e+10	8.973931e+03
3.103833e+10	8.980431e+03
3.126792e+10	8.986962e+03
3.149921e+10	8.993525e+03
3.173221e+10	9.000119e+03
3.196693e+10	9.006745e+03
3.220339e+10	9.013402e+03
3.244160e+10	9.020091e+03
3.268157e+10	9.026813e+03
3.292331e+10	9.033566e+03
3.316684e+10	9.040351e+03
3.341218e+10	9.047168e+03
3.365933e+10	9.054017e+03
3.390830e+10	9.060899e+03
3.415912e+10	9.067814e+03
3.441180e+10	9.074761e+03
3.466634e+10	9.081740e+03
3.492277e+10	9.088753e+03
3.518109e+10	9.095798e+03
3.544132e+10	9.102876e+03
3.570348e+10	9.109987e+03
3.596758e+10	9.117132e+03
3.623363e+10	9.124309e+03
3.650165e+10	9.131521e+03
3.677165e+10	9.138765e+03
3.704365e+10	9.146043e+03
3.731766e+10	9.153355e+03
3.759370e+10	9.160701e+03
3.787178e+10	9.168081e+03
3.815191e+10	9.175494e+03
3.843412e+10	9.182942e+03
3.871842e+10	9.190424e+03
3.900482e+10	9.197940e+03
3.929333e+10	9.205490e+03
3.958398e+10	9.213075e+03
3.987679e+10	9.220695e+03
4.017175e+10	9.228349e+03
4.046890e+10	9.236039e+03
4.076825e+10	9.243763e+03
4.106981e+10	9.251522e+03
4.137360e+10	9.259316e+03
4.167964e+10	9.267146e+03
4.198795e+10	9.275010e+03
4.229853e+10	9.282911e+03
4.261141e+10	9.290846e+03
4.292661e+10	9.298818e+03
4.324413e+10	9.306825e+03
4.356401e+10	9.314868e+03
4.388625e+10	9.322947e+03
4.421087e+10	9.331062e+03
4.453790e+10	9.339213e+03
4.486735e+10	9.347400e+03
4.519923e+10	9.355624e+03
4.553357e+10	9.363884e+03
4.587038e+10	9.372181e+03
4.620968e+10	9.380515e+03
4.655149e+10	9.388885e+03
4.689583e+10	9.397292e+03
4.724272e+10	9.405736e+03
4.759217e+10	9.414218e+03
4.794421e+10	9.422736e+03
4.829885e+10	9.431292e+03
4.865611e+10	9.439885e+03
4.901602e+10	9.448516e+03
4.937859e+10	9.457184e+03
4.974384e+10	9.465891e+03
5.011180e+10	9.474635e+03
5.048247e+10	9.483416e+03
5.085589e+10	9.492236e+03
5.123207e+10	9.501095e+03
5.161103e+10	9.509991e+03
5.199280e+10	9.518926e+03
5.237739e+10	9.527899e+03
5.276482e+10	9.536911e+03
5.315512e+10	9.545962e+03
5.354831e+10	9.555051e+03
5.394440e+10	9.564179e+03
5.434343e+10	9.573347e+03
5.474540e+10	9.582553e+03
5.515035e+10	9.591799e+03
5.555830e+10	9.601084e+03
5.596926e+10	9.610408e+03
5.638327e+10	9.619772e+03
5.680033e+10	9.629176e+03
5.722048e+10	9.638620e+03
5.764374e+10	9.648103e+03
5.807013e+10	9.657627e+03
5.849967e+10	9.667190e+03
5.893239e+10	9.676794e+03
5.936831e+10	9.686438e+03
5.980746e+10	9.696123e+03
6.024985e+10	9.705848e+03
6.069552e+10	9.715613e+03
6.114448e+10	9.725420e+03
6.159677e+10	9.735267e+03
6.205240e+10	9.745156e+03
6.251140e+10	9.755085e+03
6.297379e+10	9.765056e+03
6.343961e+10	9.775068e+03
6.390887e+10	9.785122e+03
6.438160e+10	9.795217e+03
6.485783e+10	9.805354e+03
6.533758e+10	9.815532e+03
6.582088e+10	9.825753e+03
6.630775e+10	9.836015e+03
6.679823e+10	9.846320e+03
6.729233e+10	9.856667e+03
6.779009e+10	9.867056e+03
6.829153e+10	9.877487e+03
6.879669e+10	9.887962e+03
6.930557e+10	9.898479e+03
6.981822e+10	9.909038e+03
7.033467e+10	9.919641e+03
7.085493e+10	9.930287e+03
7.137904e+10	9.940976e+03
7.190703e+10	9.951708e+03
7.243892e+10	9.962483e+03
7.297475e+10	9.973302e+03
7.351455e+10	9.984165e+03
7.405833e+10	9.995071e+03
7.460614e+10	1.000602e+04
7.515800e+10	1.001702e+04
7.571394e+10	1.002805e+04
7.627399e+10	1.003914e+04
7.683819e+10	1.005026e+04
7.740656e+10	1.006143e+04
7.797913e+10	1.007265e+04
7.855594e+10	1.008391e+04
7.913702e+10	1.009522e+04
7.972239e+10	1.010657e+04
8.031210e+10	1.011796e+04
8.090616e+10	1.012940e+04
8.150462e+10	1.014089e+04
8.210751e+10	1.015242e+04
8.271486e+10	1.016400e+04
8.332670e+10	1.017562e+04
8.394306e+10	1.018729e+04
8.456398e+10	1.019900e+04
8.518950e+10	1.021076e+04
8.581965e+10	1.022257e+04
8.645445e+10	1.023442e+04
8.709395e+10	1.024632e+04
8.773818e+10	1.025826e+04
8.838718e+10	1.027026e+04
8.904098e+10	1.028230e+04
8.969961e+10	1.029438e+04
9.036312e+10	1.030651e+04
9.103153e+10	1.031869e+04
9.170489e+10	1.033092e+04
9.238322e+10	1.034319e+04
9.306658e+10	1.035552e+04
9.375499e+10	1.036789e+04
9.444849e+10	1.038030e+04
9.514713e+10	1.039277e+04
9.585093e+10	1.040528e+04
9.655993e+10	1.041784e+04
9.727418e+10	1.043045e+04
9.799372e+10	1.044311e+04
9.871858e+10	1.045582e+04
9.944879e+10	1.046857e+04
1.001844e+11	1.048138e+04
1.009255e+11	1.049423e+04
1.016720e+11	1.050713e+04
1.024241e+11	1.052008e+04
1.031817e+11	1.053309e+04
1.039449e+11	1.054614e+04
1.047138e+11	1.055924e+04
1.054884e+11	1.057238e+04
1.062687e+11	1.058558e+04
1.070547e+11	1.059883e+04
1.078466e+11	1.061213e+04
1.086444e+11	1.062548e+04
1.094480e+11	1.063888e+04
1.102576e+11	1.065233e+04
1.110732e+11	1.066583e+04
1.118948e+11	1.067939e+04
1.127224e+11	1.069299e+04
1.135562e+11	1.070664e+04
1.143962e+11	1.072035e+04
1.152424e+11	1.073411e+04
1.160949e+11	1.074791e+04
1.169536e+11	1.076177e+04
1.178187e+11	1.077569e+04
1.186902e+11	1.078965e+04
1.195682e+11	1.080367e+04
1.204526e+11	1.081773e+04
1.213436e+11	1.083185e+04
1.222412e+11	1.084603e+04
1.231454e+11	1.086025e+04
1.240563e+11	1.087453e+04
1.249739e+11	1.088886e+04
1.258983e+11	1.090324e+04
1.268296e+11	1.091768e+04
1.277678e+11	1.093217e+04
1.287129e+11	1.094672e+04
1.296649e+11	1.096131e+04
1.306241e+11	1.097597e+04
1.315903e+11	1.099067e+04
1.325637e+11	1.100543e+04
1.335442e+11	1.102024e+04
1.345321e+11	1.103511e+04
1.355272e+11	1.105004e+04
1.365297e+11	1.106501e+04
1.375396e+11	1.108004e+04
1.385570e+11	1.109513e+04
1.395819e+11	1.111027e+04
1.406143e+11	1.112547e+04
1.416545e+11	1.114072e+04
1.427023e+11	1.115603e+04
1.437578e+11	1.117140e+04
1.448212e+11	1.118682e+04
1.458924e+11	1.120229e+04
1.469716e+11	1.121783e+04
1.480588e+11	1.123342e+04
1.491539e+11	1.124906e+04
1.502572e+11	1.126476e+04
1.513687e+11	1.128052e+04
1.524883e+11	1.129634e+04
1.536163e+11	1.131221e+04
1.547526e+11	1.132814e+04
1.558973e+11	1.134413e+04
1.570505e+11	1.136017e+04
1.582122e+11	1.137628e+04
1.593824e+11	1.139244e+04
1.605614e+11	1.140866e+04
1.617491e+11	1.142494e+04
1.629455e+11	1.144127e+04
1.641508e+11	1.145767e+04
1.653650e+11	1.147412e+04
1.665882e+11	1.149063e+04
1.678205e+11	1.150720e+04
1.690618e+11	1.152383e+04
1.703124e+11	1.154052e+04
1.715722e+11	1.155727e+04
1.728413e+11	1.157408e+04
1.741198e+11	1.159095e+04
1.754078e+11	1.160788e+04
1.767052e+11	1.162487e+04
1.780123e+11	1.164192e+04
1.793291e+11	1.165903e+04
1.806556e+11	1.167620e+04
1.819919e+11	1.169344e+04
1.833381e+11	1.171073e+04
1.846942e+11	1.172809e+04
1.860604e+11	1.174550e+04
1.874367e+11	1.176298e+04
1.888231e+11	1.178052e+04
1.902199e+11	1.179812e+04
1.916269e+11	1.181579e+04
1.930444e+11	1.183351e+04
1.944723e+11	1.185130e+04
1.959108e+11	1.186916e+04
1.973600e+11	1.188707e+04
1.988198e+11	1.190505e+04
2.002905e+11	1.192309e+04
2.017720e+11	1.194119e+04
2.032645e+11	1.195936e+04
2.047681e+11	1.197760e+04
2.062827e+11	1.199589e+04
2.078086e+11	1.201425e+04
2.093458e+11	1.203268e+04
2.108943e+11	1.205117e+04
2.124543e+11	1.206972e+04
2.140258e+11	1.208834e+04
2.156089e+11	1.210702e+04
2.172038e+11	1.212577e+04
2.188104e+11	1.214459e+04
2.204290e+11	1.216347e+04
2.220595e+11	1.218242e+04
2.237020e+11	1.220143e+04
2.253568e+11	1.222051e+04
2.270237e+11	1.223966e+04
2.287030e+11	1.225887e+04
2.303947e+11	1.227815e+04
2.320989e+11	1.229750e+04
2.338158e+11	1.231691e+04
2.355453e+11	1.233639e+04
2.372876e+11	1.235594e+04
2.390428e+11	1.237556e+04
2.408110e+11	1.239524e+04
2.425923e+11	1.241500e+04
2.443867e+11	1.243482e+04
2.461944e+11	1.245471e+04
2.480155e+11	1.247467e+04
2.498501e+11	1.249470e+04
2.516982e+11	1.251479e+04
2.535600e+11	1.253496e+04
2.554356e+11	1.255520e+04
2.573251e+11	1.257551e+04
2.592285e+11	1.259588e+04
2.611460e+11	1.261633e+04
2.630777e+11	1.263685e+04
2.650237e+11	1.265744e+04
2.669840e+11	1.267810e+04
2.689589e+11	1.269883e+04
2.709484e+11	1.271964e+04
2.729526e+11	1.274051e+04
2.749716e+11	1.276146e+04
2.770056e+11	1.278248e+04
2.790546e+11	1.280357e+04
2.811187e+11	1.282473e+04
2.831982e+11	1.284597e+04
2.852930e+11	1.286728e+04
2.874033e+11	1.288866e+04
2.895292e+11	1.291011e+04
2.916708e+11	1.293164e+04
2.938283e+11	1.295325e+04
2.960017e+11	1.297493e+04
2.981913e+11	1.299668e+04
3.003970e+11	1.301850e+04
3.026190e+11	1.304041e+04
3.048575e+11	1.306238e+04
3.071125e+11	1.308443e+04
3.093842e+11	1.310656e+04
3.116727e+11	1.312876e+04
3.139781e+11	1.315104e+04
3.163006e+11	1.317340e+04
3.186403e+11	1.319583e+04
3.209972e+11	1.321834e+04
3.233716e+11	1.324092e+04
3.257636e+11	1.326359e+04
3.281733e+11	1.328633e+04
3.306008e+11	1.330914e+04
3.330462e+11	1.333204e+04
3.355097e+11	1.335501e+04
3.379915e+11	1.337807e+04
3.404916e+11	1.340120e+04
3.430102e+11	1.342441e+04
3.455475e+11	1.344769e+04
3.481035e+11	1.347106e+04
3.506784e+11	1.349451e+04
3.532723e+11	1.351804e+04
3.558855e+11	1.354164e+04
3.585179e+11	1.356533e+04
3.611699e+11	1.358910e+04
3.638415e+11	1.361295e+04
3.665328e+11	1.363688e+04
3.692440e+11	1.366089e+04
3.719753e+11	1.368499e+04
3.747268e+11	1.370916e+04
3.774986e+11	1.373342e+04
3.802910e+11	1.375776e+04
3.831040e+11	1.378219e+04
3.859378e+11	1.380669e+04
3.887926e+11	1.383128e+04
3.916684e+11	1.385596e+04
3.945656e+11	1.388071e+04
3.974842e+11	1.390555e+04
4.004244e+11	1.393048e+04
4.033863e+11	1.395549e+04
4.063701e+11	1.398058e+04
4.093760e+11	1.400576e+04
4.124042e+11	1.403103e+04
4.154547e+11	1.405638e+04
4.185278e+11	1.408182e+04
4.216237e+11	1.410734e+04
4.247424e+11	1.413295e+04
4.278842e+11	1.415865e+04
4.310493e+11	1.418443e+04
4.342377e+11	1.421030e+04
4.374498e+11	1.423626e+04
4.406856e+11	1.426231e+04
4.439453e+11	1.428844e+04
4.472292e+11	1.431467e+04
4.505373e+11	1.434098e+04
4.538699e+11	1.436738e+04
4.572272e+11	1.439388e+04
4.606093e+11	1.442046e+04
4.640164e+11	1.444713e+04
4.674487e+11	1.447389e+04
4.709064e+11	1.450074e+04
4.743897e+11	1.452768e+04
4.778987e+11	1.455472e+04
4.814337e+11	1.458185e+04
4.849949e+11	1.460906e+04
4.885824e+11	1.463637e+04
4.921964e+11	1.466378e+04
4.958372e+11	1.469127e+04
4.995048e+11	1.471886e+04
5.031997e+11	1.474654e+04
5.069218e+11	1.477432e+04
5.106715e+11	1.480219e+04
5.144489e+11	1.483015e+04
5.182543e+11	1.485821e+04
5.220878e+11	1.488636e+04
5.259497e+11	1.491461e+04
5.298401e+11	1.494295e+04
5.337593e+11	1.497139e+04
5.377075e+11	1.499993e+04
5.416849e+11	1.502856e+04
5.456918e+11	1.505729e+04
5.497282e+11	1.508612e+04
5.537945e+11	1.511505e+04
5.578909e+11	1.514407e+04
5.620176e+11	1.517319e+04
5.661749e+11	1.520241e+04
5.703628e+11	1.523173e+04
5.745818e+11	1.526114e+04
5.788320e+11	1.529066e+04
5.831136e+11	1.532028e+04
5.874268e+11	1.535000e+04
5.917720e+11	1.537981e+04
5.961493e+11	1.540973e+04
6.005590e+11	1.543975e+04
6.050014e+11	1.546988e+04
6.094765e+11	1.550010e+04
6.139848e+11	1.553043e+04
6.185264e+11	1.556085e+04
6.231017e+11	1.559139e+04
6.277107e+11	1.562202e+04
6.323539e+11	1.565276e+04
6.370314e+11	1.568360e+04
6.417435e+11	1.571455e+04
6.464904e+11	1.574560e+04
6.512725e+11	1.577676e+04
6.560900e+11	1.580803e+04
6.609430e+11	1.583940e+04
6.658320e+11	1.587087e+04
6.707572e+11	1.590245e+04
6.757187e+11	1.593414e+04
6.807170e+11	1.596594e+04
6.857522e+11	1.599784e+04
6.908247e+11	1.602986e+04
6.959347e+11	1.606198e+04
7.010825e+11	1.609421e+04
7.062684e+11	1.612655e+04
7.114927e+11	1.615900e+04
7.167556e+11	1.619156e+04
7.220574e+11	1.622423e+04
7.273984e+11	1.625701e+04
7.327790e+11	1.628990e+04
7.381993e+11	1.632291e+04
7.436597e+11	1.635602e+04
7.491606e+11	1.638925e+04
7.547021e+11	1.642259e+04
7.602846e+11	1.645605e+04
7.659084e+11	1.648961e+04
7.715738e+11	1.652330e+04
7.772811e+11	1.655709e+04
7.830306e+11	1.659101e+04
7.888227e+11	1.662503e+04
7.946576e+11	1.665917e+04
8.005356e+11	1.669343e+04
8.064572e+11	1.672781e+04
8.124225e+11	1.676230e+04
8.184320e+11	1.679691e+04
8.244859e+11	1.683164e+04
8.305846e+11	1.686648e+04
8.367284e+11	1.690145e+04
8.429177e+11	1.693653e+04
8.491527e+11	1.697173e+04
8.554339e+11	1.700706e+04
8.617615e+11	1.704250e+04
8.681359e+11	1.707806e+04
8.745575e+11	1.711375e+04
8.810266e+11	1.714956e+04
8.875435e+11	1.718548e+04
8.941086e+11	1.722154e+04
9.007223e+11	1.725771e+04
9.073849e+11	1.729401e+04
9.140968e+11	1.733043e+04
9.208584e+11	1.736698e+04
9.276699e+11	1.740365e+04
9.345319e+11	1.744044e+04
9.414446e+11	1.747736e+04
9.484084e+11	1.751441e+04
9.554238e+11	1.755159e+04
9.624910e+11	1.758889e+04
9.696105e+11	1.762632e+04
9.767827e+11	1.766388e+04
9.840079e+11	1.770156e+04
9.912866e+11	1.773938e+04
9.986191e+11	1.777732e+04
1.006006e+12	1.781539e+04
1.013447e+12	1.785360e+04
1.020944e+12	1.789193e+04
1.028496e+12	1.793040e+04
1.036103e+12	1.796900e+04
1.043767e+12	1.800773e+04
1.051488e+12	1.804659e+04
1.059266e+12	1.808559e+04
1.067101e+12	1.812472e+04
1.074995e+12	1.816399e+04
1.082946e+12	1.820339e+04
1.090957e+12	1.824292e+04
1.099027e+12	1.828259e+04
1.107156e+12	1.832240e+04
1.115346e+12	1.836234e+04
1.123596e+12	1.840243e+04
1.131907e+12	1.844265e+04
1.140280e+12	1.848300e+04
1.148714e+12	1.852350e+04
1.157211e+12	1.856414e+04
1.165771e+12	1.860491e+04
1.174394e+12	1.864583e+04
1.183081e+12	1.868688e+04
1.191833e+12	1.872808e+04
1.200649e+12	1.876942e+04
1.209530e+12	1.881091e+04
1.218477e+12	1.885253e+04
1.227490e+12	1.889430e+04
1.236569e+12	1.893622e+04
1.245716e+12	1.897828e+04
1.254931e+12	1.902048e+04
1.264213e+12	1.906283e+04
1.273565e+12	1.910533e+04
1.282985e+12	1.914797e+04
1.292475e+12	1.919076e+04
1.302036e+12	1.923370e+04
1.311667e+12	1.927679e+04
1.321369e+12	1.932003e+04
1.331143e+12	1.936341e+04
1.340990e+12	1.940695e+04
1.350909e+12	1.945064e+04
1.360902e+12	1.949448e+04
1.370968e+12	1.953847e+04
1.381109e+12	1.958261e+04
1.391325e+12	1.962691e+04
1.401617e+12	1.967136e+04
1.411985e+12	1.971597e+04
1.422429e+12	1.976073e+04
1.432951e+12	1.980564e+04
1.443550e+12	1.984622e+04
1.454228e+12	1.988743e+04
1.464985e+12	1.992878e+04
1.475821e+12	1.997026e+04
1.486738e+12	2.001187e+04
1.497735e+12	2.005361e+04
1.508814e+12	2.009549e+04
1.519975e+12	2.013750e+04
1.531218e+12	2.017965e+04
1.542544e+12	2.022194e+04
1.553954e+12	2.026436e+04
1.565449e+12	2.030691e+04
1.577029e+12	2.034961e+04
1.588694e+12	2.039244e+04
1.600445e+12	2.043541e+04
1.612284e+12	2.047852e+04
1.624210e+12	2.052177e+04
1.636224e+12	2.056515e+04
1.648327e+12	2.060868e+04
1.660520e+12	2.065235e+04
1.672803e+12	2.069616e+04
1.685176e+12	2.074011e+04
1.697641e+12	2.078420e+04
1.710199e+12	2.082843e+04
1.722849e+12	2.087281e+04
1.735593e+12	2.091733e+04
1.748431e+12	2.096200e+04
1.761364e+12	2.100681e+04
1.774393e+12	2.105177e+04
1.787518e+12	2.109687e+04
1.800740e+12	2.114211e+04
1.814060e+12	2.118751e+04
1.827479e+12	2.123305e+04
1.840997e+12	2.127874e+04
1.854614e+12	2.132458e+04
1.868333e+12	2.137056e+04
1.882153e+12	2.141670e+04
1.896075e+12	2.146298e+04
1.910100e+12	2.150942e+04
1.924229e+12	2.155601e+04
1.938463e+12	2.160275e+04
1.952802e+12	2.164964e+04
1.967246e+12	2.169668e+04
1.981798e+12	2.174388e+04
1.996457e+12	2.179123e+04
2.011225e+12	2.183873e+04
2.026102e+12	2.188639e+04
2.041089e+12	2.193421e+04
2.056187e+12	2.198218e+04
2.071397e+12	2.203031e+04
2.086719e+12	2.207859e+04
2.102154e+12	2.212704e+04
2.117704e+12	2.217564e+04
2.133368e+12	2.222440e+04
2.149149e+12	2.227332e+04
2.165046e+12	2.232240e+04
2.181061e+12	2.237164e+04
2.197194e+12	2.242104e+04
2.213446e+12	2.247061e+04
2.229819e+12	2.252033e+04
2.246313e+12	2.257022e+04
2.262929e+12	2.262028e+04
2.279668e+12	2.267049e+04
2.296530e+12	2.272088e+04
2.313518e+12	2.277143e+04
2.330631e+12	2.282214e+04
2.347870e+12	2.287302e+04
2.365238e+12	2.292407e+04
2.382733e+12	2.297529e+04
2.400358e+12	2.302667e+04
2.418114e+12	2.307823e+04
2.436000e+12	2.312995e+04
2.454019e+12	2.318185e+04
2.472172e+12	2.323391e+04
2.490458e+12	2.328615e+04
2.508880e+12	2.333856e+04
2.527438e+12	2.339114e+04
2.546134e+12	2.344390e+04
2.564967e+12	2.349683e+04
2.583940e+12	2.354994e+04
2.603054e+12	2.360322e+04
2.622308e+12	2.365668e+04
2.641705e+12	2.371031e+04
2.661246e+12	2.376413e+04
2.680931e+12	2.381812e+04
2.700762e+12	2.387229e+04
2.720739e+12	2.392664e+04
2.740865e+12	2.398117e+04
2.761139e+12	2.403588e+04
2.781563e+12	2.409078e+04
2.802138e+12	2.414585e+04
2.822865e+12	2.420111e+04
2.843746e+12	2.425656e+04
2.864781e+12	2.431218e+04
2.885972e+12	2.436800e+04
2.907319e+12	2.442399e+04
2.928824e+12	2.448018e+04
2.950489e+12	2.453655e+04
2.972314e+12	2.459311e+04
2.994300e+12	2.464986e+04
3.016448e+12	2.470680e+04
3.038761e+12	2.476393e+04
3.061239e+12	2.482125e+04
3.083882e+12	2.487876e+04
3.106694e+12	2.493647e+04
3.129674e+12	2.499436e+04
3.152824e+12	2.505246e+04
3.176145e+12	2.511074e+04
3.199639e+12	2.516922e+04
3.223307e+12	2.522790e+04
3.247150e+12	2.528677e+04
3.271169e+12	2.534585e+04
3.295365e+12	2.540512e+04
3.319741e+12	2.546459e+04
3.344297e+12	2.552425e+04
3.369035e+12	2.558412e+04
3.393955e+12	2.564420e+04
3.419060e+12	2.570447e+04
3.444351e+12	2.576495e+04
3.469829e+12	2.582563e+04
3.495495e+12	2.588651e+04
3.521351e+12	2.594760e+04
3.547399e+12	2.600890e+04
3.573639e+12	2.607040e+04
3.600073e+12	2.613211e+04
3.626702e+12	2.619403e+04
3.653529e+12	2.625616e+04
3.680554e+12	2.631850e+04
3.707779e+12	2.638105e+04
3.735205e+12	2.644382e+04
3.762834e+12	2.650679e+04
3.790668e+12	2.656998e+04
3.818707e+12	2.663338e+04
3.846954e+12	2.669700e+04
3.875410e+12	2.676083e+04
3.904076e+12	2.682489e+04
3.932955e+12	2.688915e+04
3.962047e+12	2.695364e+04
3.991354e+12	2.701835e+04
4.020878e+12	2.708327e+04
4.050620e+12	2.714842e+04
4.080582e+12	2.721379e+04
4.110766e+12	2.727939e+04
4.141173e+12	2.734520e+04
4.171806e+12	2.741124e+04
4.202664e+12	2.747751e+04
4.233751e+12	2.754400e+04
4.265068e+12	2.761073e+04
4.296617e+12	2.767767e+04
4.328399e+12	2.774485e+04
4.360416e+12	2.781226e+04
4.392670e+12	2.787990e+04
4.425162e+12	2.794777e+04
4.457895e+12	2.801587e+04
4.490870e+12	2.808421e+04
4.524089e+12	2.815278e+04
4.557553e+12	2.822159e+04
4.591265e+12	2.829063e+04
4.625227e+12	2.835992e+04
4.659439e+12	2.842944e+04
4.693905e+12	2.849919e+04
4.728626e+12	2.856919e+04
4.763603e+12	2.863943e+04
4.798840e+12	2.870992e+04
4.834336e+12	2.878064e+04
4.870096e+12	2.885161e+04
4.906120e+12	2.892283e+04
4.942410e+12	2.899429e+04
4.978969e+12	2.906600e+04
5.015798e+12	2.913795e+04
5.052900e+12	2.921016e+04
5.090276e+12	2.928261e+04
5.127929e+12	2.935532e+04
5.165860e+12	2.942828e+04
5.204072e+12	2.950149e+04
5.242566e+12	2.957496e+04
5.281345e+12	2.964868e+04
5.320411e+12	2.972265e+04
5.359766e+12	2.979689e+04
5.399412e+12	2.987138e+04
5.439351e+12	2.994613e+04
5.479586e+12	3.002114e+04
5.520118e+12	3.009642e+04
5.560951e+12	3.017195e+04
5.602085e+12	3.024775e+04
5.643523e+12	3.032382e+04
5.685268e+12	3.040015e+04
5.727322e+12	3.047674e+04
5.769687e+12	3.055361e+04
5.812365e+12	3.063074e+04
5.855359e+12	3.070814e+04
5.898671e+12	3.078582e+04
5.942303e+12	3.086376e+04
5.986258e+12	3.094198e+04
6.030538e+12	3.102048e+04
6.075146e+12	3.109925e+04
6.120084e+12	3.117829e+04
6.165354e+12	3.125762e+04
6.210959e+12	3.133722e+04
6.256901e+12	3.141710e+04
6.303183e+12	3.149727e+04
6.349807e+12	3.157771e+04
6.396777e+12	3.165844e+04
6.444093e+12	3.173946e+04
6.491760e+12	3.182076e+04
6.539780e+12	3.190235e+04
6.588154e+12	3.198422e+04
6.636887e+12	3.206639e+04
6.685979e+12	3.214884e+04
6.735435e+12	3.223159e+04
6.785257e+12	3.231463e+04
6.835448e+12	3.239797e+04
6.886009e+12	3.248160e+04
6.936945e+12	3.256552e+04
6.988257e+12	3.264975e+04
7.039949e+12	3.273427e+04
7.092023e+12	3.281910e+04
7.144483e+12	3.290422e+04
7.197330e+12	3.298965e+04
7.250569e+12	3.307538e+04
7.304201e+12	3.316142e+04
7.358230e+12	3.324777e+04
7.412659e+12	3.333442e+04
7.467490e+12	3.342138e+04
7.522727e+12	3.350865e+04
7.578372e+12	3.359624e+04
7.634429e+12	3.368413e+04
7.690901e+12	3.377235e+04
7.747790e+12	3.386087e+04
7.805100e+12	3.394972e+04
7.862834e+12	3.403888e+04
7.920995e+12	3.412836e+04
7.979587e+12	3.421817e+04
8.038611e+12	3.430829e+04
8.098073e+12	3.439874e+04
8.157974e+12	3.448952e+04
8.218318e+12	3.458062e+04
8.279109e+12	3.467205e+04
8.340349e+12	3.476380e+04
8.402043e+12	3.485589e+04
8.464192e+12	3.494831e+04
8.526802e+12	3.504107e+04
8.589874e+12	3.513416e+04
8.653413e+12	3.522758e+04
8.717422e+12	3.532134e+04
8.781905e+12	3.541544e+04
8.846864e+12	3.550989e+04
8.912304e+12	3.560467e+04
8.978228e+12	3.569980e+04
9.044640e+12	3.579527e+04
9.111543e+12	3.589109e+04
9.178941e+12	3.598726e+04
9.246837e+12	3.608377e+04
9.315235e+12	3.618064e+04
9.384140e+12	3.627786e+04
9.453554e+12	3.637543e+04
9.523482e+12	3.647335e+04
9.593927e+12	3.657164e+04
9.664893e+12	3.667028e+04
9.736384e+12	3.676928e+04
9.808403e+12	3.686865e+04
9.880956e+12	3.696837e+04
9.954045e+12	3.706846e+04
1.002767e+13	3.716892e+04
1.010185e+13	3.726974e+04
1.017657e+13	3.737094e+04
1.025185e+13	3.747250e+04
1.032768e+13	3.757444e+04
1.040407e+13	3.767675e+04
1.048103e+13	3.777943e+04
1.055856e+13	3.788250e+04
1.063666e+13	3.798594e+04
1.071534e+13	3.808976e+04
1.079460e+13	3.819397e+04
1.087445e+13	3.829855e+04
1.095489e+13	3.840353e+04
1.103592e+13	3.850889e+04
1.111755e+13	3.861464e+04
1.119979e+13	3.872077e+04
1.128263e+13	3.882731e+04
1.136609e+13	3.893423e+04
1.145017e+13	3.904155e+04
1.153486e+13	3.914927e+04
1.162019e+13	3.925738e+04
1.170614e+13	3.936590e+04
1.179273e+13	3.947482e+04
1.187996e+13	3.958414e+04
1.196784e+13	3.969387e+04
1.205636e+13	3.980401e+04
1.214554e+13	3.991456e+04
1.223538e+13	4.002551e+04
1.232589e+13	4.013689e+04
1.241706e+13	4.024867e+04
1.250891e+13	4.036087e+04
1.260144e+13	4.047349e+04
1.269465e+13	4.058653e+04
1.278855e+13	4.070000e+04
1.288315e+13	4.081388e+04
1.297844e+13	4.092820e+04
1.307445e+13	4.104294e+04
1.317116e+13	4.115810e+04
1.326858e+13	4.127371e+04
1.336673e+13	4.138974e+04
1.346560e+13	4.150621e+04
1.356521e+13	4.162312e+04
1.366555e+13	4.174046e+04
1.376663e+13	4.185825e+04
1.386847e+13	4.197648e+04
1.397105e+13	4.209516e+04
1.407439e+13	4.221428e+04
1.417850e+13	4.233385e+04
1.428338e+13	4.245387e+04
1.438903e+13	4.257434e+04
1.449547e+13	4.269527e+04
1.460269e+13	4.281666e+04
1.471071e+13	4.293850e+04
1.481952e+13	4.306081e+04
1.492914e+13	4.318358e+04
1.503957e+13	4.330681e+04
1.515082e+13	4.343052e+04
1.526289e+13	4.355469e+04
1.537579e+13	4.367933e+04
1.548952e+13	4.380444e+04
1.560410e+13	4.393003e+04
1.571952e+13	4.405610e+04
1.583580e+13	4.418265e+04
1.595293e+13	4.430968e+04
1.607094e+13	4.443719e+04
1.618981e+13	4.456519e+04
1.630957e+13	4.469368e+04
1.643021e+13	4.482266e+04
1.655174e+13	4.495213e+04
1.667418e+13	4.508210e+04
1.679752e+13	4.521257e+04
1.692177e+13	4.534353e+04
1.704694e+13	4.547500e+04
1.717303e+13	4.560697e+04
1.730006e+13	4.573944e+04
1.742803e+13	4.587243e+04
1.755694e+13	4.600592e+04
1.768681e+13	4.613993e+04
1.781764e+13	4.627445e+04
1.794944e+13	4.640950e+04
1.808221e+13	4.654506e+04
1.821596e+13	4.668114e+04
1.835070e+13	4.681775e+04
1.848644e+13	4.695489e+04
1.862319e+13	4.709255e+04
1.876094e+13	4.723075e+04
1.889972e+13	4.736948e+04
1.903952e+13	4.750875e+04
1.918035e+13	4.764856e+04
1.932223e+13	4.778891e+04
1.946515e+13	4.792981e+04
1.960914e+13	4.807125e+04
1.975419e+13	4.821324e+04
1.990031e+13	4.835578e+04
2.004751e+13	4.849888e+04
2.019580e+13	4.864253e+04
2.034519e+13	4.878675e+04
2.049568e+13	4.893152e+04
2.064729e+13	4.907702e+04
2.080001e+13	4.922461e+04
2.095387e+13	4.937270e+04
2.110887e+13	4.952128e+04
2.126501e+13	4.967035e+04
2.142230e+13	4.981993e+04
2.158076e+13	4.997000e+04
2.174040e+13	5.012058e+04
2.190121e+13	5.027166e+04
2.206321e+13	5.042325e+04
2.222641e+13	5.057535e+04
2.239082e+13	5.072796e+04
2.255645e+13	5.088109e+04
2.272329e+13	5.103473e+04
2.289138e+13	5.118889e+04
2.306070e+13	5.134356e+04
2.323128e+13	5.149876e+04
2.340313e+13	5.165448e+04
2.357624e+13	5.181073e+04
2.375063e+13	5.196751e+04
2.392631e+13	5.212482e+04
2.410329e+13	5.228266e+04
2.428159e+13	5.244103e+04
2.446120e+13	5.259995e+04
2.464214e+13	5.275940e+04
2.482441e+13	5.291939e+04
2.500804e+13	5.307993e+04
2.519302e+13	5.324102e+04
2.537937e+13	5.340265e+04
2.556710e+13	5.356483e+04
2.575622e+13	5.372757e+04
2.594674e+13	5.389086e+04
2.613867e+13	5.405471e+04
2.633202e+13	5.421912e+04
2.652679e+13	5.438410e+04
2.672301e+13	5.454963e+04
2.692068e+13	5.471574e+04
2.711981e+13	5.488241e+04
2.732042e+13	5.504966e+04
2.752250e+13	5.521748e+04
2.772609e+13	5.538588e+04
2.793118e+13	5.555486e+04
2.813778e+13	5.572441e+04
2.834592e+13	5.589456e+04
2.855559e+13	5.606529e+04
2.876681e+13	5.623661e+04
2.897960e+13	5.640852e+04
2.919396e+13	5.658102e+04
2.940991e+13	5.675412e+04
2.962745e+13	5.692782e+04
2.984661e+13	5.710212e+04
3.006738e+13	5.727703e+04
3.028979e+13	5.745254e+04
3.051384e+13	5.762867e+04
3.073955e+13	5.780540e+04
3.096693e+13	5.798275e+04
3.119599e+13	5.816072e+04
3.142675e+13	5.833930e+04
3.165921e+13	5.851851e+04
3.189339e+13	5.869835e+04
3.212931e+13	5.887881e+04
3.236697e+13	5.905990e+04
3.260639e+13	5.924163e+04
3.284757e+13	5.942399e+04
3.309055e+13	5.960699e+04
3.333532e+13	5.979063e+04
3.358190e+13	5.997491e+04
3.383030e+13	6.015985e+04
3.408054e+13	6.034543e+04
3.433264e+13	6.053166e+04
3.458659e+13	6.071855e+04
3.484243e+13	6.090610e+04
3.510016e+13	6.109431e+04
3.535979e+13	6.128318e+04
3.562135e+13	6.147271e+04
3.588484e+13	6.166292e+04
3.615028e+13	6.185380e+04
3.641768e+13	6.204535e+04
3.668706e+13	6.223759e+04
3.695843e+13	6.243050e+04
3.723181e+13	6.262410e+04
3.750722e+13	6.281838e+04
3.778466e+13	6.301335e+04
3.806415e+13	6.320902e+04
3.834571e+13	6.340538e+04
3.862935e+13	6.360244e+04
3.891509e+13	6.380020e+04
3.920294e+13	6.399866e+04
3.949293e+13	6.419784e+04
3.978505e+13	6.439772e+04
4.007934e+13	6.459831e+04
4.037581e+13	6.479963e+04
4.067447e+13	6.500166e+04
4.097533e+13	6.520442e+04
4.127843e+13	6.540790e+04
4.158376e+13	6.561211e+04
4.189136e+13	6.581705e+04
4.220123e+13	6.602273e+04
4.251339e+13	6.622915e+04
4.282786e+13	6.643630e+04
4.314465e+13	6.664421e+04
4.346379e+13	6.685286e+04
4.378529e+13	6.706226e+04
4.410917e+13	6.727241e+04
4.443545e+13	6.748333e+04
4.476413e+13	6.769500e+04
4.509525e+13	6.790744e+04
4.542882e+13	6.812065e+04
4.576486e+13	6.833462e+04
4.610338e+13	6.854937e+04
4.644440e+13	6.876490e+04
4.678795e+13	6.898121e+04
4.713404e+13	6.919830e+04
4.748269e+13	6.941618e+04
4.783392e+13	6.963485e+04
4.818774e+13	6.985431e+04
4.854419e+13	7.007457e+04
4.890327e+13	7.029563e+04
4.926500e+13	7.051750e+04
4.962941e+13	7.074017e+04
4.999652e+13	7.096366e+04
5.036634e+13	7.118795e+04
5.073890e+13	7.141307e+04
5.111422e+13	7.163901e+04
5.149231e+13	7.186577e+04
5.187319e+13	7.209336e+04
5.225690e+13	7.232179e+04
5.264344e+13	7.255104e+04
5.303284e+13	7.278114e+04
5.342513e+13	7.301208e+04
5.382031e+13	7.324387e+04
5.421842e+13	7.347650e+04
5.461947e+13	7.370999e+04
5.502349e+13	7.394434e+04
5.543049e+13	7.417955e+04
5.584051e+13	7.441562e+04
5.625356e+13	7.465256e+04
5.666967e+13	7.489037e+04
5.708885e+13	7.512905e+04
5.751114e+13	7.536862e+04
5.793654e+13	7.560907e+04
5.836510e+13	7.585040e+04
5.879682e+13	7.609262e+04
5.923174e+13	7.633574e+04
5.966988e+13	7.657976e+04
6.011125e+13	7.682467e+04
6.055590e+13	7.707049e+04
6.100383e+13	7.731723e+04
6.145507e+13	7.756487e+04
6.190965e+13	7.781343e+04
6.236759e+13	7.806291e+04
6.282893e+13	7.831332e+04
6.329367e+13	7.856465e+04
6.376185e+13	7.881691e+04
6.423349e+13	7.907012e+04
6.470863e+13	7.932426e+04
6.518728e+13	7.957934e+04
6.566946e+13	7.983537e+04
6.615522e+13	8.009236e+04
6.664457e+13	8.035030e+04
6.713754e+13	8.060920e+04
6.763415e+13	8.086906e+04
6.813444e+13	8.112989e+04
6.863843e+13	8.139170e+04
6.914614e+13	8.165448e+04
6.965761e+13	8.191823e+04
7.017287e+13	8.218298e+04
7.069194e+13	8.244871e+04
7.121484e+13	8.271543e+04
7.174162e+13	8.298315e+04
7.227229e+13	8.325186e+04
7.280688e+13	8.352159e+04
7.334543e+13	8.379232e+04
7.388797e+13	8.406406e+04
7.443451e+13	8.433682e+04
7.498510e+13	8.461060e+04
7.553977e+13	8.488541e+04
7.609853e+13	8.516125e+04
7.666143e+13	8.543812e+04
7.722849e+13	8.571602e+04
7.779975e+13	8.599497e+04
7.837523e+13	8.627497e+04
7.895497e+13	8.655601e+04
7.953900e+13	8.683812e+04
8.012735e+13	8.712128e+04
8.072005e+13	8.740550e+04
8.131713e+13	8.769079e+04
8.191863e+13	8.797715e+04
8.252458e+13	8.826460e+04
8.313501e+13	8.855312e+04
8.374996e+13	8.884272e+04
8.436945e+13	8.913342e+04
8.499353e+13	8.942521e+04
8.562223e+13	8.971810e+04
8.625557e+13	9.001209e+04
8.689360e+13	9.030719e+04
8.753635e+13	9.060340e+04
8.818385e+13	9.090072e+04
8.883615e+13	9.119917e+04
8.949327e+13	9.149874e+04
9.015525e+13	9.179945e+04
9.082212e+13	9.210128e+04
9.149393e+13	9.240426e+04
9.217071e+13	9.270838e+04
9.285249e+13	9.301364e+04
9.353932e+13	9.332006e+04
9.423123e+13	9.362764e+04
9.492825e+13	9.393637e+04
9.563043e+13	9.424628e+04
9.633781e+13	9.455735e+04
9.705042e+13	9.486960e+04
9.776829e+13	9.518303e+04
9.849148e+13	9.549765e+04
9.922002e+13	9.581345e+04
9.995395e+13	9.613045e+04
1.006933e+14	9.644865e+04
1.014381e+14	9.676805e+04
1.021885e+14	9.708866e+04
1.029444e+14	9.741049e+04
1.037058e+14	9.773353e+04
1.044729e+14	9.805779e+04
1.052457e+14	9.838328e+04
1.060242e+14	9.871000e+04
1.068085e+14	9.903796e+04
1.075985e+14	9.936717e+04
1.083944e+14	9.969761e+04
1.091962e+14	1.000293e+05
1.100040e+14	1.003623e+05
1.108176e+14	1.006965e+05
1.116374e+14	1.010320e+05
1.124631e+14	1.013687e+05
1.132950e+14	1.017068e+05
1.141331e+14	1.020461e+05
1.149773e+14	1.023867e+05
1.158278e+14	1.027285e+05
1.166846e+14	1.030717e+05
1.175477e+14	1.034162e+05
1.184172e+14	1.037620e+05
1.192931e+14	1.041091e+05
1.201755e+14	1.044575e+05
1.210644e+14	1.048073e+05
1.219600e+14	1.051583e+05
1.228621e+14	1.055107e+05
1.237709e+14	1.058644e+05
1.246864e+14	1.062195e+05
1.256087e+14	1.065759e+05
1.265378e+14	1.069337e+05
1.274738e+14	1.072928e+05
1.284168e+14	1.076533e+05
1.293667e+14	1.080151e+05
1.303236e+14	1.083783e+05
1.312876e+14	1.087429e+05
1.322587e+14	1.091089e+05
1.332370e+14	1.094763e+05
1.342226e+14	1.098450e+05
1.352154e+14	1.102152e+05
1.362156e+14	1.105867e+05
1.372232e+14	1.109597e+05
1.382382e+14	1.113341e+05
1.392608e+14	1.117099e+05
1.402909e+14	1.120871e+05
1.413286e+14	1.124657e+05
1.423740e+14	1.128458e+05
1.434271e+14	1.132273e+05
1.444881e+14	1.136103e+05
1.455568e+14	1.139947e+05
1.466335e+14	1.143806e+05
1.477182e+14	1.147679e+05
1.488108e+14	1.151567e+05
1.499116e+14	1.155470e+05
1.510205e+14	1.159387e+05
1.521376e+14	1.163320e+05
1.532629e+14	1.167267e+05
1.543966e+14	1.171229e+05
1.555387e+14	1.175206e+05
1.566892e+14	1.179198e+05
1.578482e+14	1.183205e+05
1.590158e+14	1.187227e+05
1.601920e+14	1.191265e+05
1.613770e+14	1.195318e+05
1.625707e+14	1.199386e+05
1.637732e+14	1.203469e+05
1.649846e+14	1.207568e+05
1.662050e+14	1.211682e+05
1.674344e+14	1.215812e+05
1.686729e+14	1.219958e+05
1.699206e+14	1.224119e+05
1.711775e+14	1.228296e+05
1.724437e+14	1.232488e+05
1.737193e+14	1.236696e+05
1.750043e+14	1.240921e+05
1.762988e+14	1.245161e+05
1.776028e+14	1.249417e+05
1.789166e+14	1.253689e+05
1.802400e+14	1.257977e+05
1.815732e+14	1.262282e+05
1.829163e+14	1.266603e+05
1.842693e+14	1.270939e+05
1.856324e+14	1.275293e+05
1.870055e+14	1.279662e+05
1.883888e+14	1.284048e+05
1.897823e+14	1.288451e+05
1.911861e+14	1.292870e+05
1.926003e+14	1.297305e+05
1.940249e+14	1.301758e+05
1.954601e+14	1.306227e+05
1.969060e+14	1.310713e+05
1.983625e+14	1.315215e+05
1.998297e+14	1.319735e+05
2.013079e+14	1.324272e+05
2.027969e+14	1.328825e+05
2.042970e+14	1.333396e+05
2.058082e+14	1.337984e+05
2.073306e+14	1.342589e+05
2.088642e+14	1.347211e+05
2.104091e+14	1.351850e+05
2.119655e+14	1.356507e+05
2.135334e+14	1.361181e+05
2.151129e+14	1.365873e+05
2.167041e+14	1.370583e+05
2.183071e+14	1.375310e+05
2.199219e+14	1.380054e+05
2.215486e+14	1.384817e+05
2.231874e+14	1.389597e+05
2.248383e+14	1.394395e+05
2.265015e+14	1.399211e+05
2.281769e+14	1.404045e+05
2.298647e+14	1.408897e+05
2.315650e+14	1.413767e+05
2.332779e+14	1.418655e+05
2.350034e+14	1.423561e+05
2.367418e+14	1.428486e+05
2.384929e+14	1.433429e+05
2.402570e+14	1.438390e+05
2.420342e+14	1.443370e+05
2.438245e+14	1.448369e+05
2.456281e+14	1.453386e+05
2.474450e+14	1.458421e+05
2.492754e+14	1.463476e+05
2.511192e+14	1.468549e+05
2.529768e+14	1.473641e+05
2.548480e+14	1.478752e+05
2.567331e+14	1.483881e+05
2.586322e+14	1.489030e+05
2.605453e+14	1.494198e+05
2.624725e+14	1.499385e+05
2.644140e+14	1.504592e+05
2.663699e+14	1.509817e+05
2.683402e+14	1.515062e+05
2.703251e+14	1.520326e+05
2.723247e+14	1.525610e+05
2.743391e+14	1.530913e+05
2.763683e+14	1.536236e+05
2.784126e+14	1.541579e+05
2.804720e+14	1.546941e+05
2.825467e+14	1.552323e+05
2.846367e+14	1.557725e+05
2.867421e+14	1.563147e+05
2.888631e+14	1.568589e+05
2.909999e+14	1.574051e+05
2.931524e+14	1.579533e+05
2.953208e+14	1.585035e+05
2.975053e+14	1.590558e+05
2.997059e+14	1.596101e+05
3.019228e+14	1.601664e+05
3.041562e+14	1.607247e+05
3.064060e+14	1.612852e+05
3.086725e+14	1.618476e+05
3.109557e+14	1.624122e+05
3.132558e+14	1.629788e+05
3.155730e+14	1.635475e+05
3.179073e+14	1.641182e+05
3.202588e+14	1.646911e+05
3.226278e+14	1.652661e+05
3.250142e+14	1.658431e+05
3.274184e+14	1.664223e+05
3.298403e+14	1.670036e+05
3.322801e+14	1.675870e+05
3.347379e+14	1.681726e+05
3.372140e+14	1.687603e+05
3.397083e+14	1.693501e+05
3.422212e+14	1.699421e+05
3.447526e+14	1.705363e+05
3.473027e+14	1.711326e+05
3.498717e+14	1.717311e+05
3.524597e+14	1.723318e+05
3.550668e+14	1.729347e+05
3.576932e+14	1.735398e+05
3.603391e+14	1.741470e+05
3.630045e+14	1.747565e+05
3.656896e+14	1.753682e+05
3.683946e+14	1.759821e+05
3.711196e+14	1.765983e+05
3.738648e+14	1.772167e+05
3.766302e+14	1.778373e+05
3.794162e+14	1.784602e+05
3.822227e+14	1.790853e+05
3.850500e+14	1.797128e+05
3.878982e+14	1.803424e+05
3.907675e+14	1.809744e+05
3.936579e+14	1.816087e+05
3.965698e+14	1.822452e+05
3.995032e+14	1.828841e+05
4.024584e+14	1.835253e+05
4.054353e+14	1.841688e+05
4.084343e+14	1.848146e+05
4.114555e+14	1.854627e+05
4.144990e+14	1.861132e+05
4.175651e+14	1.867660e+05
4.206538e+14	1.874212e+05
4.237653e+14	1.880788e+05
4.268999e+14	1.887387e+05
4.300577e+14	1.894010e+05
4.332388e+14	1.900657e+05
4.364435e+14	1.907328e+05
4.396718e+14	1.914023e+05
4.429241e+14	1.920742e+05
4.462003e+14	1.927485e+05
4.495009e+14	1.934253e+05
4.528258e+14	1.941045e+05
4.561754e+14	1.947861e+05
4.595497e+14	1.954701e+05
4.629490e+14	1.961567e+05
4.663734e+14	1.968456e+05
4.698231e+14	1.975371e+05
4.732984e+14	1.982310e+05
4.767994e+14	1.989275e+05
4.803262e+14	1.996264e+05
4.838792e+14	2.003278e+05
4.874584e+14	2.010317e+05
4.910641e+14	2.017382e+05
4.946965e+14	2.024472e+05
4.983558e+14	2.031587e+05
5.020421e+14	2.038728e+05
5.057557e+14	2.045894e+05
5.094968e+14	2.053086e+05
5.132655e+14	2.060303e+05
5.170621e+14	2.067547e+05
5.208868e+14	2.074816e+05
5.247398e+14	2.082111e+05
5.286213e+14	2.089432e+05
5.325315e+14	2.096779e+05
5.364706e+14	2.104153e+05
5.404388e+14	2.111552e+05
5.444364e+14	2.118979e+05
5.484636e+14	2.126431e+05
5.525206e+14	2.133910e+05
5.566076e+14	2.141416e+05
5.607248e+14	2.148948e+05
5.648724e+14	2.156508e+05
5.690508e+14	2.164094e+05
5.732600e+14	2.171707e+05
5.775004e+14	2.179347e+05
5.817722e+14	2.187015e+05
5.860755e+14	2.194709e+05
5.904107e+14	2.202431e+05
5.947780e+14	2.210180e+05
5.991775e+14	2.217957e+05
6.036096e+14	2.225762e+05
6.080745e+14	2.233594e+05
6.125724e+14	2.241454e+05
6.171036e+14	2.249342e+05
6.216683e+14	2.257258e+05
6.262667e+14	2.265202e+05
6.308992e+14	2.273174e+05
6.355660e+14	2.281174e+05
6.402672e+14	2.289203e+05
6.450033e+14	2.297260e+05
6.497743e+14	2.305345e+05
6.545807e+14	2.313460e+05
6.594226e+14	2.321603e+05
6.643003e+14	2.329774e+05
6.692141e+14	2.337975e+05
6.741643e+14	2.346205e+05
6.791511e+14	2.354464e+05
6.841747e+14	2.362752e+05
6.892356e+14	2.371069e+05
6.943338e+14	2.379416e+05
6.994698e+14	2.387792e+05
7.046437e+14	2.396198e+05
7.098560e+14	2.404634e+05
7.151067e+14	2.413099e+05
7.203964e+14	2.421595e+05
7.257251e+14	2.430120e+05
7.310933e+14	2.438675e+05
7.365012e+14	2.447261e+05
7.419490e+14	2.455877e+05
7.474372e+14	2.464524e+05
7.529660e+14	2.473200e+05
7.585356e+14	2.481908e+05
7.641465e+14	2.490646e+05
7.697989e+14	2.499416e+05
7.754931e+14	2.508216e+05
7.812294e+14	2.517047e+05
7.870081e+14	2.525909e+05
7.928296e+14	2.534803e+05
7.986941e+14	2.543728e+05
8.046020e+14	2.552684e+05
8.105536e+14	2.561672e+05
8.165493e+14	2.570692e+05
8.225893e+14	2.579743e+05
8.286739e+14	2.588827e+05
8.348036e+14	2.597943e+05
8.409786e+14	2.607090e+05
8.471993e+14	2.616270e+05
8.534660e+14	2.625482e+05
8.597791e+14	2.634727e+05
8.661388e+14	2.644005e+05
8.725456e+14	2.653315e+05
8.789998e+14	2.662658e+05
8.855018e+14	2.672034e+05
8.920518e+14	2.681443e+05
8.986503e+14	2.690885e+05
9.052976e+14	2.700360e+05
9.119940e+14	2.709869e+05
9.187400e+14	2.719412e+05
9.255359e+14	2.728988e+05
9.323821e+14	2.738598e+05
9.392789e+14	2.748242e+05
9.462267e+14	2.757920e+05
9.532259e+14	2.767632e+05
9.602769e+14	2.777378e+05
9.673800e+14	2.787158e+05
9.745357e+14	2.796974e+05
9.817443e+14	2.806823e+05
9.890063e+14	2.816708e+05
9.963219e+14	2.826628e+05
1.003692e+15	2.836582e+05
1.011116e+15	2.846572e+05
1.018595e+15	2.856597e+05
1.026130e+15	2.866657e+05
1.033720e+15	2.876753e+05
1.041366e+15	2.886884e+05
1.049069e+15	2.897052e+05
1.056829e+15	2.907255e+05
1.064647e+15	2.917495e+05
1.072522e+15	2.927770e+05
1.080455e+15	2.938082e+05
1.088447e+15	2.948430e+05
1.096498e+15	2.958815e+05
1.104609e+15	2.969237e+05
1.112780e+15	2.979696e+05
1.121011e+15	2.990191e+05
1.129303e+15	3.000724e+05
1.137657e+15	3.011294e+05
1.146072e+15	3.021902e+05
1.154549e+15	3.032547e+05
1.163089e+15	3.043229e+05
1.171693e+15	3.053950e+05
1.180360e+15	3.064709e+05
1.189091e+15	3.075505e+05
1.197887e+15	3.086340e+05
1.206747e+15	3.097214e+05
1.215674e+15	3.108126e+05
1.224666e+15	3.119077e+05
1.233725e+15	3.130067e+05
1.242850e+15	3.141095e+05
1.252044e+15	3.152163e+05
1.261305e+15	3.163270e+05
1.270635e+15	3.174417e+05
1.280034e+15	3.185603e+05
1.289502e+15	3.196829e+05
1.299041e+15	3.208095e+05
1.308650e+15	3.219402e+05
1.318330e+15	3.230748e+05
1.328081e+15	3.242135e+05
1.337905e+15	3.253562e+05
1.347801e+15	3.265030e+05
1.357771e+15	3.276539e+05
1.367815e+15	3.288089e+05
1.377932e+15	3.299680e+05
1.388125e+15	3.311312e+05
1.398393e+15	3.322986e+05
1.408736e+15	3.334702e+05
1.419157e+15	3.346460e+05
1.429654e+15	3.358259e+05
1.440229e+15	3.370101e+05
1.450883e+15	3.381985e+05
1.461615e+15	3.393912e+05
1.472426e+15	3.405881e+05
1.483318e+15	3.417893e+05
1.494290e+15	3.429948e+05
1.505343e+15	3.442046e+05
1.516478e+15	3.454188e+05
1.527696e+15	3.466373e+05
1.538996e+15	3.478602e+05
1.550380e+15	3.490875e+05
1.561848e+15	3.503192e+05
1.573401e+15	3.515553e+05
1.585039e+15	3.527959e+05
1.596764e+15	3.540409e+05
1.608575e+15	3.552904e+05
1.620473e+15	3.565443e+05
1.632460e+15	3.578028e+05
1.644535e+15	3.590659e+05
1.656700e+15	3.603335e+05
1.668954e+15	3.616056e+05
1.681300e+15	3.628823e+05
1.693736e+15	3.641637e+05
1.706265e+15	3.654497e+05
1.718886e+15	3.667403e+05
1.731600e+15	3.680356e+05
1.744409e+15	3.693355e+05
1.757312e+15	3.706402e+05
1.770311e+15	3.719496e+05
1.783406e+15	3.732637e+05
1.796598e+15	3.745826e+05
1.809887e+15	3.759062e+05
1.823275e+15	3.772347e+05
1.836762e+15	3.785680e+05
1.850348e+15	3.799061e+05
1.864035e+15	3.812491e+05
1.877823e+15	3.825969e+05
1.891714e+15	3.839497e+05
1.905706e+15	3.853073e+05
1.919803e+15	3.866699e+05
1.934004e+15	3.880375e+05
1.948309e+15	3.894101e+05
1.962721e+15	3.907876e+05
1.977239e+15	3.921702e+05
1.991865e+15	3.935578e+05
2.006599e+15	3.949505e+05
2.021441e+15	3.963483e+05
2.036394e+15	3.977512e+05
2.051457e+15	3.991592e+05
2.066632e+15	4.005724e+05
2.081918e+15	4.019907e+05
2.097318e+15	4.034142e+05
2.112832e+15	4.048430e+05
2.128461e+15	4.062770e+05
2.144205e+15	4.077162e+05
2.160065e+15	4.091607e+05
2.176043e+15	4.106106e+05
2.192139e+15	4.120657e+05
2.208355e+15	4.135263e+05
2.224690e+15	4.149921e+05
2.241146e+15	4.164634e+05
2.257723e+15	4.179401e+05
2.274424e+15	4.194223e+05
2.291248e+15	4.209099e+05
2.308196e+15	4.224030e+05
2.325269e+15	4.239016e+05
2.342469e+15	4.254057e+05
2.359797e+15	4.269154e+05
2.377252e+15	4.284307e+05
2.394836e+15	4.299516e+05
2.412551e+15	4.314781e+05
2.430397e+15	4.330103e+05
2.448374e+15	4.345481e+05
2.466485e+15	4.360917e+05
2.484729e+15	4.376410e+05
2.503109e+15	4.391960e+05
2.521624e+15	4.407568e+05
2.540276e+15	4.423234e+05
2.559067e+15	4.438959e+05
2.577996e+15	4.454742e+05
2.597065e+15	4.470583e+05
2.616276e+15	4.486484e+05
2.635628e+15	4.502444e+05
2.655124e+15	4.518464e+05
2.674764e+15	4.534543e+05
2.694549e+15	4.550683e+05
2.714481e+15	4.566883e+05
2.734560e+15	4.583143e+05
2.754787e+15	4.599464e+05
2.775164e+15	4.615847e+05
2.795692e+15	4.632290e+05
2.816371e+15	4.648796e+05
2.837204e+15	4.665363e+05
2.858191e+15	4.681992e+05
2.879333e+15	4.698684e+05
2.900631e+15	4.715439e+05
2.922087e+15	4.732257e+05
2.943702e+15	4.749137e+05
2.965476e+15	4.766082e+05
2.987412e+15	4.783090e+05
3.009509e+15	4.800162e+05
3.031771e+15	4.817299e+05
3.054197e+15	4.834501e+05
3.076788e+15	4.851767e+05
3.099547e+15	4.869099e+05
3.122474e+15	4.886496e+05
3.145571e+15	4.903959e+05
3.168839e+15	4.921488e+05
3.192279e+15	4.939083e+05
3.215892e+15	4.956745e+05
3.239680e+15	4.974474e+05
3.263644e+15	4.992270e+05
3.287785e+15	5.010134e+05
3.312104e+15	5.028066e+05
3.336604e+15	5.046066e+05
3.361285e+15	5.064134e+05
3.386148e+15	5.082271e+05
3.411195e+15	5.100477e+05
3.436428e+15	5.118752e+05
3.461847e+15	5.137097e+05
3.487454e+15	5.155512e+05
3.513251e+15	5.173998e+05
3.539238e+15	5.192554e+05
3.565418e+15	5.211180e+05
3.591791e+15	5.229878e+05
3.618359e+15	5.248648e+05
3.645124e+15	5.267489e+05
3.672087e+15	5.286403e+05
3.699249e+15	5.305389e+05
3.726613e+15	5.324447e+05
3.754178e+15	5.343579e+05
3.781948e+15	5.362784e+05
3.809923e+15	5.382063e+05
3.838105e+15	5.401416e+05
3.866495e+15	5.420844e+05
3.895095e+15	5.440346e+05
3.923907e+15	5.459923e+05
3.952932e+15	5.479576e+05
3.982172e+15	5.499304e+05
4.011628e+15	5.519108e+05
4.041302e+15	5.538989e+05
4.071195e+15	5.558947e+05
4.101310e+15	5.578981e+05
4.131647e+15	5.599093e+05
4.162209e+15	5.619283e+05
4.192997e+15	5.639551e+05
4.224012e+15	5.659897e+05
4.255257e+15	5.680322e+05
4.286733e+15	5.700826e+05
4.318442e+15	5.721410e+05
4.350385e+15	5.742073e+05
4.382565e+15	5.762817e+05
4.414982e+15	5.783641e+05
4.447640e+15	5.804546e+05
4.480539e+15	5.825532e+05
4.513681e+15	5.846600e+05
4.547069e+15	5.867750e+05
4.580704e+15	5.888982e+05
4.614587e+15	5.910297e+05
4.648721e+15	5.931695e+05
4.683107e+15	5.953176e+05
4.717748e+15	5.974741e+05
4.752645e+15	5.996390e+05
4.787800e+15	6.018124e+05
4.823216e+15	6.039943e+05
4.858893e+15	6.061847e+05
4.894834e+15	6.083836e+05
4.931041e+15	6.105912e+05
4.967515e+15	6.128074e+05
5.004260e+15	6.150323e+05
5.041276e+15	6.172658e+05
5.078567e+15	6.195082e+05
5.116133e+15	6.217593e+05
5.153976e+15	6.240193e+05
5.192100e+15	6.262881e+05
5.230506e+15	6.285659e+05
5.269196e+15	6.308526e+05
5.308172e+15	6.331483e+05
5.347436e+15	6.354530e+05
5.386991e+15	6.377668e+05
5.426839e+15	6.400897e+05
5.466981e+15	6.424217e+05
5.507420e+15	6.447629e+05
5.548158e+15	6.471134e+05
5.589198e+15	6.494731e+05
5.630541e+15	6.518421e+05
5.672190e+15	6.542205e+05
5.714147e+15	6.566082e+05
5.756414e+15	6.590054e+05
5.798994e+15	6.614121e+05
5.841889e+15	6.638283e+05
5.885101e+15	6.662540e+05
5.928633e+15	6.686894e+05
5.972487e+15	6.711344e+05
6.016666e+15	6.735890e+05
6.061171e+15	6.760534e+05
6.106005e+15	6.785276e+05
6.151171e+15	6.810115e+05
6.196671e+15	6.835054e+05
6.242507e+15	6.860091e+05
6.288683e+15	6.885227e+05
6.335200e+15	6.910464e+05
6.382062e+15	6.935800e+05
6.429270e+15	6.961238e+05
6.476827e+15	6.986776e+05
6.524736e+15	7.012416e+05
6.572999e+15	7.038158e+05
6.621619e+15	7.064003e+05
6.670599e+15	7.089950e+05
6.719941e+15	7.116001e+05
6.769648e+15	7.142156e+05
6.819723e+15	7.168415e+05
6.870169e+15	7.194779e+05
6.920987e+15	7.221248e+05
6.972181e+15	7.247822e+05
7.023754e+15	7.274503e+05
7.075709e+15	7.301290e+05
7.128048e+15	7.328184e+05
7.180774e+15	7.355186e+05
7.233890e+15	7.382295e+05
7.287398e+15	7.409513e+05
7.341303e+15	7.436840e+05
7.395606e+15	7.464277e+05
7.450312e+15	7.491823e+05
7.505421e+15	7.519480e+05
7.560939e+15	7.547247e+05
7.616867e+15	7.575125e+05
7.673208e+15	7.603116e+05
7.729967e+15	7.631218e+05
7.787145e+15	7.659434e+05
7.844747e+15	7.687762e+05
7.902774e+15	7.716205e+05
7.961230e+15	7.744761e+05
8.020119e+15	7.773432e+05
8.079444e+15	7.802219e+05
8.139207e+15	7.831121e+05
8.199413e+15	7.860139e+05
8.260064e+15	7.889274e+05
8.321163e+15	7.918526e+05
8.382715e+15	7.947896e+05
8.444721e+15	7.977384e+05
8.507187e+15	8.006991e+05
8.570114e+15	8.036717e+05
8.633507e+15	8.066563e+05
8.697369e+15	8.096529e+05
8.761703e+15	8.126616e+05
8.826513e+15	8.156824e+05
8.891802e+15	8.187154e+05
8.957575e+15	8.217606e+05
9.023834e+15	8.248181e+05
9.090583e+15	8.278880e+05
9.157825e+15	8.309703e+05
9.225566e+15	8.340650e+05
9.293807e+15	8.371722e+05
9.362553e+15	8.402919e+05
9.431807e+15	8.434243e+05
9.501574e+15	8.465693e+05
9.571857e+15	8.497270e+05
9.642660e+15	8.528975e+05
9.713986e+15	8.560809e+05
9.785840e+15	8.592771e+05
9.858226e+15	8.624863e+05
9.931147e+15	8.657084e+05
1.000461e+16	8.689436e+05
1.007861e+16	8.721919e+05
1.015316e+16	8.754533e+05
1.022826e+16	8.787280e+05
1.030392e+16	8.820159e+05
1.038014e+16	8.853172e+05
1.045692e+16	8.886318e+05
1.053427e+16	8.919599e+05
1.061219e+16	8.953015e+05
1.069069e+16	8.986567e+05
1.076977e+16	9.020254e+05
1.084943e+16	9.054079e+05
1.092969e+16	9.088040e+05
1.101053e+16	9.122140e+05
1.109198e+16	9.156378e+05
1.117403e+16	9.190755e+05
1.125668e+16	9.225272e+05
1.133994e+16	9.259929e+05
1.142383e+16	9.294727e+05
1.150833e+16	9.329666e+05
1.159345e+16	9.364748e+05
1.167921e+16	9.399972e+05
1.176560e+16	9.435339e+05
1.185263e+16	9.470850e+05
1.194030e+16	9.506506e+05
1.202863e+16	9.542307e+05
1.211760e+16	9.578253e+05
1.220724e+16	9.614346e+05
1.229753e+16	9.650586e+05
1.238850e+16	9.686973e+05
1.248013e+16	9.723509e+05
1.257245e+16	9.760193e+05
1.266545e+16	9.797027e+05
1.275913e+16	9.834011e+05
1.285351e+16	9.871146e+05
1.294859e+16	9.908432e+05
1.304437e+16	9.945870e+05
1.314086e+16	9.983460e+05
1.323806e+16	1.002120e+06
1.333598e+16	1.005910e+06
1.343463e+16	1.009715e+06
1.353400e+16	1.013536e+06
1.363411e+16	1.017373e+06
1.373497e+16	1.021225e+06
1.383656e+16	1.025092e+06
1.393891e+16	1.028976e+06
1.404202e+16	1.032875e+06
1.414589e+16	1.036791e+06
1.425052e+16	1.040722e+06
1.435593e+16	1.044669e+06
1.446212e+16	1.048633e+06
1.456910e+16	1.052612e+06
1.467687e+16	1.056608e+06
1.478543e+16	1.060621e+06
1.489480e+16	1.064649e+06
1.500497e+16	1.068694e+06
1.511597e+16	1.072756e+06
1.522778e+16	1.076834e+06
1.534042e+16	1.080929e+06
1.545389e+16	1.085041e+06
1.556820e+16	1.089170e+06
1.568336e+16	1.093315e+06
1.579937e+16	1.097477e+06
1.591624e+16	1.101657e+06
1.603397e+16	1.105853e+06
1.615257e+16	1.110067e+06
1.627205e+16	1.114298e+06
1.639241e+16	1.118546e+06
1.651367e+16	1.122811e+06
1.663582e+16	1.127095e+06
1.675887e+16	1.131395e+06
1.688284e+16	1.135713e+06
1.700772e+16	1.140049e+06
1.713353e+16	1.144403e+06
1.726026e+16	1.148774e+06
1.738794e+16	1.153164e+06
1.751655e+16	1.157571e+06
1.764612e+16	1.161997e+06
1.777665e+16	1.166440e+06
1.790815e+16	1.170902e+06
1.804061e+16	1.175382e+06
1.817406e+16	1.179880e+06
1.830849e+16	1.184397e+06
1.844392e+16	1.188933e+06
1.858035e+16	1.193486e+06
1.871778e+16	1.198059e+06
1.885624e+16	1.202650e+06
1.899572e+16	1.207261e+06
1.913623e+16	1.211890e+06
1.927778e+16	1.216538e+06
1.942038e+16	1.221205e+06
1.956403e+16	1.225891e+06
1.970874e+16	1.230597e+06
1.985453e+16	1.235322e+06
2.000139e+16	1.240066e+06
2.014934e+16	1.244829e+06
2.029839e+16	1.249613e+06
2.044853e+16	1.254416e+06
2.059979e+16	1.259238e+06
2.075217e+16	1.264080e+06
2.090567e+16	1.268943e+06
2.106031e+16	1.273825e+06
2.121609e+16	1.278727e+06
2.137302e+16	1.283649e+06
2.153112e+16	1.288592e+06
2.169038e+16	1.293555e+06
2.185083e+16	1.298538e+06
2.201246e+16	1.303542e+06
2.217528e+16	1.308566e+06
2.233931e+16	1.313611e+06
2.250456e+16	1.318676e+06
2.267102e+16	1.323763e+06
2.283872e+16	1.328870e+06
2.300766e+16	1.333998e+06
2.317784e+16	1.339148e+06
2.334929e+16	1.344318e+06
2.352200e+16	1.349510e+06
2.369599e+16	1.354723e+06
2.387127e+16	1.359958e+06
2.404785e+16	1.365214e+06
2.422573e+16	1.370491e+06
2.440493e+16	1.375790e+06
2.458545e+16	1.381112e+06
2.476731e+16	1.386454e+06
2.495051e+16	1.391819e+06
2.513507e+16	1.397206e+06
2.532099e+16	1.402615e+06
2.550829e+16	1.408047e+06
2.569697e+16	1.413500e+06
2.588705e+16	1.418977e+06
2.607854e+16	1.424475e+06
2.627144e+16	1.429996e+06
2.646577e+16	1.435540e+06
2.666154e+16	1.441107e+06
2.685875e+16	1.446697e+06
2.705742e+16	1.452309e+06
2.725757e+16	1.457945e+06
2.745919e+16	1.463604e+06
2.766231e+16	1.469286e+06
2.786692e+16	1.474992e+06
2.807305e+16	1.480721e+06
2.828071e+16	1.486473e+06
2.848990e+16	1.492250e+06
2.870064e+16	1.498050e+06
2.891294e+16	1.503874e+06
2.912681e+16	1.509721e+06
2.934226e+16	1.515593e+06
2.955930e+16	1.521489e+06
2.977795e+16	1.527410e+06
2.999822e+16	1.533354e+06
3.022011e+16	1.539324e+06
3.044365e+16	1.545317e+06
3.066884e+16	1.551336e+06
3.089570e+16	1.557379e+06
3.112423e+16	1.563447e+06
3.135446e+16	1.569540e+06
3.158638e+16	1.575658e+06
3.182003e+16	1.581802e+06
3.205540e+16	1.587970e+06
3.229251e+16	1.594164e+06
3.253138e+16	1.600384e+06
3.277201e+16	1.606629e+06
3.301443e+16	1.612900e+06
3.325863e+16	1.619197e+06
3.350465e+16	1.625519e+06
3.375248e+16	1.631868e+06
3.400214e+16	1.638243e+06
3.425366e+16	1.644644e+06
3.450703e+16	1.651072e+06
3.476228e+16	1.657526e+06
3.501941e+16	1.664006e+06
3.527845e+16	1.670513e+06
3.553940e+16	1.677047e+06
3.580229e+16	1.683608e+06
3.606712e+16	1.690197e+06
3.633390e+16	1.696812e+06
3.660266e+16	1.703454e+06
3.687341e+16	1.710124e+06
3.714616e+16	1.716821e+06
3.742093e+16	1.723546e+06
3.769774e+16	1.730299e+06
3.797658e+16	1.737079e+06
3.825750e+16	1.743888e+06
3.854049e+16	1.750724e+06
3.882557e+16	1.757589e+06
3.911276e+16	1.764482e+06
3.940208e+16	1.771403e+06
3.969353e+16	1.778353e+06
3.998714e+16	1.785332e+06
4.028293e+16	1.792339e+06
4.058090e+16	1.799375e+06
4.088107e+16	1.806441e+06
4.118347e+16	1.813535e+06
4.148810e+16	1.820659e+06
4.179499e+16	1.827812e+06
4.210415e+16	1.834994e+06
4.241559e+16	1.842207e+06
4.272934e+16	1.849449e+06
4.304540e+16	1.856720e+06
4.336381e+16	1.864022e+06
4.368457e+16	1.871354e+06
4.400770e+16	1.878716e+06
4.433323e+16	1.886109e+06
4.466116e+16	1.893532e+06
4.499152e+16	1.900986e+06
4.532432e+16	1.908470e+06
4.565958e+16	1.915986e+06
4.599732e+16	1.923532e+06
4.633756e+16	1.931110e+06
4.668032e+16	1.938719e+06
4.702561e+16	1.946359e+06
4.737346e+16	1.954031e+06
4.772388e+16	1.961734e+06
4.807689e+16	1.969469e+06
4.843252e+16	1.977237e+06
4.879077e+16	1.985036e+06
4.915167e+16	1.992867e+06
4.951525e+16	2.000731e+06
4.988151e+16	2.008627e+06
5.025048e+16	2.016556e+06
5.062218e+16	2.024518e+06
5.099663e+16	2.032513e+06
5.137385e+16	2.040540e+06
5.175386e+16	2.048601e+06
5.213669e+16	2.056695e+06
5.252234e+16	2.064822e+06
5.291085e+16	2.072983e+06
5.330223e+16	2.081178e+06
5.369650e+16	2.089407e+06
5.409369e+16	2.097669e+06
5.449382e+16	2.105966e+06
5.489691e+16	2.114297e+06
5.530298e+16	2.122663e+06
5.571206e+16	2.131063e+06
5.612416e+16	2.139498e+06
5.653931e+16	2.147967e+06
5.695753e+16	2.156472e+06
5.737884e+16	2.165012e+06
5.780327e+16	2.173587e+06
5.823084e+16	2.182197e+06
5.866157e+16	2.190844e+06
5.909549e+16	2.199526e+06
5.953261e+16	2.208243e+06
5.997297e+16	2.216997e+06
6.041659e+16	2.225787e+06
6.086349e+16	2.234614e+06
6.131370e+16	2.243477e+06
6.176723e+16	2.252376e+06
6.222412e+16	2.261313e+06
6.268439e+16	2.270286e+06
6.314807e+16	2.279297e+06
6.361517e+16	2.288345e+06
6.408573e+16	2.297430e+06
6.455977e+16	2.306553e+06
6.503732e+16	2.315713e+06
6.551840e+16	2.324912e+06
6.600304e+16	2.334149e+06
6.649126e+16	2.343423e+06
6.698309e+16	2.352737e+06
6.747856e+16	2.362088e+06
6.797770e+16	2.371479e+06
6.848053e+16	2.380908e+06
6.898708e+16	2.390377e+06
6.949737e+16	2.399884e+06
7.001144e+16	2.409431e+06
7.052932e+16	2.419018e+06
7.105102e+16	2.428644e+06
7.157658e+16	2.438310e+06
7.210603e+16	2.448016e+06
7.263940e+16	2.457762e+06
7.317671e+16	2.467549e+06
7.371800e+16	2.477376e+06
7.426328e+16	2.487244e+06
7.481261e+16	2.497153e+06
7.536599e+16	2.507103e+06
7.592347e+16	2.517094e+06
7.648508e+16	2.527127e+06
7.705084e+16	2.537201e+06
7.762078e+16	2.547316e+06
7.819494e+16	2.557474e+06
7.877334e+16	2.567674e+06
7.935603e+16	2.577916e+06
7.994302e+16	2.588201e+06
8.053436e+16	2.598528e+06
8.113007e+16	2.608898e+06
8.173018e+16	2.619311e+06
8.233474e+16	2.629768e+06
8.294377e+16	2.640267e+06
8.355730e+16	2.650810e+06
8.417537e+16	2.661397e+06
8.479801e+16	2.672028e+06
8.542526e+16	2.682703e+06
8.605715e+16	2.693422e+06
8.669371e+16	2.704186e+06
8.733498e+16	2.714994e+06
8.798100e+16	2.725847e+06
8.863179e+16	2.736746e+06
8.928740e+16	2.747689e+06
8.994785e+16	2.758678e+06
9.061319e+16	2.769712e+06
9.128346e+16	2.780793e+06
9.195868e+16	2.791919e+06
9.263889e+16	2.803091e+06
9.332414e+16	2.814310e+06
9.401446e+16	2.825576e+06
9.470988e+16	2.836888e+06
9.541044e+16	2.848247e+06
9.611619e+16	2.859653e+06
9.682716e+16	2.871107e+06
9.754339e+16	2.882608e+06
9.826491e+16	2.894157e+06
9.899178e+16	2.905755e+06
9.972402e+16	2.917400e+06
1.004617e+17	2.929093e+06
1.012048e+17	2.940835e+06
1.019534e+17	2.952626e+06
1.027075e+17	2.964466e+06
1.034673e+17	2.976356e+06
1.042326e+17	2.988294e+06
1.050036e+17	3.000282e+06
1.057803e+17	3.012320e+06
1.065628e+17	3.024409e+06
1.073510e+17	3.036547e+06
1.081451e+17	3.048736e+06
1.089450e+17	3.060975e+06
1.097509e+17	3.073266e+06
1.105627e+17	3.085607e+06
1.113806e+17	3.098000e+06
1.122044e+17	3.110444e+06
1.130344e+17	3.122940e+06
1.138705e+17	3.135488e+06
1.147128e+17	3.148089e+06
1.155613e+17	3.160742e+06
1.164161e+17	3.173447e+06
1.172773e+17	3.186205e+06
1.181448e+17	3.199016e+06
1.190187e+17	3.211881e+06
1.198991e+17	3.224799e+06
1.207859e+17	3.237771e+06
1.216794e+17	3.250797e+06
1.225795e+17	3.263877e+06
1.234862e+17	3.277012e+06
1.243996e+17	3.290201e+06
1.253198e+17	3.303446e+06
1.262468e+17	3.316745e+06
1.271806e+17	3.330100e+06
1.281214e+17	3.343510e+06
1.290691e+17	3.356976e+06
1.300238e+17	3.370499e+06
1.309856e+17	3.384077e+06
1.319545e+17	3.397713e+06
1.329305e+17	3.411405e+06
1.339138e+17	3.425154e+06
1.349044e+17	3.438960e+06
1.359022e+17	3.452824e+06
1.369075e+17	3.466746e+06
1.379202e+17	3.480726e+06
1.389404e+17	3.494764e+06
1.399681e+17	3.508860e+06
1.410035e+17	3.523015e+06
1.420465e+17	3.537230e+06
1.430972e+17	3.551503e+06
1.441557e+17	3.565836e+06
1.452220e+17	3.580229e+06
1.462962e+17	3.594682e+06
1.473783e+17	3.609195e+06
1.484685e+17	3.623769e+06
1.495667e+17	3.638403e+06
1.506731e+17	3.653099e+06
1.517876e+17	3.667856e+06
1.529104e+17	3.682674e+06
1.540414e+17	3.697554e+06
1.551809e+17	3.712497e+06
1.563287e+17	3.727501e+06
1.574851e+17	3.742569e+06
1.586500e+17	3.757699e+06
1.598235e+17	3.772892e+06
1.610057e+17	3.788149e+06
1.621967e+17	3.803470e+06
1.633965e+17	3.818854e+06
1.646051e+17	3.834303e+06
1.658227e+17	3.849816e+06
1.670493e+17	3.865394e+06
1.682849e+17	3.881037e+06
1.695297e+17	3.896745e+06
1.707837e+17	3.912519e+06
1.720470e+17	3.928359e+06
1.733196e+17	3.944265e+06
1.746017e+17	3.960238e+06
1.758932e+17	3.976277e+06
1.771943e+17	3.992383e+06
1.785050e+17	4.008557e+06
1.798254e+17	4.024798e+06
1.811555e+17	4.041107e+06
1.824955e+17	4.057484e+06
1.838455e+17	4.073930e+06
1.852054e+17	4.090445e+06
1.865753e+17	4.107028e+06
1.879554e+17	4.123681e+06
1.893457e+17	4.140403e+06
1.907463e+17	4.157196e+06
1.921572e+17	4.174058e+06
1.935786e+17	4.190992e+06
1.950105e+17	4.207996e+06
1.964530e+17	4.225071e+06
1.979062e+17	4.242217e+06
1.993701e+17	4.259436e+06
2.008448e+17	4.276726e+06
2.023304e+17	4.294089e+06
2.038271e+17	4.311524e+06
2.053348e+17	4.329032e+06
2.068536e+17	4.346614e+06
2.083837e+17	4.364269e+06
2.099251e+17	4.381998e+06
2.114779e+17	4.399802e+06
2.130422e+17	4.417679e+06
2.146181e+17	4.435632e+06
2.162056e+17	4.453660e+06
2.178049e+17	4.471763e+06
2.194160e+17	4.489943e+06
2.210390e+17	4.508198e+06
2.226740e+17	4.526530e+06
2.243211e+17	4.544938e+06
2.259804e+17	4.563424e+06
2.276520e+17	4.581987e+06
2.293359e+17	4.600628e+06
2.310323e+17	4.619347e+06
2.327413e+17	4.638145e+06
2.344628e+17	4.657021e+06
2.361972e+17	4.675976e+06
2.379443e+17	4.695011e+06
2.397044e+17	4.714126e+06
2.414774e+17	4.733320e+06
2.432636e+17	4.752595e+06
2.450631e+17	4.771951e+06
2.468758e+17	4.791389e+06
2.487019e+17	4.810907e+06
2.505416e+17	4.830508e+06
2.523948e+17	4.850191e+06
2.542618e+17	4.869956e+06
2.561425e+17	4.889804e+06
2.580372e+17	4.909736e+06
2.599459e+17	4.929751e+06
2.618687e+17	4.949850e+06
2.638057e+17	4.970033e+06
2.657571e+17	4.990301e+06
2.677229e+17	5.010654e+06
2.697032e+17	5.031093e+06
2.716982e+17	5.051617e+06
2.737080e+17	5.072227e+06
2.757326e+17	5.092924e+06
2.777722e+17	5.113708e+06
2.798268e+17	5.134579e+06
2.818967e+17	5.155538e+06
2.839819e+17	5.176585e+06
2.860825e+17	5.197720e+06
2.881986e+17	5.218944e+06
2.903304e+17	5.240257e+06
2.924780e+17	5.261660e+06
2.946415e+17	5.283152e+06
2.968209e+17	5.304735e+06
2.990165e+17	5.326408e+06
3.012283e+17	5.348173e+06
3.034565e+17	5.370029e+06
3.057011e+17	5.391976e+06
3.079624e+17	5.414016e+06
3.102404e+17	5.436149e+06
3.125352e+17	5.458375e+06
3.148470e+17	5.480694e+06
3.171760e+17	5.503106e+06
3.195221e+17	5.525614e+06
3.218856e+17	5.548215e+06
3.242666e+17	5.570912e+06
3.266652e+17	5.593704e+06
3.290815e+17	5.616592e+06
3.315157e+17	5.639576e+06
3.339679e+17	5.662657e+06
3.364383e+17	5.685835e+06
3.389269e+17	5.709111e+06
3.414339e+17	5.732484e+06
3.439595e+17	5.755956e+06
3.465038e+17	5.779526e+06
3.490668e+17	5.803196e+06
3.516489e+17	5.826965e+06
3.542500e+17	5.850835e+06
3.568704e+17	5.874804e+06
3.595101e+17	5.898875e+06
3.621694e+17	5.923047e+06
3.648484e+17	5.947321e+06
3.675472e+17	5.971696e+06
3.702659e+17	5.996175e+06
3.730047e+17	6.020756e+06
3.757638e+17	6.045441e+06
3.785434e+17	6.070230e+06
3.813434e+17	6.095124e+06
3.841642e+17	6.120122e+06
3.870059e+17	6.145226e+06
3.898685e+17	6.170435e+06
3.927524e+17	6.195750e+06
3.956576e+17	6.221172e+06
3.985842e+17	6.246701e+06
4.015325e+17	6.272338e+06
4.045027e+17	6.298083e+06
4.074948e+17	6.323936e+06
4.105090e+17	6.349898e+06
4.135455e+17	6.375970e+06
4.166045e+17	6.402151e+06
4.196861e+17	6.428443e+06
4.227905e+17	6.454846e+06
4.259179e+17	6.481360e+06
4.290684e+17	6.507985e+06
4.322422e+17	6.534723e+06
4.354395e+17	6.561574e+06
4.386604e+17	6.588538e+06
4.419052e+17	6.615615e+06
4.451739e+17	6.642807e+06
4.484668e+17	6.670114e+06
4.517841e+17	6.697536e+06
4.551260e+17	6.725073e+06
4.584925e+17	6.752726e+06
4.618840e+17	6.780497e+06
4.653005e+17	6.808384e+06
4.687423e+17	6.836389e+06
4.722096e+17	6.864512e+06
4.757025e+17	6.892754e+06
4.792213e+17	6.921115e+06
4.827661e+17	6.949596e+06
4.863371e+17	6.978197e+06
4.899345e+17	7.006918e+06
4.935585e+17	7.035761e+06
4.972094e+17	7.064726e+06
5.008872e+17	7.093813e+06
5.045923e+17	7.123023e+06
5.083247e+17	7.152356e+06
5.120848e+17	7.181813e+06
5.158727e+17	7.211394e+06
5.196886e+17	7.241101e+06
5.235327e+17	7.270932e+06
5.274052e+17	7.300890e+06
5.313064e+17	7.330974e+06
5.352365e+17	7.361186e+06
5.391956e+17	7.391525e+06
5.431840e+17	7.421992e+06
5.472019e+17	7.452588e+06
5.512496e+17	7.483313e+06
5.553272e+17	7.514169e+06
5.594349e+17	7.545154e+06
5.635730e+17	7.576271e+06
5.677417e+17	7.607518e+06
5.719413e+17	7.638899e+06
5.761719e+17	7.670411e+06
5.804339e+17	7.702057e+06
5.847273e+17	7.733837e+06
5.890525e+17	7.765751e+06
5.934097e+17	7.797800e+06
5.977992e+17	7.829985e+06
6.022211e+17	7.862305e+06
6.066757e+17	7.894763e+06
6.111632e+17	7.927357e+06
6.156840e+17	7.960090e+06
6.202382e+17	7.992961e+06
6.248261e+17	8.025971e+06
6.294479e+17	8.059121e+06
6.341039e+17	8.092411e+06
6.387944e+17	8.125841e+06
6.435195e+17	8.159414e+06
6.482796e+17	8.193128e+06
6.530749e+17	8.226985e+06
6.579057e+17	8.260985e+06
6.627722e+17	8.295130e+06
6.676747e+17	8.329418e+06
6.726135e+17	8.363852e+06
6.775888e+17	8.398432e+06
6.826009e+17	8.433158e+06
6.876500e+17	8.468031e+06
6.927366e+17	8.503052e+06
6.978607e+17	8.538221e+06
7.030228e+17	8.573539e+06
7.082230e+17	8.609006e+06
7.134617e+17	8.644624e+06
7.187392e+17	8.680392e+06
7.240557e+17	8.716313e+06
7.294115e+17	8.752385e+06
7.348069e+17	8.788610e+06
7.402423e+17	8.824989e+06
7.457178e+17	8.861521e+06
7.512339e+17	8.898209e+06
7.567907e+17	8.935052e+06
7.623887e+17	8.972051e+06
7.680280e+17	9.009207e+06
7.737091e+17	9.046520e+06
7.794322e+17	9.083991e+06
7.851977e+17	9.121622e+06
7.910057e+17	9.159412e+06
7.968568e+17	9.197362e+06
8.027511e+17	9.235473e+06
8.086890e+17	9.273745e+06
8.146709e+17	9.312180e+06
8.206970e+17	9.350778e+06
8.267677e+17	9.389539e+06
8.328832e+17	9.428465e+06
8.390440e+17	9.467556e+06
8.452504e+17	9.506813e+06
8.515027e+17	9.546236e+06
8.578013e+17	9.585826e+06
8.641464e+17	9.625585e+06
8.705384e+17	9.665512e+06
8.769778e+17	9.705608e+06
8.834648e+17	9.745875e+06
8.899997e+17	9.786312e+06
8.965830e+17	9.826921e+06
9.032150e+17	9.867703e+06
9.098961e+17	9.908657e+06
9.166266e+17	9.949785e+06
9.234068e+17	9.991088e+06
9.302372e+17	1.003257e+07
9.371182e+17	1.007422e+07
9.440500e+17	1.011605e+07
9.510331e+17	1.015806e+07
9.580679e+17	1.020025e+07
9.651547e+17	1.024261e+07
9.722939e+17	1.028516e+07
9.794859e+17	1.032789e+07
9.867312e+17	1.037079e+07
9.940300e+17	1.041389e+07
1.001383e+18	1.045716e+07
1.008790e+18	1.050062e+07
1.016252e+18	1.054426e+07
1.023769e+18	1.058808e+07
1.031342e+18	1.063210e+07
1.038971e+18	1.067630e+07
1.046656e+18	1.072069e+07
1.054398e+18	1.076526e+07
1.062197e+18	1.081003e+07
1.070054e+18	1.085499e+07
1.077970e+18	1.090013e+07
1.085943e+18	1.094547e+07
1.093976e+18	1.099101e+07
1.102068e+18	1.103673e+07
1.110220e+18	1.108265e+07
1.118432e+18	1.112877e+07
1.126705e+18	1.117508e+07
1.135040e+18	1.122159e+07
1.143435e+18	1.126829e+07
1.151893e+18	1.131520e+07
1.160414e+18	1.136230e+07
1.168997e+18	1.140961e+07
1.177644e+18	1.145711e+07
1.186355e+18	1.150482e+07
1.195131e+18	1.155273e+07
1.203971e+18	1.160084e+07
1.212877e+18	1.164916e+07
1.221849e+18	1.169769e+07
1.230887e+18	1.174642e+07
1.239991e+18	1.179536e+07
1.249164e+18	1.184450e+07
1.258404e+18	1.189386e+07
1.267712e+18	1.194342e+07
1.277089e+18	1.199320e+07
1.286536e+18	1.204319e+07
1.296052e+18	1.209339e+07
1.305639e+18	1.214380e+07
1.315297e+18	1.219443e+07
1.325026e+18	1.224528e+07
1.334827e+18	1.229634e+07
1.344701e+18	1.234762e+07
1.354648e+18	1.239912e+07
1.364668e+18	1.245083e+07
1.374762e+18	1.250277e+07
1.384931e+18	1.255493e+07
1.395176e+18	1.260731e+07
1.405496e+18	1.265991e+07
1.415892e+18	1.271274e+07
1.426366e+18	1.276579e+07
1.436916e+18	1.281907e+07
1.447545e+18	1.287257e+07
1.458253e+18	1.292630e+07
1.469039e+18	1.298027e+07
1.479906e+18	1.303446e+07
1.490853e+18	1.308888e+07
1.501880e+18	1.314353e+07
1.512990e+18	1.319842e+07
1.524181e+18	1.325354e+07
1.535456e+18	1.330890e+07
1.546813e+18	1.336449e+07
1.558255e+18	1.342032e+07
1.569781e+18	1.347639e+07
1.581393e+18	1.353269e+07
1.593091e+18	1.358924e+07
1.604875e+18	1.364602e+07
1.616746e+18	1.370305e+07
1.628705e+18	1.376032e+07
1.640752e+18	1.381784e+07
1.652889e+18	1.387560e+07
1.665115e+18	1.393361e+07
1.677432e+18	1.399187e+07
1.689840e+18	1.405037e+07
1.702340e+18	1.410912e+07
1.714932e+18	1.416813e+07
1.727617e+18	1.422738e+07
1.740396e+18	1.428689e+07
1.753270e+18	1.434665e+07
1.766239e+18	1.440667e+07
1.779304e+18	1.446694e+07
1.792465e+18	1.452747e+07
1.805724e+18	1.458826e+07
1.819081e+18	1.464931e+07
1.832536e+18	1.471062e+07
1.846092e+18	1.477219e+07
1.859747e+18	1.483402e+07
1.873504e+18	1.489612e+07
1.887362e+18	1.495848e+07
1.901323e+18	1.502111e+07
1.915387e+18	1.508400e+07
1.929555e+18	1.514716e+07
1.943828e+18	1.521060e+07
1.958206e+18	1.527430e+07
1.972691e+18	1.533828e+07
1.987283e+18	1.540253e+07
2.001983e+18	1.546705e+07
2.016791e+18	1.553185e+07
2.031709e+18	1.559692e+07
2.046738e+18	1.566228e+07
2.061877e+18	1.572791e+07
2.077129e+18	1.579382e+07
2.092494e+18	1.586002e+07
2.107972e+18	1.592650e+07
2.123564e+18	1.599326e+07
2.139272e+18	1.606030e+07
2.155096e+18	1.612764e+07
2.171038e+18	1.619526e+07
2.187097e+18	1.626317e+07
2.203275e+18	1.633137e+07
2.219572e+18	1.639986e+07
2.235990e+18	1.646864e+07
2.252530e+18	1.653772e+07
2.269192e+18	1.660709e+07
2.285977e+18	1.667676e+07
2.302886e+18	1.674673e+07
2.319920e+18	1.681699e+07
2.337081e+18	1.688756e+07
2.354368e+18	1.695843e+07
2.371783e+18	1.702960e+07
2.389327e+18	1.710108e+07
2.407001e+18	1.717286e+07
2.424806e+18	1.724495e+07
2.442742e+18	1.731734e+07
2.460811e+18	1.739005e+07
2.479013e+18	1.746306e+07
2.497350e+18	1.753639e+07
2.515823e+18	1.761004e+07
2.534433e+18	1.768399e+07
2.553180e+18	1.775827e+07
2.572066e+18	1.783286e+07
2.591091e+18	1.790777e+07
2.610257e+18	1.798300e+07
2.629565e+18	1.805855e+07
2.649016e+18	1.813443e+07
2.668611e+18	1.821063e+07
2.688351e+18	1.828716e+07
2.708236e+18	1.836401e+07
2.728269e+18	1.844119e+07
2.748450e+18	1.851871e+07
2.768780e+18	1.859655e+07
2.789261e+18	1.867473e+07
2.809893e+18	1.875324e+07
2.830677e+18	1.883209e+07
2.851616e+18	1.891128e+07
2.872709e+18	1.899080e+07
2.893958e+18	1.907067e+07
2.915365e+18	1.915088e+07
2.936930e+18	1.923143e+07
2.958654e+18	1.931232e+07
2.980539e+18	1.939357e+07
3.002586e+18	1.947516e+07
3.024796e+18	1.955710e+07
3.047171e+18	1.963939e+07
3.069710e+18	1.972203e+07
3.092417e+18	1.980503e+07
3.115292e+18	1.988838e+07
3.138335e+18	1.997209e+07
3.161549e+18	2.005616e+07
3.184935e+18	2.014058e+07
3.208494e+18	2.022537e+07
3.232227e+18	2.031053e+07
3.256136e+18	2.039604e+07
3.280222e+18	2.048193e+07
3.304485e+18	2.056818e+07
3.328928e+18	2.065480e+07
3.353552e+18	2.074179e+07
3.378359e+18	2.082916e+07
3.403348e+18	2.091690e+07
3.428523e+18	2.100502e+07
3.453883e+18	2.109351e+07
3.479432e+18	2.118238e+07
3.505169e+18	2.127164e+07
3.531096e+18	2.136127e+07
3.557216e+18	2.145129e+07
3.583528e+18	2.154170e+07
3.610036e+18	2.163249e+07
3.636739e+18	2.172368e+07
3.663640e+18	2.181525e+07
3.690740e+18	2.190722e+07
3.718040e+18	2.199958e+07
3.745542e+18	2.209234e+07
3.773248e+18	2.218549e+07
3.801159e+18	2.227904e+07
3.829276e+18	2.237300e+07
3.857601e+18	2.246736e+07
3.886135e+18	2.256212e+07
3.914881e+18	2.265729e+07
3.943839e+18	2.275287e+07
3.973012e+18	2.284886e+07
4.002400e+18	2.294526e+07
4.032005e+18	2.304207e+07
4.061830e+18	2.313930e+07
4.091875e+18	2.323695e+07
4.122143e+18	2.333501e+07
4.152634e+18	2.343350e+07
4.183351e+18	2.353240e+07
4.214295e+18	2.363174e+07
4.245468e+18	2.373150e+07
4.276872e+18	2.383168e+07
4.308508e+18	2.393230e+07
4.340378e+18	2.403335e+07
4.372483e+18	2.413483e+07
4.404826e+18	2.423675e+07
4.437409e+18	2.433910e+07
4.470232e+18	2.444190e+07
4.503298e+18	2.454514e+07
4.536609e+18	2.464881e+07
4.570166e+18	2.475294e+07
4.603971e+18	2.485751e+07
4.638027e+18	2.496253e+07
4.672334e+18	2.506800e+07
4.706895e+18	2.517393e+07
4.741712e+18	2.528031e+07
4.776786e+18	2.538714e+07
4.812120e+18	2.549444e+07
4.847715e+18	2.560219e+07
4.883574e+18	2.571041e+07
4.919697e+18	2.581910e+07
4.956088e+18	2.592825e+07
4.992748e+18	2.603787e+07
5.029679e+18	2.614796e+07
5.066884e+18	2.625852e+07
5.104363e+18	2.636956e+07
5.142120e+18	2.648107e+07
5.180156e+18	2.659307e+07
5.218474e+18	2.670554e+07
5.257075e+18	2.681850e+07
5.295961e+18	2.693195e+07
5.335135e+18	2.704588e+07
5.374599e+18	2.716030e+07
5.414355e+18	2.727521e+07
5.454405e+18	2.739062e+07
5.494751e+18	2.750652e+07
5.535395e+18	2.762292e+07
5.576340e+18	2.773982e+07
5.617588e+18	2.785723e+07
5.659141e+18	2.797514e+07
5.701002e+18	2.809355e+07
5.743172e+18	2.821248e+07
5.785654e+18	2.833191e+07
5.828450e+18	2.845186e+07
5.871563e+18	2.857233e+07
5.914995e+18	2.869331e+07
5.958748e+18	2.881482e+07
6.002825e+18	2.893684e+07
6.047228e+18	2.905939e+07
6.091959e+18	2.918247e+07
6.137021e+18	2.930608e+07
6.182416e+18	2.943022e+07
6.228147e+18	2.955489e+07
6.274217e+18	2.968010e+07
6.320627e+18	2.980585e+07
6.367380e+18	2.993214e+07
6.414480e+18	3.005897e+07
6.461927e+18	3.018635e+07
6.509726e+18	3.031427e+07
6.557878e+18	3.044275e+07
6.606387e+18	3.057178e+07
6.655254e+18	3.070136e+07
6.704483e+18	3.083150e+07
6.754076e+18	3.096220e+07
6.804035e+18	3.109347e+07
6.854364e+18	3.122530e+07
6.905066e+18	3.135769e+07
6.956143e+18	3.149066e+07
7.007597e+18	3.162420e+07
7.059432e+18	3.175831e+07
7.111650e+18	3.189300e+07
7.164255e+18	3.202827e+07
7.217249e+18	3.216413e+07
7.270635e+18	3.230056e+07
7.324415e+18	3.243759e+07
7.378594e+18	3.257520e+07
7.433173e+18	3.271341e+07
7.488156e+18	3.285221e+07
7.543546e+18	3.299161e+07
7.599345e+18	3.313161e+07
7.655557e+18	3.327222e+07
7.712185e+18	3.341343e+07
7.769232e+18	3.355524e+07
7.826701e+18	3.369767e+07
7.884594e+18	3.384071e+07
7.942916e+18	3.398437e+07
8.001670e+18	3.412865e+07
8.060858e+18	3.427355e+07
8.120484e+18	3.441907e+07
8.180551e+18	3.456522e+07
8.241062e+18	3.471199e+07
8.302021e+18	3.485941e+07
8.363431e+18	3.500745e+07
8.425295e+18	3.515613e+07
8.487617e+18	3.530546e+07
8.550399e+18	3.545543e+07
8.613646e+18	3.560604e+07
8.677361e+18	3.575730e+07
8.741547e+18	3.590922e+07
8.806208e+18	3.606179e+07
8.871348e+18	3.621502e+07
8.936969e+18	3.636890e+07
9.003075e+18	3.652345e+07
9.069671e+18	3.667867e+07
9.136759e+18	3.683456e+07
9.204343e+18	3.699112e+07
9.272427e+18	3.714835e+07
9.341015e+18	3.730626e+07
9.410110e+18	3.746485e+07
9.479717e+18	3.762413e+07
9.549838e+18	3.778409e+07
9.620478e+18	3.794474e+07
9.691640e+18	3.810609e+07
9.763329e+18	3.826813e+07
9.835548e+18	3.843086e+07
9.908301e+18	3.859430e+07
9.981593e+18	3.875845e+07
1.005543e+19	3.892330e+07
1.012981e+19	3.908887e+07
1.020474e+19	3.925515e+07
1.028022e+19	3.942214e+07
1.035626e+19	3.958986e+07
1.043287e+19	3.975830e+07
1.051004e+19	3.992746e+07
1.058778e+19	4.009736e+07
1.066610e+19	4.026799e+07
1.074500e+19	4.043935e+07
1.082448e+19	4.061146e+07
1.090454e+19	4.078431e+07
1.098520e+19	4.095790e+07
1.106646e+19	4.113224e+07
1.114832e+19	4.130733e+07
1.123078e+19	4.148318e+07
1.131386e+19	4.165979e+07
1.139755e+19	4.183716e+07
1.148185e+19	4.201530e+07
1.156678e+19	4.219420e+07
1.165234e+19	4.237388e+07
1.173854e+19	4.255433e+07
1.182537e+19	4.273556e+07
1.191284e+19	4.291758e+07
1.200096e+19	4.310038e+07
1.208973e+19	4.328396e+07
1.217915e+19	4.346835e+07
1.226924e+19	4.365352e+07
1.236000e+19	4.383950e+07
1.245142e+19	4.402628e+07
1.254353e+19	4.421386e+07
1.263631e+19	4.440226e+07
1.272978e+19	4.459147e+07
1.282394e+19	4.478150e+07
1.291880e+19	4.497234e+07
1.301436e+19	4.516401e+07
1.311063e+19	4.535651e+07
1.320761e+19	4.554984e+07
1.330530e+19	4.574401e+07
1.340372e+19	4.593901e+07
1.350287e+19	4.613486e+07
1.360275e+19	4.633155e+07
1.370337e+19	4.652909e+07
1.380473e+19	4.672749e+07
1.390685e+19	4.692674e+07
1.400971e+19	4.712685e+07
1.411334e+19	4.732783e+07
1.421774e+19	4.752967e+07
1.432291e+19	4.773239e+07
1.442885e+19	4.793599e+07
1.453558e+19	4.814046e+07
1.464310e+19	4.834582e+07
1.475142e+19	4.855206e+07
1.486053e+19	4.875919e+07
1.497046e+19	4.896723e+07
1.508119e+19	4.917615e+07
1.519275e+19	4.938599e+07
1.530513e+19	4.959673e+07
1.541834e+19	4.980838e+07
1.553239e+19	5.002094e+07
1.564728e+19	5.023443e+07
1.576302e+19	5.044883e+07
1.587962e+19	5.066417e+07
1.599708e+19	5.088043e+07
1.611541e+19	5.109763e+07
1.623462e+19	5.131577e+07
1.635471e+19	5.153485e+07
1.647568e+19	5.175488e+07
1.659755e+19	5.197586e+07
1.672032e+19	5.219779e+07
1.684400e+19	5.242069e+07
1.696860e+19	5.264454e+07
1.709411e+19	5.286937e+07
1.722056e+19	5.309517e+07
1.734794e+19	5.332195e+07
1.747626e+19	5.354970e+07
1.760553e+19	5.377844e+07
1.773576e+19	5.400817e+07
1.786695e+19	5.423890e+07
1.799911e+19	5.447062e+07
1.813225e+19	5.470334e+07
1.826637e+19	5.493707e+07
1.840149e+19	5.517182e+07
1.853760e+19	5.540757e+07
1.867473e+19	5.564435e+07
1.881286e+19	5.588215e+07
1.895202e+19	5.612098e+07
1.909221e+19	5.636085e+07
1.923343e+19	5.660175e+07
1.937570e+19	5.684369e+07
1.951902e+19	5.708668e+07
1.966341e+19	5.733073e+07
1.980885e+19	5.757583e+07
1.995538e+19	5.782198e+07
2.010299e+19	5.806921e+07
2.025169e+19	5.831750e+07
2.040149e+19	5.856687e+07
2.055240e+19	5.881732e+07
2.070443e+19	5.906885e+07
2.085758e+19	5.932147e+07
2.101186e+19	5.957519e+07
2.116728e+19	5.983000e+07
2.132386e+19	6.008591e+07
2.148159e+19	6.034294e+07
2.164049e+19	6.060107e+07
2.180056e+19	6.086033e+07
2.196182e+19	6.112070e+07
2.212427e+19	6.138221e+07
2.228792e+19	6.164484e+07
2.245279e+19	6.190861e+07
2.261887e+19	6.217353e+07
2.278618e+19	6.243959e+07
2.295473e+19	6.270680e+07
2.312452e+19	6.297517e+07
2.329558e+19	6.324471e+07
2.346789e+19	6.351541e+07
2.364148e+19	6.378728e+07
2.381636e+19	6.406033e+07
2.399253e+19	6.433456e+07
2.417000e+19	6.460998e+07
2.434879e+19	6.488660e+07
2.452889e+19	6.516441e+07
2.471033e+19	6.544342e+07
2.489311e+19	6.572364e+07
2.507725e+19	6.600508e+07
2.526274e+19	6.628774e+07
2.544961e+19	6.657162e+07
2.563786e+19	6.685673e+07
2.582750e+19	6.714308e+07
2.601855e+19	6.743066e+07
2.621101e+19	6.771950e+07
2.640489e+19	6.800958e+07
2.660020e+19	6.830092e+07
2.679697e+19	6.859353e+07
2.699518e+19	6.888740e+07
2.719486e+19	6.918254e+07
2.739602e+19	6.947897e+07
2.759867e+19	6.977667e+07
2.780282e+19	7.007567e+07
2.800847e+19	7.037597e+07
2.821565e+19	7.067756e+07
2.842436e+19	7.098047e+07
2.863462e+19	7.128468e+07
2.884643e+19	7.159022e+07
2.905980e+19	7.189708e+07
2.927476e+19	7.220527e+07
2.949130e+19	7.251479e+07
2.970945e+19	7.282566e+07
2.992921e+19	7.313788e+07
3.015059e+19	7.345145e+07
3.037362e+19	7.376637e+07
3.059829e+19	7.408267e+07
3.082462e+19	7.440033e+07
3.105263e+19	7.471937e+07
3.128233e+19	7.503980e+07
3.151372e+19	7.536162e+07
3.174683e+19	7.568483e+07
3.198166e+19	7.600944e+07
3.221823e+19	7.633546e+07
3.245654e+19	7.666289e+07
3.269662e+19	7.699175e+07
3.293848e+19	7.732203e+07
3.318212e+19	7.765374e+07
3.342757e+19	7.798689e+07
3.367483e+19	7.832149e+07
3.392393e+19	7.865753e+07
3.417486e+19	7.899504e+07
3.442765e+19	7.933401e+07
3.468231e+19	7.967445e+07
3.493885e+19	8.001637e+07
3.519730e+19	8.035977e+07
3.545765e+19	8.070466e+07
3.571993e+19	8.105104e+07
3.598415e+19	8.139893e+07
3.625032e+19	8.174833e+07
3.651846e+19	8.209924e+07
3.678859e+19	8.245168e+07
3.706071e+19	8.280565e+07
3.733485e+19	8.316115e+07
3.761102e+19	8.351819e+07
3.788922e+19	8.387679e+07
3.816949e+19	8.423694e+07
3.845183e+19	8.459865e+07
3.873625e+19	8.496194e+07
3.902279e+19	8.532680e+07
3.931144e+19	8.569324e+07
3.960222e+19	8.606127e+07
3.989516e+19	8.643091e+07
4.019026e+19	8.680214e+07
4.048755e+19	8.717499e+07
4.078703e+19	8.754945e+07
4.108873e+19	8.792555e+07
4.139266e+19	8.830327e+07
4.169884e+19	8.868263e+07
4.200729e+19	8.906364e+07
4.231802e+19	8.944631e+07
4.263104e+19	8.983064e+07
4.294638e+19	9.021663e+07
4.326406e+19	9.060430e+07
4.358408e+19	9.099366e+07
4.390647e+19	9.138470e+07
4.423124e+19	9.177744e+07
4.455842e+19	9.217189e+07
4.488802e+19	9.256805e+07
4.522005e+19	9.296594e+07
4.555454e+19	9.336554e+07
4.589151e+19	9.376689e+07
4.623097e+19	9.416998e+07
4.657294e+19	9.457482e+07
4.691744e+19	9.498141e+07
4.726448e+19	9.538978e+07
4.761410e+19	9.579991e+07
4.796630e+19	9.621183e+07
4.832110e+19	9.662554e+07
4.867853e+19	9.704104e+07
4.903861e+19	9.745835e+07
4.940134e+19	9.787748e+07
4.976676e+19	9.829842e+07
5.013489e+19	9.872119e+07
5.050573e+19	9.914580e+07
5.087932e+19	9.957225e+07
5.125567e+19	1.000006e+08
5.163481e+19	1.004307e+08
5.201675e+19	1.008628e+08
5.240152e+19	1.012967e+08
5.278913e+19	1.017325e+08
5.317961e+19	1.021702e+08
5.357298e+19	1.026098e+08
5.396926e+19	1.030513e+08
5.436846e+19	1.034947e+08
5.477063e+19	1.039400e+08
5.517576e+19	1.043873e+08
5.558390e+19	1.048366e+08
5.599505e+19	1.052877e+08
5.640924e+19	1.057409e+08
5.682650e+19	1.061960e+08
5.724684e+19	1.066531e+08
5.767030e+19	1.071122e+08
5.809688e+19	1.075732e+08
5.852662e+19	1.080363e+08
5.895954e+19	1.085014e+08
5.939567e+19	1.089685e+08
5.983501e+19	1.094377e+08
6.027761e+19	1.099089e+08
6.072348e+19	1.103821e+08
6.117265e+19	1.108574e+08
6.162514e+19	1.113347e+08
6.208098e+19	1.118142e+08
6.254020e+19	1.122957e+08
6.300280e+19	1.127793e+08
6.346883e+19	1.132650e+08
6.393831e+19	1.137528e+08
6.441126e+19	1.142428e+08
6.488771e+19	1.147349e+08
6.536768e+19	1.152291e+08
6.585120e+19	1.157254e+08
6.633830e+19	1.162240e+08
6.682900e+19	1.167247e+08
6.732334e+19	1.172275e+08
6.782133e+19	1.177326e+08
6.832300e+19	1.182398e+08
6.882838e+19	1.187493e+08
6.933750e+19	1.192610e+08
6.985039e+19	1.197749e+08
7.036707e+19	1.202910e+08
7.088757e+19	1.208094e+08
7.141193e+19	1.213300e+08
7.194016e+19	1.218530e+08
7.247230e+19	1.223781e+08
7.300837e+19	1.229056e+08
7.354841e+19	1.234354e+08
7.409245e+19	1.239674e+08
7.464051e+19	1.245018e+08
7.519262e+19	1.250385e+08
7.574882e+19	1.255775e+08
7.630913e+19	1.261189e+08
7.687359e+19	1.266627e+08
7.744222e+19	1.272088e+08
7.801506e+19	1.277572e+08
7.859213e+19	1.283081e+08
7.917348e+19	1.288614e+08
7.975912e+19	1.294171e+08
8.034910e+19	1.299751e+08
8.094344e+19	1.305357e+08
8.154217e+19	1.310986e+08
8.214534e+19	1.316640e+08
8.275296e+19	1.322319e+08
8.336508e+19	1.328023e+08
8.398173e+19	1.333751e+08
8.460294e+19	1.339504e+08
8.522875e+19	1.345282e+08
8.585918e+19	1.351086e+08
8.649428e+19	1.356914e+08
8.713408e+19	1.362768e+08
8.777861e+19	1.368648e+08
8.842790e+19	1.374553e+08
8.908200e+19	1.380484e+08
8.974094e+19	1.386440e+08
9.040475e+19	1.392423e+08
9.107347e+19	1.398432e+08
9.174714e+19	1.404466e+08
9.242579e+19	1.410528e+08
9.310946e+19	1.416615e+08
9.379819e+19	1.422729e+08
9.449201e+19	1.428870e+08
9.519096e+19	1.435037e+08
9.589509e+19	1.441231e+08
9.660442e+19	1.447452e+08
9.731900e+19	1.453700e+08
9.803887e+19	1.459976e+08
9.876406e+19	1.466279e+08
9.949461e+19	1.472609e+08
1.002306e+20	1.478967e+08
1.009720e+20	1.485352e+08
1.017189e+20	1.491766e+08
1.024713e+20	1.498207e+08
1.032292e+20	1.504676e+08
1.039928e+20	1.511174e+08
1.047621e+20	1.517699e+08
1.055370e+20	1.524254e+08
1.063176e+20	1.530836e+08
1.071041e+20	1.537448e+08
1.078963e+20	1.544088e+08
1.086944e+20	1.550757e+08
1.094984e+20	1.557456e+08
1.103084e+20	1.564183e+08
1.111243e+20	1.570940e+08
1.119463e+20	1.577726e+08
1.127744e+20	1.584542e+08
1.136086e+20	1.591387e+08
1.144489e+20	1.598262e+08
1.152955e+20	1.605168e+08
1.161483e+20	1.612103e+08
1.170075e+20	1.619068e+08
1.178730e+20	1.626064e+08
1.187449e+20	1.633091e+08
1.196232e+20	1.640148e+08
1.205081e+20	1.647236e+08
1.213995e+20	1.654354e+08
1.222975e+20	1.661504e+08
1.232021e+20	1.668685e+08
1.241134e+20	1.675897e+08
1.250315e+20	1.683140e+08
1.259563e+20	1.690416e+08
1.268880e+20	1.697722e+08
1.278266e+20	1.705061e+08
1.287722e+20	1.712432e+08
1.297247e+20	1.719835e+08
1.306842e+20	1.727270e+08
1.316509e+20	1.734737e+08
1.326247e+20	1.742237e+08
1.336058e+20	1.749770e+08
1.345940e+20	1.757336e+08
1.355896e+20	1.764934e+08
1.365926e+20	1.772566e+08
1.376029e+20	1.780231e+08
1.386208e+20	1.787929e+08
1.396462e+20	1.795661e+08
1.406791e+20	1.803427e+08
1.417197e+20	1.811226e+08
1.427680e+20	1.819060e+08
1.438241e+20	1.826928e+08
1.448879e+20	1.834830e+08
1.459597e+20	1.842766e+08
1.470393e+20	1.850737e+08
1.481270e+20	1.858743e+08
1.492227e+20	1.866784e+08
1.503265e+20	1.874860e+08
1.514384e+20	1.882971e+08
1.525586e+20	1.891117e+08
1.536871e+20	1.899299e+08
1.548239e+20	1.907517e+08
1.559691e+20	1.915770e+08
1.571228e+20	1.924060e+08
1.582850e+20	1.932385e+08
1.594559e+20	1.940747e+08
1.606354e+20	1.949146e+08
1.618236e+20	1.957581e+08
1.630206e+20	1.966053e+08
1.642264e+20	1.974562e+08
1.654412e+20	1.983108e+08
1.666650e+20	1.991691e+08
1.678978e+20	2.000312e+08
1.691397e+20	2.008970e+08
1.703909e+20	2.017666e+08
1.716512e+20	2.026400e+08
1.729209e+20	2.035172e+08
1.742000e+20	2.043982e+08
1.754886e+20	2.052831e+08
1.767867e+20	2.061719e+08
1.780943e+20	2.070645e+08
1.794117e+20	2.079610e+08
1.807388e+20	2.088614e+08
1.820757e+20	2.097658e+08
1.834225e+20	2.106741e+08
1.847793e+20	2.115864e+08
1.861461e+20	2.125026e+08
1.875230e+20	2.134229e+08
1.889101e+20	2.143471e+08
1.903075e+20	2.152754e+08
1.917152e+20	2.162078e+08
1.931333e+20	2.171442e+08
1.945619e+20	2.180847e+08
1.960011e+20	2.190293e+08
1.974509e+20	2.199781e+08
1.989114e+20	2.209309e+08
2.003828e+20	2.218880e+08
2.018650e+20	2.228492e+08
2.033582e+20	2.238146e+08
2.048624e+20	2.247842e+08
2.063778e+20	2.257581e+08
2.079043e+20	2.267362e+08
2.094422e+20	2.277186e+08
2.109914e+20	2.287052e+08
2.125521e+20	2.296962e+08
2.141244e+20	2.306915e+08
2.157083e+20	2.316911e+08
2.173038e+20	2.326952e+08
2.189112e+20	2.337036e+08
2.205305e+20	2.347163e+08
2.221618e+20	2.357336e+08
2.238051e+20	2.367552e+08
2.254606e+20	2.377814e+08
2.271283e+20	2.388120e+08
2.288084e+20	2.398471e+08
2.305009e+20	2.408867e+08
2.322059e+20	2.419308e+08
2.339235e+20	2.429796e+08
2.356538e+20	2.440329e+08
2.373969e+20	2.450908e+08
2.391529e+20	2.461533e+08
2.409220e+20	2.472205e+08
2.427040e+20	2.482923e+08
2.444993e+20	2.493688e+08
2.463079e+20	2.504500e+08
2.481298e+20	2.515359e+08
2.499652e+20	2.526266e+08
2.518142e+20	2.537220e+08
2.536769e+20	2.548223e+08
2.555533e+20	2.559273e+08
2.574436e+20	2.570372e+08
2.593479e+20	2.581519e+08
2.612663e+20	2.592714e+08
2.631989e+20	2.603959e+08
2.651458e+20	2.615253e+08
2.671070e+20	2.626596e+08
2.690828e+20	2.637989e+08
2.710732e+20	2.649431e+08
2.730783e+20	2.660923e+08
2.750983e+20	2.672466e+08
2.771332e+20	2.684059e+08
2.791831e+20	2.695703e+08
2.812482e+20	2.707397e+08
2.833286e+20	2.719143e+08
2.854244e+20	2.730940e+08
2.875357e+20	2.742789e+08
2.896626e+20	2.754689e+08
2.918052e+20	2.766641e+08
2.939637e+20	2.778646e+08
2.961381e+20	2.790703e+08
2.983286e+20	2.802813e+08
3.005354e+20	2.814975e+08
3.027584e+20	2.827191e+08
3.049979e+20	2.839460e+08
3.072540e+20	2.851783e+08
3.095267e+20	2.864160e+08
3.118163e+20	2.876591e+08
3.141228e+20	2.889076e+08
3.164463e+20	2.901615e+08
3.187871e+20	2.914210e+08
3.211451e+20	2.926859e+08
3.235206e+20	2.939564e+08
3.259137e+20	2.952324e+08
3.283245e+20	2.965141e+08
3.307531e+20	2.978013e+08
3.331997e+20	2.990941e+08
3.356643e+20	3.003926e+08
3.381472e+20	3.016968e+08
3.406485e+20	3.030066e+08
3.431683e+20	3.043222e+08
3.457067e+20	3.056436e+08
3.482638e+20	3.069707e+08
3.508399e+20	3.083036e+08
3.534351e+20	3.096424e+08
3.560494e+20	3.109870e+08
3.586831e+20	3.123375e+08
3.613363e+20	3.136939e+08
3.640091e+20	3.150562e+08
3.667016e+20	3.164245e+08
3.694141e+20	3.177987e+08
3.721467e+20	3.191790e+08
3.748994e+20	3.205653e+08
3.776726e+20	3.219577e+08
3.804662e+20	3.233561e+08
3.832805e+20	3.247607e+08
3.861156e+20	3.261714e+08
3.889717e+20	3.275883e+08
3.918489e+20	3.290114e+08
3.947474e+20	3.304407e+08
3.976673e+20	3.318763e+08
4.006089e+20	3.333181e+08
4.035721e+20	3.347662e+08
4.065574e+20	3.362207e+08
4.095646e+20	3.376815e+08
4.125942e+20	3.391488e+08
4.156461e+20	3.406224e+08
4.187207e+20	3.421025e+08
4.218179e+20	3.435891e+08
4.249381e+20	3.450821e+08
4.280813e+20	3.465817e+08
4.312479e+20	3.480879e+08
4.344378e+20	3.496006e+08
4.376513e+20	3.511200e+08
4.408886e+20	3.526460e+08
4.441498e+20	3.541787e+08
4.474352e+20	3.557180e+08
4.507449e+20	3.572642e+08
4.540790e+20	3.588171e+08
4.574378e+20	3.603767e+08
4.608215e+20	3.619432e+08
4.642302e+20	3.635166e+08
4.676641e+20	3.650968e+08
4.711233e+20	3.666840e+08
4.746082e+20	3.682781e+08
4.781189e+20	3.698792e+08
4.816555e+20	3.714873e+08
4.852183e+20	3.731024e+08
4.888075e+20	3.747246e+08
4.924232e+20	3.763538e+08
4.960656e+20	3.779903e+08
4.997350e+20	3.796338e+08
5.034315e+20	3.812846e+08
5.071554e+20	3.829426e+08
5.109068e+20	3.846078e+08
5.146859e+20	3.862804e+08
5.184931e+20	3.879602e+08
5.223283e+20	3.896474e+08
5.261920e+20	3.913420e+08
5.300842e+20	3.930440e+08
5.340052e+20	3.947535e+08
5.379552e+20	3.964704e+08
5.419345e+20	3.981949e+08
5.459432e+20	3.999269e+08
5.499815e+20	4.016664e+08
5.540497e+20	4.034136e+08
5.581480e+20	4.051685e+08
5.622766e+20	4.069310e+08
5.664357e+20	4.087012e+08
5.706256e+20	4.104792e+08
5.748465e+20	4.122650e+08
5.790986e+20	4.140586e+08
5.833822e+20	4.158600e+08
5.876975e+20	4.176693e+08
5.920447e+20	4.194866e+08
5.964240e+20	4.213118e+08
6.008357e+20	4.231450e+08
6.052801e+20	4.249862e+08
6.097573e+20	4.268355e+08
6.142677e+20	4.286929e+08
6.188114e+20	4.305584e+08
6.233887e+20	4.324320e+08
6.279999e+20	4.343139e+08
6.326452e+20	4.362040e+08
6.373249e+20	4.381024e+08
6.420392e+20	4.400091e+08
6.467883e+20	4.419242e+08
6.515726e+20	4.438476e+08
6.563922e+20	4.457795e+08
6.612475e+20	4.477198e+08
6.661388e+20	4.496686e+08
6.710662e+20	4.516260e+08
6.760300e+20	4.535919e+08
6.810306e+20	4.555665e+08
6.860682e+20	4.575496e+08
6.911430e+20	4.595415e+08
6.962554e+20	4.615421e+08
7.014055e+20	4.635515e+08
7.065938e+20	4.655696e+08
7.118205e+20	4.675966e+08
7.170858e+20	4.696325e+08
7.223900e+20	4.716773e+08
7.277335e+20	4.737310e+08
7.331166e+20	4.757937e+08
7.385394e+20	4.778655e+08
7.440024e+20	4.799464e+08
7.495057e+20	4.820363e+08
7.550498e+20	4.841354e+08
7.606349e+20	4.862438e+08
7.662613e+20	4.883613e+08
7.719293e+20	4.904881e+08
7.776392e+20	4.926243e+08
7.833914e+20	4.947698e+08
7.891861e+20	4.969247e+08
7.950237e+20	4.990890e+08
8.009045e+20	5.012628e+08
8.068287e+20	5.034462e+08
8.127968e+20	5.056391e+08
8.188091e+20	5.078416e+08
8.248658e+20	5.100537e+08
8.309673e+20	5.122756e+08
8.371139e+20	5.145072e+08
8.433060e+20	5.167486e+08
8.495439e+20	5.189998e+08
8.558280e+20	5.212608e+08
8.621585e+20	5.235318e+08
8.685359e+20	5.258127e+08
8.749604e+20	5.281036e+08
8.814325e+20	5.304045e+08
8.879524e+20	5.327156e+08
8.945205e+20	5.350367e+08
9.011373e+20	5.373680e+08
9.078030e+20	5.397096e+08
9.145180e+20	5.420614e+08
9.212826e+20	5.444235e+08
9.280973e+20	5.467959e+08
9.349624e+20	5.491788e+08
9.418783e+20	5.515721e+08
9.488454e+20	5.539759e+08
9.558639e+20	5.563902e+08
9.629344e+20	5.588151e+08
9.700572e+20	5.612506e+08
9.772327e+20	5.636968e+08
9.844613e+20	5.661538e+08
9.917433e+20	5.686215e+08
9.990792e+20	5.711000e+08
1.006469e+21	5.735894e+08
1.013914e+21	5.760896e+08
1.021414e+21	5.786009e+08
1.028969e+21	5.811231e+08
1.036581e+21	5.836565e+08
1.044248e+21	5.862009e+08
1.051973e+21	5.887564e+08
1.059754e+21	5.913232e+08
1.067593e+21	5.939012e+08
1.075490e+21	5.964906e+08
1.083445e+21	5.990912e+08
1.091459e+21	6.017033e+08
1.099533e+21	6.043268e+08
1.107666e+21	6.069619e+08
1.115860e+21	6.096085e+08
1.124113e+21	6.122666e+08
1.132429e+21	6.149365e+08
1.140805e+21	6.176180e+08
1.149244e+21	6.203113e+08
1.157744e+21	6.230164e+08
1.166308e+21	6.257334e+08
1.174935e+21	6.284623e+08
1.183626e+21	6.312031e+08
1.192382e+21	6.339560e+08
1.201202e+21	6.367209e+08
1.210087e+21	6.394980e+08
1.219038e+21	6.422872e+08
1.228055e+21	6.450887e+08
1.237139e+21	6.479025e+08
1.246290e+21	6.507286e+08
1.255509e+21	6.535670e+08
1.264796e+21	6.564180e+08
1.274151e+21	6.592814e+08
1.283576e+21	6.621574e+08
1.293071e+21	6.650460e+08
1.302636e+21	6.679473e+08
1.312271e+21	6.708613e+08
1.321978e+21	6.737881e+08
1.331757e+21	6.767277e+08
1.341608e+21	6.796802e+08
1.351531e+21	6.826456e+08
1.361529e+21	6.856241e+08
1.371600e+21	6.886156e+08
1.381746e+21	6.916203e+08
1.391966e+21	6.946381e+08
1.402263e+21	6.976691e+08
1.412635e+21	7.007135e+08
1.423084e+21	7.037712e+08
1.433611e+21	7.068423e+08
1.444215e+21	7.099269e+08
1.454898e+21	7.130250e+08
1.465660e+21	7.161368e+08
1.476501e+21	7.192621e+08
1.487423e+21	7.224012e+08
1.498425e+21	7.255540e+08
1.509509e+21	7.287207e+08
1.520675e+21	7.319013e+08
1.531923e+21	7.350958e+08
1.543255e+21	7.383043e+08
1.554670e+21	7.415269e+08
1.566170e+21	7.447637e+08
1.577755e+21	7.480146e+08
1.589426e+21	7.512798e+08
1.601183e+21	7.545594e+08
1.613027e+21	7.578533e+08
1.624958e+21	7.611617e+08
1.636978e+21	7.644846e+08
1.649087e+21	7.678221e+08
1.661285e+21	7.711742e+08
1.673573e+21	7.745410e+08
1.685953e+21	7.779226e+08
1.698424e+21	7.813190e+08
1.710987e+21	7.847304e+08
1.723643e+21	7.881567e+08
1.736393e+21	7.915980e+08
1.749237e+21	7.950545e+08
1.762176e+21	7.985261e+08
1.775210e+21	8.020129e+08
1.788342e+21	8.055151e+08
1.801570e+21	8.090326e+08
1.814896e+21	8.125655e+08
1.828321e+21	8.161140e+08
1.841845e+21	8.196780e+08
1.855469e+21	8.232577e+08
1.869194e+21	8.268531e+08
1.883020e+21	8.304642e+08
1.896949e+21	8.340913e+08
1.910980e+21	8.377342e+08
1.925116e+21	8.413931e+08
1.939356e+21	8.450681e+08
1.953701e+21	8.487592e+08
1.968153e+21	8.524665e+08
1.982711e+21	8.561901e+08
1.997377e+21	8.599300e+08
2.012152e+21	8.636863e+08
2.027036e+21	8.674591e+08
2.042030e+21	8.712485e+08
2.057134e+21	8.750545e+08
2.072351e+21	8.788773e+08
2.087680e+21	8.827168e+08
2.103123e+21	8.865731e+08
2.118679e+21	8.904464e+08
2.134351e+21	8.943367e+08
2.150139e+21	8.982441e+08
2.166043e+21	9.021686e+08
2.182065e+21	9.061104e+08
2.198206e+21	9.100694e+08
2.214466e+21	9.140459e+08
2.230847e+21	9.180397e+08
2.247348e+21	9.220512e+08
2.263972e+21	9.260802e+08
2.280718e+21	9.301269e+08
2.297589e+21	9.341914e+08
2.314584e+21	9.382738e+08
2.331705e+21	9.423740e+08
2.348952e+21	9.464923e+08
2.366327e+21	9.506286e+08
2.383831e+21	9.547832e+08
2.401464e+21	9.589559e+08
2.419228e+21	9.631470e+08
2.437123e+21	9.673565e+08
2.455150e+21	9.715844e+08
2.473311e+21	9.758309e+08
2.491606e+21	9.800961e+08
2.510036e+21	9.843800e+08
2.528603e+21	9.886827e+08
2.547307e+21	9.930043e+08
2.566149e+21	9.973449e+08
2.585131e+21	1.001705e+09
2.604253e+21	1.006083e+09
2.623516e+21	1.010481e+09
2.642922e+21	1.014899e+09
2.662472e+21	1.019335e+09
2.682166e+21	1.023792e+09
2.702006e+21	1.028267e+09
2.721993e+21	1.032763e+09
2.742127e+21	1.037278e+09
2.762411e+21	1.041813e+09
2.782844e+21	1.046368e+09
2.803429e+21	1.050943e+09
2.824166e+21	1.055538e+09
2.845056e+21	1.060153e+09
2.866101e+21	1.064789e+09
2.887301e+21	1.069444e+09
2.908659e+21	1.074121e+09
2.930174e+21	1.078818e+09
2.951848e+21	1.083535e+09
2.973683e+21	1.088273e+09
2.995679e+21	1.093032e+09
3.017838e+21	1.097812e+09
3.040161e+21	1.102613e+09
3.062649e+21	1.107435e+09
3.085303e+21	1.112278e+09
3.108125e+21	1.117143e+09
3.131116e+21	1.122028e+09
3.154277e+21	1.126936e+09
3.177609e+21	1.131865e+09
3.201113e+21	1.136815e+09
3.224792e+21	1.141787e+09
3.248646e+21	1.146781e+09
3.272676e+21	1.151797e+09
3.296884e+21	1.156835e+09
3.321271e+21	1.161896e+09
3.345838e+21	1.166978e+09
3.370587e+21	1.172083e+09
3.395519e+21	1.177210e+09
3.420636e+21	1.182360e+09
3.445938e+21	1.187532e+09
3.471428e+21	1.192727e+09
3.497106e+21	1.197945e+09
3.522974e+21	1.203186e+09
3.549033e+21	1.208450e+09
3.575285e+21	1.213736e+09
3.601731e+21	1.219047e+09
3.628373e+21	1.224380e+09
3.655212e+21	1.229737e+09
3.682250e+21	1.235118e+09
3.709487e+21	1.240522e+09
3.736926e+21	1.245950e+09
3.764568e+21	1.251401e+09
3.792414e+21	1.256877e+09
3.820467e+21	1.262377e+09
3.848727e+21	1.267901e+09
3.877196e+21	1.273449e+09
3.905875e+21	1.279022e+09
3.934767e+21	1.284619e+09
3.963872e+21	1.290240e+09
3.993193e+21	1.295887e+09
4.022730e+21	1.301558e+09
4.052486e+21	1.307254e+09
4.082462e+21	1.312975e+09
4.112660e+21	1.318721e+09
4.143081e+21	1.324493e+09
4.173728e+21	1.330290e+09
4.204601e+21	1.336112e+09
4.235702e+21	1.341960e+09
4.267033e+21	1.347834e+09
4.298596e+21	1.353733e+09
4.330393e+21	1.359659e+09
4.362425e+21	1.365610e+09
4.394693e+21	1.371588e+09
4.427201e+21	1.377592e+09
4.459949e+21	1.383622e+09
4.492939e+21	1.389679e+09
4.526173e+21	1.395762e+09
4.559653e+21	1.401872e+09
4.593381e+21	1.408009e+09
4.627358e+21	1.414173e+09
4.661586e+21	1.420364e+09
4.696068e+21	1.426583e+09
4.730804e+21	1.432828e+09
4.765798e+21	1.439101e+09
4.801050e+21	1.445402e+09
4.836564e+21	1.451731e+09
4.872340e+21	1.458087e+09
4.908380e+21	1.464471e+09
4.944687e+21	1.470883e+09
4.981263e+21	1.477323e+09
5.018109e+21	1.483792e+09
5.055228e+21	1.490289e+09
5.092621e+21	1.496815e+09
5.130291e+21	1.503369e+09
5.168240e+21	1.509953e+09
5.206469e+21	1.516565e+09
5.244981e+21	1.523206e+09
5.283778e+21	1.529876e+09
5.322862e+21	1.536576e+09
5.362235e+21	1.543305e+09
5.401900e+21	1.550064e+09
5.441857e+21	1.556853e+09
5.482111e+21	1.563671e+09
5.522662e+21	1.570519e+09
5.563513e+21	1.577398e+09
5.604666e+21	1.584306e+09
5.646123e+21	1.591246e+09
5.687887e+21	1.598215e+09
5.729961e+21	1.605215e+09
5.772345e+21	1.612246e+09
5.815043e+21	1.619308e+09
5.858056e+21	1.626401e+09
5.901388e+21	1.633525e+09
5.945041e+21	1.640681e+09
5.989016e+21	1.647868e+09
6.033317e+21	1.655087e+09
6.077945e+21	1.662337e+09
6.122903e+21	1.669619e+09
6.168194e+21	1.676933e+09
6.213820e+21	1.684280e+09
6.259783e+21	1.691658e+09
6.306087e+21	1.699070e+09
6.352733e+21	1.706513e+09
6.399724e+21	1.713990e+09
6.447062e+21	1.721499e+09
6.494751e+21	1.729042e+09
6.542793e+21	1.736617e+09
6.591189e+21	1.744226e+09
6.639944e+21	1.751868e+09
6.689060e+21	1.759544e+09
6.738538e+21	1.767254e+09
6.788383e+21	1.774998e+09
6.838597e+21	1.782775e+09
6.889182e+21	1.790587e+09
6.940141e+21	1.798434e+09
6.991477e+21	1.806314e+09
7.043192e+21	1.814230e+09
7.095291e+21	1.822180e+09
7.147774e+21	1.830165e+09
7.200646e+21	1.838186e+09
7.253909e+21	1.846241e+09
7.307566e+21	1.854332e+09
7.361620e+21	1.862459e+09
7.416074e+21	1.870621e+09
7.470930e+21	1.878820e+09
7.526192e+21	1.887054e+09
7.581863e+21	1.895325e+09
7.637946e+21	1.903632e+09
7.694444e+21	1.911975e+09
7.751359e+21	1.920355e+09
7.808696e+21	1.928772e+09
7.866457e+21	1.937227e+09
7.924645e+21	1.945718e+09
7.983263e+21	1.954247e+09
8.042315e+21	1.962813e+09
8.101804e+21	1.971417e+09
8.161732e+21	1.980058e+09
8.222105e+21	1.988738e+09
8.282923e+21	1.997456e+09
8.344192e+21	2.006212e+09
8.405914e+21	2.015007e+09
8.468092e+21	2.023841e+09
8.530730e+21	2.032713e+09
8.593832e+21	2.041625e+09
8.657400e+21	2.050575e+09
8.721438e+21	2.059565e+09
8.785951e+21	2.068595e+09
8.850940e+21	2.077664e+09
8.916410e+21	2.086773e+09
8.982365e+21	2.095923e+09
9.048807e+21	2.105112e+09
9.115741e+21	2.114342e+09
9.183169e+21	2.123613e+09
9.251097e+21	2.132924e+09
9.319527e+21	2.142277e+09
9.388463e+21	2.151670e+09
9.457910e+21	2.161105e+09
9.527869e+21	2.170581e+09
9.598347e+21	2.180099e+09
9.669346e+21	2.189659e+09
9.740869e+21	2.199262e+09
9.812922e+21	2.208906e+09
9.885508e+21	2.218593e+09
9.958631e+21	2.228322e+09
1.003229e+22	2.238094e+09
1.010650e+22	2.247909e+09
1.018126e+22	2.257768e+09
1.025657e+22	2.267669e+09
1.033244e+22	2.277615e+09
1.040887e+22	2.287604e+09
1.048586e+22	2.297637e+09
1.056343e+22	2.307714e+09
1.064156e+22	2.317836e+09
1.072028e+22	2.328002e+09
1.079958e+22	2.338213e+09
1.087946e+22	2.348469e+09
1.095993e+22	2.358770e+09
1.104100e+22	2.369116e+09
1.112267e+22	2.379508e+09
1.120495e+22	2.389945e+09
1.128783e+22	2.400429e+09
1.137133e+22	2.410958e+09
1.145544e+22	2.421534e+09
1.154018e+22	2.432157e+09
1.162554e+22	2.442826e+09
1.171153e+22	2.453543e+09
1.179816e+22	2.464306e+09
1.188543e+22	2.475117e+09
1.197335e+22	2.485975e+09
1.206192e+22	2.496882e+09
1.215114e+22	2.507836e+09
1.224102e+22	2.518838e+09
1.233157e+22	2.529889e+09
1.242278e+22	2.540989e+09
1.251467e+22	2.552137e+09
1.260724e+22	2.563335e+09
1.270050e+22	2.574581e+09
1.279444e+22	2.585878e+09
1.288908e+22	2.597224e+09
1.298442e+22	2.608619e+09
1.308047e+22	2.620066e+09
1.317723e+22	2.631562e+09
1.327470e+22	2.643109e+09
1.337289e+22	2.654707e+09
1.347181e+22	2.666356e+09
1.357146e+22	2.678057e+09
1.367185e+22	2.689808e+09
1.377298e+22	2.701612e+09
1.387485e+22	2.713467e+09
1.397749e+22	2.725375e+09
1.408088e+22	2.737335e+09
1.418503e+22	2.749348e+09
1.428996e+22	2.761414e+09
1.439566e+22	2.773533e+09
1.450215e+22	2.785705e+09
1.460942e+22	2.797931e+09
1.471748e+22	2.810210e+09
1.482635e+22	2.822544e+09
1.493602e+22	2.834932e+09
1.504650e+22	2.847374e+09
1.515780e+22	2.859872e+09
1.526992e+22	2.872424e+09
1.538287e+22	2.885032e+09
1.549666e+22	2.897695e+09
1.561129e+22	2.910414e+09
1.572676e+22	2.923189e+09
1.584309e+22	2.936020e+09
1.596028e+22	2.948908e+09
1.607834e+22	2.961852e+09
1.619727e+22	2.974853e+09
1.631708e+22	2.987912e+09
1.643778e+22	3.001028e+09
1.655937e+22	3.014202e+09
1.668186e+22	3.027434e+09
1.680525e+22	3.040724e+09
1.692956e+22	3.054073e+09
1.705479e+22	3.067481e+09
1.718094e+22	3.080947e+09
1.730803e+22	3.094473e+09
1.743606e+22	3.108059e+09
1.756503e+22	3.121704e+09
1.769496e+22	3.135409e+09
1.782585e+22	3.149175e+09
1.795771e+22	3.163001e+09
1.809054e+22	3.176889e+09
1.822435e+22	3.190837e+09
1.835916e+22	3.204847e+09
1.849496e+22	3.218918e+09
1.863177e+22	3.233052e+09
1.876959e+22	3.247248e+09
1.890842e+22	3.261506e+09
1.904829e+22	3.275827e+09
1.918919e+22	3.290211e+09
1.933113e+22	3.304659e+09
1.947412e+22	3.319170e+09
1.961817e+22	3.333745e+09
1.976329e+22	3.348385e+09
1.990948e+22	3.363088e+09
2.005674e+22	3.377857e+09
2.020510e+22	3.392691e+09
2.035456e+22	3.407589e+09
2.050512e+22	3.422554e+09
2.065680e+22	3.437585e+09
2.080960e+22	3.452681e+09
2.096352e+22	3.467844e+09
2.111859e+22	3.483074e+09
2.127480e+22	3.498372e+09
2.143217e+22	3.513736e+09
2.159071e+22	3.529168e+09
2.175041e+22	3.544668e+09
2.191130e+22	3.560237e+09
2.207338e+22	3.575874e+09
2.223665e+22	3.591580e+09
2.240114e+22	3.607355e+09
2.256684e+22	3.623199e+09
2.273376e+22	3.639114e+09
2.290192e+22	3.655098e+09
2.307133e+22	3.671153e+09
2.324199e+22	3.687279e+09
2.341391e+22	3.703475e+09
2.358710e+22	3.719743e+09
2.376157e+22	3.736083e+09
2.393734e+22	3.752495e+09
2.411440e+22	3.768979e+09
2.429277e+22	3.785535e+09
2.447247e+22	3.802165e+09
2.465349e+22	3.818868e+09
2.483585e+22	3.835644e+09
2.501956e+22	3.852495e+09
2.520463e+22	3.869419e+09
2.539107e+22	3.886418e+09
2.557888e+22	3.903492e+09
2.576809e+22	3.920642e+09
2.595870e+22	3.937866e+09
2.615071e+22	3.955167e+09
2.634415e+22	3.972544e+09
2.653901e+22	3.989998e+09
2.673532e+22	4.007528e+09
2.693308e+22	4.025136e+09
2.713231e+22	4.042821e+09
2.733300e+22	4.060584e+09
2.753518e+22	4.078426e+09
2.773886e+22	4.096346e+09
2.794404e+22	4.114345e+09
2.815075e+22	4.132423e+09
2.835898e+22	4.150581e+09
2.856875e+22	4.168819e+09
2.878007e+22	4.187138e+09
2.899295e+22	4.205537e+09
2.920741e+22	4.224017e+09
2.942346e+22	4.242579e+09
2.964110e+22	4.261222e+09
2.986036e+22	4.279948e+09
3.008123e+22	4.298756e+09
3.030374e+22	4.317647e+09
3.052790e+22	4.336621e+09
3.075371e+22	4.355679e+09
3.098120e+22	4.374821e+09
3.121037e+22	4.394047e+09
3.144123e+22	4.413358e+09
3.167380e+22	4.432754e+09
3.190809e+22	4.452236e+09
3.214411e+22	4.471803e+09
3.238188e+22	4.491457e+09
3.262141e+22	4.511197e+09
3.286271e+22	4.531024e+09
3.310579e+22	4.550939e+09
3.335067e+22	4.570941e+09
3.359737e+22	4.591032e+09
3.384589e+22	4.611211e+09
3.409624e+22	4.631479e+09
3.434845e+22	4.651837e+09
3.460253e+22	4.672284e+09
3.485848e+22	4.692821e+09
3.511633e+22	4.713449e+09
3.537608e+22	4.734167e+09
3.563776e+22	4.754977e+09
3.590137e+22	4.775879e+09
3.616693e+22	4.796873e+09
3.643446e+22	4.817959e+09
3.670396e+22	4.839139e+09
3.697546e+22	4.860411e+09
3.724897e+22	4.881778e+09
3.752450e+22	4.903238e+09
3.780206e+22	4.924794e+09
3.808168e+22	4.946444e+09
3.836337e+22	4.968190e+09
3.864715e+22	4.990031e+09
3.893302e+22	5.011969e+09
3.922100e+22	5.034004e+09
3.951112e+22	5.056135e+09
3.980338e+22	5.078364e+09
4.009781e+22	5.100692e+09
4.039441e+22	5.123117e+09
4.069321e+22	5.145642e+09
4.099421e+22	5.168266e+09
4.129745e+22	5.190989e+09
4.160292e+22	5.213813e+09
4.191066e+22	5.236737e+09
4.222067e+22	5.259762e+09
4.253297e+22	5.282889e+09
4.284759e+22	5.306118e+09
4.316453e+22	5.329449e+09
4.348382e+22	5.352883e+09
4.380547e+22	5.376421e+09
4.412949e+22	5.400062e+09
4.445592e+22	5.423807e+09
4.478476e+22	5.447658e+09
4.511603e+22	5.471613e+09
4.544975e+22	5.495674e+09
4.578594e+22	5.519841e+09
4.612462e+22	5.544114e+09
4.646580e+22	5.568495e+09
4.680951e+22	5.592983e+09
4.715576e+22	5.617579e+09
4.750457e+22	5.642283e+09
4.785595e+22	5.667096e+09
4.820994e+22	5.692019e+09
4.856655e+22	5.717052e+09
4.892580e+22	5.742195e+09
4.928770e+22	5.767448e+09
4.965228e+22	5.792814e+09
5.001956e+22	5.818291e+09
5.038955e+22	5.843880e+09
5.076228e+22	5.869582e+09
5.113777e+22	5.895398e+09
5.151603e+22	5.921327e+09
5.189709e+22	5.947371e+09
5.228097e+22	5.973529e+09
5.266769e+22	5.999803e+09
5.305728e+22	6.026193e+09
5.344974e+22	6.052699e+09
5.384511e+22	6.079322e+09
5.424340e+22	6.106063e+09
5.464463e+22	6.132921e+09
5.504884e+22	6.159898e+09
5.545603e+22	6.186993e+09
5.586624e+22	6.214208e+09
5.627948e+22	6.241544e+09
5.669578e+22	6.268999e+09
5.711515e+22	6.296576e+09
5.753763e+22	6.324275e+09
5.796324e+22	6.352095e+09
5.839199e+22	6.380038e+09
5.882391e+22	6.408105e+09
5.925903e+22	6.436295e+09
5.969737e+22	6.464610e+09
6.013895e+22	6.493049e+09
6.058379e+22	6.521614e+09
6.103193e+22	6.550305e+09
6.148338e+22	6.579122e+09
6.193817e+22	6.608066e+09
6.239633e+22	6.637139e+09
6.285787e+22	6.666339e+09
6.332283e+22	6.695668e+09
6.379123e+22	6.725126e+09
6.426309e+22	6.754715e+09
6.473844e+22	6.784434e+09
6.521731e+22	6.814283e+09
6.569972e+22	6.844265e+09
6.618570e+22	6.874379e+09
6.667527e+22	6.904625e+09
6.716847e+22	6.935006e+09
6.766531e+22	6.965520e+09
6.816583e+22	6.996168e+09
6.867005e+22	7.026952e+09
6.917800e+22	7.057871e+09
6.968971e+22	7.088927e+09
7.020520e+22	7.120120e+09
7.072450e+22	7.151451e+09
7.124765e+22	7.182919e+09
7.177467e+22	7.214527e+09
7.230558e+22	7.246274e+09
7.284043e+22	7.278161e+09
7.337922e+22	7.310188e+09
7.392201e+22	7.342357e+09
7.446881e+22	7.374668e+09
7.501965e+22	7.407121e+09
7.557457e+22	7.439718e+09
7.613359e+22	7.472458e+09
7.669675e+22	7.505342e+09
7.726407e+22	7.538372e+09
7.783559e+22	7.571547e+09
7.841134e+22	7.604869e+09
7.899135e+22	7.638338e+09
7.957564e+22	7.671954e+09
8.016426e+22	7.705719e+09
8.075723e+22	7.739632e+09
8.135459e+22	7.773696e+09
8.195637e+22	7.807909e+09
8.256260e+22	7.842273e+09
8.317331e+22	7.876789e+09
8.378854e+22	7.911457e+09
8.440832e+22	7.946279e+09
8.503269e+22	7.981253e+09
8.566167e+22	8.016382e+09
8.629531e+22	8.051666e+09
8.693363e+22	8.087106e+09
8.757668e+22	8.122702e+09
8.822448e+22	8.158455e+09
8.887708e+22	8.194366e+09
8.953450e+22	8.230435e+09
9.019678e+22	8.266664e+09
9.086396e+22	8.303052e+09
9.153608e+22	8.339601e+09
9.221317e+22	8.376311e+09
9.289527e+22	8.413182e+09
9.358241e+22	8.450217e+09
9.427464e+22	8.487415e+09
9.497199e+22	8.524777e+09
9.567449e+22	8.562304e+09
9.638219e+22	8.599997e+09
9.709513e+22	8.637855e+09
9.781334e+22	8.675881e+09
9.853686e+22	8.714075e+09
9.926573e+22	8.752437e+09
1.000000e+23	8.790968e+09
