1.000000e+00	3.324598e+03
1.000000e+07	3.324598e+03
1.007397e+07	3.324598e+03
1.014849e+07	3.324598e+03
1.022355e+07	3.324598e+03
1.029918e+07	3.324598e+03
1.037536e+07	3.324598e+03
1.045211e+07	3.324598e+03
1.052942e+07	3.324598e+03
1.060731e+07	3.324598e+03
1.068577e+07	3.324598e+03
1.076481e+07	3.324598e+03
1.084444e+07	3.324598e+03
1.092465e+07	3.324598e+03
1.100546e+07	3.324598e+03
1.108687e+07	3.324598e+03
1.116888e+07	3.324598e+03
1.125150e+07	3.324598e+03
1.133472e+07	3.324598e+03
1.141856e+07	3.324598e+03
1.150303e+07	3.324598e+03
1.158812e+07	3.324598e+03
1.167383e+07	3.324598e+03
1.176018e+07	3.324598e+03
1.184717e+07	3.324598e+03
1.193481e+07	3.324598e+03
1.202309e+07	3.324598e+03
1.211202e+07	3.324598e+03
1.220161e+07	3.324598e+03
1.229187e+07	3.324598e+03
1.238279e+07	3.324598e+03
1.247439e+07	3.324598e+03
1.256666e+07	3.324598e+03
1.265961e+07	3.324598e+03
1.275326e+07	3.324598e+03
1.284759e+07	3.324598e+03
1.294263e+07	3.324598e+03
1.303836e+07	3.324598e+03
1.313481e+07	3.324598e+03
1.323196e+07	3.324598e+03
1.332984e+07	3.324598e+03
1.342844e+07	3.324598e+03
1.352777e+07	3.324598e+03
1.362784e+07	3.324598e+03
1.372864e+07	3.324598e+03
1.383019e+07	3.324598e+03
1.393249e+07	3.324598e+03
1.403555e+07	3.324598e+03
1.413937e+07	3.324598e+03
1.424396e+07	3.324598e+03
1.434932e+07	3.324598e+03
1.445546e+07	3.324598e+03
1.456239e+07	3.324598e+03
1.467011e+07	3.324598e+03
1.477862e+07	3.324598e+03
1.488794e+07	3.324598e+03
1.499806e+07	3.324598e+03
1.510900e+07	3.324598e+03
1.522077e+07	3.324598e+03
1.533335e+07	3.324598e+03
1.544677e+07	3.324598e+03
1.556103e+07	3.324598e+03
1.567614e+07	3.324598e+03
1.579209e+07	3.324598e+03
1.590891e+07	3.324598e+03
1.602658e+07	3.324598e+03
1.614513e+07	3.324598e+03
1.626456e+07	3.324598e+03
1.638487e+07	3.324598e+03
1.650606e+07	3.324598e+03
1.662816e+07	3.324598e+03
1.675116e+07	3.324598e+03
1.687506e+07	3.324598e+03
1.699989e+07	3.324598e+03
1.712564e+07	3.324598e+03
1.725231e+07	3.324598e+03
1.737993e+07	3.324598e+03
1.750849e+07	3.324598e+03
1.763800e+07	3.324598e+03
1.776847e+07	3.324598e+03
1.789990e+07	3.324598e+03
1.803230e+07	3.324598e+03
1.816569e+07	3.324598e+03
1.830006e+07	3.324598e+03
1.843542e+07	3.324598e+03
1.857179e+07	3.324598e+03
1.870917e+07	3.324598e+03
1.884756e+07	3.324598e+03
1.898697e+07	3.324598e+03
1.912742e+07	3.324598e+03
1.926890e+07	3.324598e+03
1.941143e+07	3.324598e+03
1.955502e+07	3.324598e+03
1.969967e+07	3.324598e+03
1.984539e+07	3.324598e+03
1.999218e+07	3.324598e+03
2.014006e+07	3.324598e+03
2.028904e+07	3.324598e+03
2.043912e+07	3.324598e+03
2.059030e+07	3.324598e+03
2.074261e+07	3.324598e+03
2.089604e+07	3.324598e+03
2.105061e+07	3.324598e+03
2.120632e+07	3.324598e+03
2.136318e+07	3.324598e+03
2.152120e+07	3.324598e+03
2.168040e+07	3.324598e+03
2.184077e+07	3.324598e+03
2.200232e+07	3.324598e+03
2.216507e+07	3.324598e+03
2.232903e+07	3.324598e+03
2.249419e+07	3.324598e+03
2.266058e+07	3.324598e+03
2.282820e+07	3.324598e+03
2.299706e+07	3.324598e+03
2.316717e+07	3.324598e+03
2.333854e+07	3.324598e+03
2.351117e+07	3.324598e+03
2.368508e+07	3.324598e+03
2.386028e+07	3.324598e+03
2.403677e+07	3.324598e+03
2.421457e+07	3.324598e+03
2.439369e+07	3.324598e+03
2.457413e+07	3.324598e+03
2.475590e+07	3.324598e+03
2.493902e+07	3.324598e+03
2.512349e+07	3.324598e+03
2.530933e+07	3.324598e+03
2.549654e+07	3.324598e+03
2.568514e+07	3.324598e+03
2.587513e+07	3.324598e+03
2.606653e+07	3.324598e+03
2.625934e+07	3.324598e+03
2.645358e+07	3.324598e+03
2.664926e+07	3.324598e+03
2.684638e+07	3.324598e+03
2.704496e+07	3.324598e+03
2.724502e+07	3.324598e+03
2.744655e+07	3.324598e+03
2.764957e+07	3.324598e+03
2.785409e+07	3.324598e+03
2.806013e+07	3.324598e+03
2.826769e+07	3.324598e+03
2.847678e+07	3.324598e+03
2.868742e+07	3.324598e+03
2.889962e+07	3.324598e+03
2.911339e+07	3.324598e+03
2.932874e+07	3.324598e+03
2.954569e+07	3.324598e+03
2.976424e+07	3.324598e+03
2.998440e+07	3.324598e+03
3.020619e+07	3.324598e+03
3.042963e+07	3.324598e+03
3.065472e+07	3.324598e+03
3.088147e+07	3.324598e+03
3.110990e+07	3.324598e+03
3.134002e+07	3.324598e+03
3.157184e+07	3.324598e+03
3.180537e+07	3.324598e+03
3.204064e+07	3.324598e+03
3.227764e+07	3.324598e+03
3.251640e+07	3.324598e+03
3.275692e+07	3.324598e+03
3.299922e+07	3.324598e+03
3.324332e+07	3.324598e+03
3.348922e+07	3.324598e+03
3.373693e+07	3.324598e+03
3.398649e+07	3.324598e+03
3.423788e+07	3.324598e+03
3.449114e+07	3.324598e+03
3.474627e+07	3.324598e+03
3.500329e+07	3.324598e+03
3.526220e+07	3.324598e+03
3.552304e+07	3.324598e+03
3.578580e+07	3.324598e+03
3.605051e+07	3.324598e+03
3.631717e+07	3.324598e+03
3.658581e+07	3.324598e+03
3.685643e+07	3.324598e+03
3.712906e+07	3.324598e+03
3.740370e+07	3.324598e+03
3.768038e+07	3.324598e+03
3.795910e+07	3.324598e+03
3.823988e+07	3.324598e+03
3.852274e+07	3.324598e+03
3.880769e+07	3.324598e+03
3.909475e+07	3.324598e+03
3.938393e+07	3.324598e+03
3.967525e+07	3.324598e+03
3.996873e+07	3.324598e+03
4.026438e+07	3.324598e+03
4.056221e+07	3.324598e+03
4.086225e+07	3.324598e+03
4.116451e+07	3.324598e+03
4.146900e+07	3.324598e+03
4.177574e+07	3.324598e+03
4.208476e+07	3.324598e+03
4.239606e+07	3.324598e+03
4.270966e+07	3.324598e+03
4.302558e+07	3.324598e+03
4.334384e+07	3.324598e+03
4.366445e+07	3.324598e+03
4.398744e+07	3.324598e+03
4.431281e+07	3.324598e+03
4.464059e+07	3.324598e+03
4.497080e+07	3.324598e+03
4.530344e+07	3.324598e+03
4.563855e+07	3.324598e+03
4.597614e+07	3.324598e+03
4.631622e+07	3.324598e+03
4.665882e+07	3.324598e+03
4.700396e+07	3.324598e+03
4.735164e+07	3.324598e+03
4.770190e+07	3.324598e+03
4.805475e+07	3.324598e+03
4.841021e+07	3.324598e+03
4.876830e+07	3.324598e+03
4.912904e+07	3.324598e+03
4.949244e+07	3.324598e+03
4.985854e+07	3.324598e+03
5.022734e+07	3.324598e+03
5.059887e+07	3.324598e+03
5.097315e+07	3.324598e+03
5.135020e+07	3.324598e+03
5.173003e+07	3.324598e+03
5.211268e+07	3.324598e+03
5.249815e+07	3.324598e+03
5.288648e+07	3.324598e+03
5.327768e+07	3.324598e+03
5.367177e+07	3.324598e+03
5.406878e+07	3.324598e+03
5.446873e+07	3.324598e+03
5.487163e+07	3.324598e+03
5.527751e+07	3.324598e+03
5.568640e+07	3.324598e+03
5.609831e+07	3.324598e+03
5.651327e+07	3.324598e+03
5.693130e+07	3.324598e+03
5.735242e+07	3.324598e+03
5.777665e+07	3.324598e+03
5.820402e+07	3.324598e+03
5.863455e+07	3.324598e+03
5.906827e+07	3.324598e+03
5.950520e+07	3.324598e+03
5.994536e+07	3.324598e+03
6.038877e+07	3.324598e+03
6.083546e+07	3.324598e+03
6.128546e+07	3.324598e+03
6.173879e+07	3.324598e+03
6.219547e+07	3.324598e+03
6.265553e+07	3.324598e+03
6.311899e+07	3.324598e+03
6.358588e+07	3.324598e+03
6.405622e+07	3.324598e+03
6.453004e+07	3.324598e+03
6.500737e+07	3.324598e+03
6.548823e+07	3.324598e+03
6.597264e+07	3.324598e+03
6.646064e+07	3.324598e+03
6.695225e+07	3.324598e+03
6.744749e+07	3.324598e+03
6.794640e+07	3.324598e+03
6.844899e+07	3.324598e+03
6.895531e+07	3.324598e+03
6.946537e+07	3.324598e+03
6.997920e+07	3.324598e+03
7.049684e+07	3.324598e+03
7.101830e+07	3.324598e+03
7.154362e+07	3.324598e+03
7.207283e+07	3.324598e+03
7.260595e+07	3.324598e+03
7.314301e+07	3.324598e+03
7.368405e+07	3.324598e+03
7.422909e+07	3.324598e+03
7.477816e+07	3.324598e+03
7.533129e+07	3.324598e+03
7.588851e+07	3.324598e+03
7.644986e+07	3.324598e+03
7.701535e+07	3.324598e+03
7.758503e+07	3.324598e+03
7.815893e+07	3.324598e+03
7.873707e+07	3.324598e+03
7.931948e+07	3.324598e+03
7.990621e+07	3.324598e+03
8.049727e+07	3.324598e+03
8.109271e+07	3.324598e+03
8.169255e+07	3.324598e+03
8.229682e+07	3.324598e+03
8.290557e+07	3.324598e+03
8.351882e+07	3.324598e+03
8.413661e+07	3.324598e+03
8.475896e+07	3.324598e+03
8.538592e+07	3.324598e+03
8.601752e+07	3.324598e+03
8.665379e+07	3.324598e+03
8.729476e+07	3.324598e+03
8.794048e+07	3.324598e+03
8.859097e+07	3.324598e+03
8.924628e+07	3.324598e+03
8.990643e+07	3.324598e+03
9.057147e+07	3.324598e+03
9.124142e+07	3.324598e+03
9.191633e+07	3.324598e+03
9.259623e+07	3.324598e+03
9.328116e+07	3.324598e+03
9.397116e+07	3.324598e+03
9.466626e+07	3.324598e+03
9.536651e+07	3.324598e+03
9.607193e+07	3.324598e+03
9.678257e+07	3.324598e+03
9.749847e+07	3.324598e+03
9.821966e+07	3.324598e+03
9.894619e+07	3.324598e+03
9.967809e+07	3.324598e+03
1.004154e+08	3.324598e+03
1.011582e+08	3.324598e+03
1.019064e+08	3.324598e+03
1.026602e+08	3.324598e+03
1.034196e+08	3.324598e+03
1.041846e+08	3.324598e+03
1.049553e+08	3.324598e+03
1.057316e+08	3.324598e+03
1.065137e+08	3.324598e+03
1.073016e+08	3.324598e+03
1.080953e+08	3.324598e+03
1.088949e+08	3.324598e+03
1.097004e+08	3.324598e+03
1.105118e+08	3.324598e+03
1.113293e+08	3.324598e+03
1.121528e+08	3.324598e+03
1.129823e+08	3.324598e+03
1.138181e+08	3.324598e+03
1.146600e+08	3.324598e+03
1.155081e+08	3.324598e+03
1.163625e+08	3.324598e+03
1.172233e+08	3.324598e+03
1.180904e+08	3.324598e+03
1.189639e+08	3.324598e+03
1.198438e+08	3.324598e+03
1.207303e+08	3.324598e+03
1.216234e+08	3.324598e+03
1.225230e+08	3.324598e+03
1.234293e+08	3.324598e+03
1.243423e+08	3.324598e+03
1.252621e+08	3.324598e+03
1.261886e+08	3.324598e+03
1.271220e+08	3.324598e+03
1.280624e+08	3.324598e+03
1.290096e+08	3.324598e+03
1.299639e+08	3.324598e+03
1.309252e+08	3.324598e+03
1.318937e+08	3.324598e+03
1.328693e+08	3.324598e+03
1.338521e+08	3.324598e+03
1.348422e+08	3.324598e+03
1.358397e+08	3.324598e+03
1.368445e+08	3.324598e+03
1.378567e+08	3.324598e+03
1.388764e+08	3.324598e+03
1.399037e+08	3.324598e+03
1.409386e+08	3.324598e+03
1.419811e+08	3.324598e+03
1.430313e+08	3.324598e+03
1.440893e+08	3.324598e+03
1.451551e+08	3.324598e+03
1.462288e+08	3.324598e+03
1.473105e+08	3.324598e+03
1.484001e+08	3.324598e+03
1.494978e+08	3.324598e+03
1.506037e+08	3.324598e+03
1.517177e+08	3.324598e+03
1.528399e+08	3.324598e+03
1.539705e+08	3.324598e+03
1.551094e+08	3.324598e+03
1.562567e+08	3.324598e+03
1.574126e+08	3.324598e+03
1.585769e+08	3.324598e+03
1.597499e+08	3.324598e+03
1.609316e+08	3.324598e+03
1.621220e+08	3.324598e+03
1.633212e+08	3.324598e+03
1.645293e+08	3.324598e+03
1.657463e+08	3.324598e+03
1.669723e+08	3.324598e+03
1.682074e+08	3.324598e+03
1.694517e+08	3.324598e+03
1.707051e+08	3.324598e+03
1.719678e+08	3.324598e+03
1.732398e+08	3.324598e+03
1.745213e+08	3.324598e+03
1.758122e+08	3.324598e+03
1.771127e+08	3.324598e+03
1.784228e+08	3.324598e+03
1.797426e+08	3.324598e+03
1.810721e+08	3.324598e+03
1.824115e+08	3.324598e+03
1.837608e+08	3.324598e+03
1.851201e+08	3.324598e+03
1.864894e+08	3.324598e+03
1.878688e+08	3.324598e+03
1.892585e+08	3.324598e+03
1.906584e+08	3.324598e+03
1.920687e+08	3.324598e+03
1.934895e+08	3.324598e+03
1.949207e+08	3.324598e+03
1.963625e+08	3.324598e+03
1.978150e+08	3.324598e+03
1.992782e+08	3.324598e+03
2.007523e+08	3.324598e+03
2.022373e+08	3.324598e+03
2.037332e+08	3.324598e+03
2.052402e+08	3.324598e+03
2.067584e+08	3.324598e+03
2.082878e+08	3.324598e+03
2.098285e+08	3.324598e+03
2.113805e+08	3.324598e+03
2.129441e+08	3.324598e+03
2.145193e+08	3.324598e+03
2.161061e+08	3.324598e+03
2.177046e+08	3.324598e+03
2.193149e+08	3.324598e+03
2.209372e+08	3.324598e+03
2.225715e+08	3.324598e+03
2.242178e+08	3.324598e+03
2.258764e+08	3.324598e+03
2.275472e+08	3.324598e+03
2.292303e+08	3.324598e+03
2.309259e+08	3.324598e+03
2.326341e+08	3.324598e+03
2.343549e+08	3.324598e+03
2.360884e+08	3.324598e+03
2.378347e+08	3.324598e+03
2.395940e+08	3.324598e+03
2.413662e+08	3.324598e+03
2.431516e+08	3.324598e+03
2.449502e+08	3.324598e+03
2.467621e+08	3.324598e+03
2.485874e+08	3.324598e+03
2.504262e+08	3.324598e+03
2.522786e+08	3.324598e+03
2.541447e+08	3.324598e+03
2.560246e+08	3.324598e+03
2.579184e+08	3.324598e+03
2.598262e+08	3.324598e+03
2.617481e+08	3.324598e+03
2.636843e+08	3.324598e+03
2.656347e+08	3.324598e+03
2.675996e+08	3.324598e+03
2.695790e+08	3.324598e+03
2.715731e+08	3.324598e+03
2.735819e+08	3.324598e+03
2.756056e+08	3.324598e+03
2.776443e+08	3.324598e+03
2.796980e+08	3.324598e+03
2.817669e+08	3.324598e+03
2.838511e+08	3.324598e+03
2.859508e+08	3.324598e+03
2.880659e+08	3.324598e+03
2.901967e+08	3.324598e+03
2.923433e+08	3.324598e+03
2.945058e+08	3.324598e+03
2.966842e+08	3.324598e+03
2.988788e+08	3.324598e+03
3.010896e+08	3.324598e+03
3.033167e+08	3.324598e+03
3.055604e+08	3.324598e+03
3.078206e+08	3.324598e+03
3.100975e+08	3.324598e+03
3.123913e+08	3.324598e+03
3.147021e+08	3.324598e+03
3.170299e+08	3.324598e+03
3.193750e+08	3.324598e+03
3.217374e+08	3.324598e+03
3.241172e+08	3.324598e+03
3.265147e+08	3.324598e+03
3.289300e+08	3.324598e+03
3.313630e+08	3.324598e+03
3.338141e+08	3.324598e+03
3.362833e+08	3.324598e+03
3.387708e+08	3.324598e+03
3.412767e+08	3.324598e+03
3.438011e+08	3.324598e+03
3.463442e+08	3.324598e+03
3.489061e+08	3.324598e+03
3.514869e+08	3.324598e+03
3.540869e+08	3.324598e+03
3.567060e+08	3.324598e+03
3.593446e+08	3.324598e+03
3.620026e+08	3.324598e+03
3.646804e+08	3.324598e+03
3.673779e+08	3.324598e+03
3.700954e+08	3.324598e+03
3.728330e+08	3.324598e+03
3.755908e+08	3.324598e+03
3.783690e+08	3.324598e+03
3.811678e+08	3.324598e+03
3.839873e+08	3.324598e+03
3.868276e+08	3.324598e+03
3.896890e+08	3.324598e+03
3.925715e+08	3.324598e+03
3.954754e+08	3.324598e+03
3.984007e+08	3.324598e+03
4.013476e+08	3.324598e+03
4.043164e+08	3.324598e+03
4.073071e+08	3.324598e+03
4.103199e+08	3.324598e+03
4.133551e+08	3.324598e+03
4.164126e+08	3.324598e+03
4.194928e+08	3.324598e+03
4.225958e+08	3.324598e+03
4.257217e+08	3.324598e+03
4.288708e+08	3.324598e+03
4.320431e+08	3.324598e+03
4.352389e+08	3.324598e+03
4.384584e+08	3.324598e+03
4.417017e+08	3.324598e+03
4.449689e+08	3.324598e+03
4.482603e+08	3.324598e+03
4.515761e+08	3.324598e+03
4.549164e+08	3.324598e+03
4.582814e+08	3.324598e+03
4.616713e+08	3.324598e+03
4.650863e+08	3.324598e+03
4.685265e+08	3.324598e+03
4.719922e+08	3.324598e+03
4.754835e+08	3.324598e+03
4.790006e+08	3.324598e+03
4.825438e+08	3.324598e+03
4.861131e+08	3.324598e+03
4.897089e+08	3.324598e+03
4.933313e+08	3.324598e+03
4.969804e+08	3.324598e+03
5.006566e+08	3.324598e+03
5.043599e+08	3.324598e+03
5.080906e+08	3.324598e+03
5.118490e+08	3.324598e+03
5.156351e+08	3.324598e+03
5.194492e+08	3.324598e+03
5.232916e+08	3.324598e+03
5.271624e+08	3.324598e+03
5.310618e+08	3.324598e+03
5.349900e+08	3.324598e+03
5.389473e+08	3.324598e+03
5.429339e+08	3.324598e+03
5.469500e+08	3.324598e+03
5.509957e+08	3.324598e+03
5.550714e+08	3.324598e+03
5.591773e+08	3.324598e+03
5.633135e+08	3.324598e+03
5.674803e+08	3.324598e+03
5.716779e+08	3.324598e+03
5.759066e+08	3.324598e+03
5.801666e+08	3.324598e+03
5.844581e+08	3.324598e+03
5.887813e+08	3.324598e+03
5.931365e+08	3.324598e+03
5.975239e+08	3.324598e+03
6.019438e+08	3.324598e+03
6.063963e+08	3.324598e+03
6.108818e+08	3.324598e+03
6.154005e+08	3.324598e+03
6.199526e+08	3.324598e+03
6.245384e+08	3.324598e+03
6.291580e+08	3.324598e+03
6.338119e+08	3.324598e+03
6.385002e+08	3.324598e+03
6.432232e+08	3.324598e+03
6.479811e+08	3.324598e+03
6.527742e+08	3.324598e+03
6.576027e+08	3.324598e+03
6.624670e+08	3.324598e+03
6.673672e+08	3.324598e+03
6.723037e+08	3.324598e+03
6.772767e+08	3.324598e+03
6.822865e+08	3.324598e+03
6.873334e+08	3.324598e+03
6.924176e+08	3.324598e+03
6.975394e+08	3.324598e+03
7.026990e+08	3.324598e+03
7.078969e+08	3.324598e+03
7.131332e+08	3.324598e+03
7.184082e+08	3.324598e+03
7.237222e+08	3.324598e+03
7.290756e+08	3.324598e+03
7.344685e+08	3.324598e+03
7.399014e+08	3.324598e+03
7.453744e+08	3.324598e+03
7.508879e+08	3.324598e+03
7.564422e+08	3.324598e+03
7.620376e+08	3.324598e+03
7.676744e+08	3.324598e+03
7.733528e+08	3.324598e+03
7.790733e+08	3.324598e+03
7.848361e+08	3.324598e+03
7.906415e+08	3.324598e+03
7.964898e+08	3.324598e+03
8.023814e+08	3.324598e+03
8.083166e+08	3.324598e+03
8.142957e+08	3.324598e+03
8.203190e+08	3.324598e+03
8.263869e+08	3.324598e+03
8.324997e+08	3.324598e+03
8.386577e+08	3.324598e+03
8.448612e+08	3.324598e+03
8.511106e+08	3.324598e+03
8.574062e+08	3.324598e+03
8.637484e+08	3.324598e+03
8.701376e+08	3.324598e+03
8.765739e+08	3.324598e+03
8.830579e+08	3.324598e+03
8.895899e+08	3.324598e+03
8.961702e+08	3.324598e+03
9.027991e+08	3.324598e+03
9.094771e+08	3.324598e+03
9.162045e+08	3.324598e+03
9.229816e+08	3.324598e+03
9.298089e+08	3.324598e+03
9.366866e+08	3.324598e+03
9.436153e+08	3.324598e+03
9.505952e+08	3.324598e+03
9.576267e+08	3.324598e+03
9.647102e+08	3.324598e+03
9.718462e+08	3.324598e+03
9.790349e+08	3.324598e+03
9.862768e+08	3.324598e+03
9.935722e+08	3.324598e+03
1.000922e+09	3.324598e+03
1.008325e+09	3.324598e+03
1.015784e+09	3.324598e+03
1.023298e+09	3.324598e+03
1.030867e+09	3.324598e+03
1.038492e+09	3.324598e+03
1.046174e+09	3.324598e+03
1.053913e+09	3.324598e+03
1.061708e+09	3.324598e+03
1.069562e+09	3.324598e+03
1.077473e+09	3.324598e+03
1.085443e+09	3.324598e+03
1.093472e+09	3.324598e+03
1.101561e+09	3.324598e+03
1.109709e+09	3.324598e+03
1.117917e+09	3.324598e+03
1.126187e+09	3.324598e+03
1.134517e+09	3.324598e+03
1.142909e+09	3.324598e+03
1.151363e+09	3.324598e+03
1.159880e+09	3.324598e+03
1.168459e+09	3.324598e+03
1.177102e+09	3.324598e+03
1.185809e+09	3.324598e+03
1.194581e+09	3.324598e+03
1.203417e+09	3.324598e+03
1.212318e+09	3.324598e+03
1.221286e+09	3.324598e+03
1.230320e+09	3.324598e+03
1.239420e+09	3.324598e+03
1.248588e+09	3.324598e+03
1.257824e+09	3.324598e+03
1.267128e+09	3.324598e+03
1.276501e+09	3.324598e+03
1.285943e+09	3.324598e+03
1.295455e+09	3.324598e+03
1.305038e+09	3.324598e+03
1.314691e+09	3.324598e+03
1.324416e+09	3.324598e+03
1.334213e+09	3.324598e+03
1.344082e+09	3.324598e+03
1.354024e+09	3.324598e+03
1.364040e+09	3.324598e+03
1.374129e+09	3.324598e+03
1.384294e+09	3.324598e+03
1.394533e+09	3.324598e+03
1.404849e+09	3.324598e+03
1.415240e+09	3.324598e+03
1.425709e+09	3.324598e+03
1.436255e+09	3.324598e+03
1.446879e+09	3.324598e+03
1.457581e+09	3.324598e+03
1.468363e+09	3.324598e+03
1.479224e+09	3.324598e+03
1.490166e+09	3.324598e+03
1.501189e+09	3.324598e+03
1.512293e+09	3.324598e+03
1.523479e+09	3.324598e+03
1.534748e+09	3.324598e+03
1.546101e+09	3.324598e+03
1.557537e+09	3.324598e+03
1.569058e+09	3.324598e+03
1.580665e+09	3.324598e+03
1.592357e+09	3.324598e+03
1.604135e+09	3.324598e+03
1.616001e+09	3.324598e+03
1.627955e+09	3.324598e+03
1.639997e+09	3.324598e+03
1.652128e+09	3.324598e+03
1.664348e+09	3.324598e+03
1.676660e+09	3.324598e+03
1.689062e+09	3.324598e+03
1.701556e+09	3.324598e+03
1.714142e+09	3.324598e+03
1.726822e+09	3.324598e+03
1.739595e+09	3.324598e+03
1.752462e+09	3.324598e+03
1.765425e+09	3.324598e+03
1.778484e+09	3.324598e+03
1.791640e+09	3.324598e+03
1.804892e+09	3.324598e+03
1.818243e+09	3.324598e+03
1.831693e+09	3.324598e+03
1.845241e+09	3.324598e+03
1.858891e+09	3.324598e+03
1.872641e+09	3.324598e+03
1.886493e+09	3.324598e+03
1.900447e+09	3.324598e+03
1.914505e+09	3.324598e+03
1.928666e+09	3.324598e+03
1.942932e+09	3.324598e+03
1.957304e+09	3.324598e+03
1.971782e+09	3.324598e+03
1.986368e+09	3.324598e+03
2.001061e+09	3.324598e+03
2.015862e+09	3.324598e+03
2.030774e+09	3.324598e+03
2.045795e+09	3.324598e+03
2.060928e+09	3.324598e+03
2.076173e+09	3.324598e+03
2.091530e+09	3.324598e+03
2.107001e+09	3.324598e+03
2.122586e+09	3.324598e+03
2.138287e+09	3.324598e+03
2.154104e+09	3.324598e+03
2.170038e+09	3.324598e+03
2.186089e+09	3.324598e+03
2.202260e+09	3.324598e+03
2.218550e+09	3.324598e+03
2.234961e+09	3.324598e+03
2.251492e+09	3.324598e+03
2.268147e+09	3.324598e+03
2.284924e+09	3.324598e+03
2.301826e+09	3.324598e+03
2.318852e+09	3.324598e+03
2.336005e+09	3.324598e+03
2.353284e+09	3.324598e+03
2.370691e+09	3.324598e+03
2.388227e+09	3.324598e+03
2.405893e+09	3.324598e+03
2.423689e+09	3.324598e+03
2.441617e+09	3.324598e+03
2.459678e+09	3.324598e+03
2.477872e+09	3.324598e+03
2.496200e+09	3.324598e+03
2.514665e+09	3.324598e+03
2.533266e+09	3.324598e+03
2.552004e+09	3.324598e+03
2.570881e+09	3.324598e+03
2.589898e+09	3.324598e+03
2.609055e+09	3.324598e+03
2.628354e+09	3.324598e+03
2.647796e+09	3.324598e+03
2.667382e+09	3.324598e+03
2.687113e+09	3.324598e+03
2.706989e+09	3.324598e+03
2.727013e+09	3.324598e+03
2.747184e+09	3.324598e+03
2.767505e+09	3.324598e+03
2.787976e+09	3.324598e+03
2.808599e+09	3.324598e+03
2.829374e+09	3.324598e+03
2.850303e+09	3.324598e+03
2.871386e+09	3.324598e+03
2.892626e+09	3.324598e+03
2.914022e+09	3.324598e+03
2.935577e+09	3.324598e+03
2.957292e+09	3.324598e+03
2.979167e+09	3.324598e+03
3.001204e+09	3.324598e+03
3.023403e+09	3.324598e+03
3.045767e+09	3.324598e+03
3.068297e+09	3.324598e+03
3.090993e+09	3.324598e+03
3.113857e+09	3.324598e+03
3.136890e+09	3.324598e+03
3.160094e+09	3.324598e+03
3.183469e+09	3.324598e+03
3.207017e+09	3.324598e+03
3.230739e+09	3.324598e+03
3.254637e+09	3.324598e+03
3.278711e+09	3.324598e+03
3.302964e+09	3.324598e+03
3.327395e+09	3.324598e+03
3.352008e+09	3.324598e+03
3.376803e+09	3.324598e+03
3.401781e+09	3.324598e+03
3.426944e+09	3.324598e+03
3.452293e+09	3.324598e+03
3.477829e+09	3.324598e+03
3.503555e+09	3.324598e+03
3.529470e+09	3.324598e+03
3.555578e+09	3.324598e+03
3.581878e+09	3.324598e+03
3.608373e+09	3.324598e+03
3.635064e+09	3.324598e+03
3.661953e+09	3.324598e+03
3.689040e+09	3.324598e+03
3.716328e+09	3.324598e+03
3.743817e+09	3.324598e+03
3.771510e+09	3.324598e+03
3.799408e+09	3.324598e+03
3.827512e+09	3.324598e+03
3.855824e+09	3.324598e+03
3.884346e+09	3.324598e+03
3.913078e+09	3.324598e+03
3.942023e+09	3.324598e+03
3.971182e+09	3.324598e+03
4.000557e+09	3.324598e+03
4.030149e+09	3.324598e+03
4.059960e+09	3.324598e+03
4.089991e+09	3.324598e+03
4.120244e+09	3.324598e+03
4.150722e+09	3.324598e+03
4.181425e+09	3.324598e+03
4.212354e+09	3.324598e+03
4.243513e+09	3.324598e+03
4.274902e+09	3.324598e+03
4.306524e+09	3.324598e+03
4.338379e+09	3.324598e+03
4.370470e+09	3.324598e+03
4.402798e+09	3.324598e+03
4.435365e+09	3.324598e+03
4.468173e+09	3.324598e+03
4.501224e+09	3.324598e+03
4.534520e+09	3.324598e+03
4.568062e+09	3.324598e+03
4.601851e+09	3.324598e+03
4.635891e+09	3.324598e+03
4.670183e+09	3.324598e+03
4.704728e+09	3.324598e+03
4.739529e+09	3.324598e+03
4.774587e+09	3.324598e+03
4.809904e+09	3.324598e+03
4.845483e+09	3.324598e+03
4.881325e+09	3.324598e+03
4.917432e+09	3.324598e+03
4.953806e+09	3.324598e+03
4.990449e+09	3.324598e+03
5.027363e+09	3.340339e+03
5.064551e+09	3.341169e+03
5.102013e+09	3.342004e+03
5.139752e+09	3.342845e+03
5.177771e+09	3.343691e+03
5.216071e+09	3.344542e+03
5.254654e+09	3.345399e+03
5.293522e+09	3.346261e+03
5.332678e+09	3.347129e+03
5.372124e+09	3.348003e+03
5.411861e+09	3.348882e+03
5.451893e+09	3.349767e+03
5.492220e+09	3.350657e+03
5.532846e+09	3.351553e+03
5.573772e+09	3.352455e+03
5.615001e+09	3.353362e+03
5.656535e+09	3.354276e+03
5.698377e+09	3.355195e+03
5.740527e+09	3.356120e+03
5.782990e+09	3.357050e+03
5.825766e+09	3.357987e+03
5.868859e+09	3.358930e+03
5.912271e+09	3.359878e+03
5.956004e+09	3.360833e+03
6.000061e+09	3.361794e+03
6.044443e+09	3.362760e+03
6.089153e+09	3.363733e+03
6.134195e+09	3.364712e+03
6.179569e+09	3.365697e+03
6.225279e+09	3.366688e+03
6.271327e+09	3.367686e+03
6.317716e+09	3.368689e+03
6.364448e+09	3.369699e+03
6.411526e+09	3.370716e+03
6.458952e+09	3.371738e+03
6.506728e+09	3.372767e+03
6.554858e+09	3.373803e+03
6.603344e+09	3.374845e+03
6.652189e+09	3.375893e+03
6.701395e+09	3.376948e+03
6.750965e+09	3.378010e+03
6.800902e+09	3.379078e+03
6.851208e+09	3.380152e+03
6.901886e+09	3.381234e+03
6.952939e+09	3.382322e+03
7.004370e+09	3.383417e+03
7.056181e+09	3.384518e+03
7.108375e+09	3.385627e+03
7.160956e+09	3.386742e+03
7.213925e+09	3.387864e+03
7.267286e+09	3.388993e+03
7.321042e+09	3.390129e+03
7.375196e+09	3.391271e+03
7.429750e+09	3.392421e+03
7.484708e+09	3.393578e+03
7.540072e+09	3.394742e+03
7.595845e+09	3.395913e+03
7.652032e+09	3.397091e+03
7.708633e+09	3.398277e+03
7.765654e+09	3.399469e+03
7.823096e+09	3.400669e+03
7.880963e+09	3.401876e+03
7.939259e+09	3.403091e+03
7.997985e+09	3.404312e+03
8.057146e+09	3.405542e+03
8.116745e+09	3.406778e+03
8.176784e+09	3.408022e+03
8.237267e+09	3.409274e+03
8.298198e+09	3.410533e+03
8.359580e+09	3.411800e+03
8.421415e+09	3.413074e+03
8.483708e+09	3.414356e+03
8.546462e+09	3.415646e+03
8.609680e+09	3.416943e+03
8.673365e+09	3.418248e+03
8.737522e+09	3.419561e+03
8.802153e+09	3.420882e+03
8.867262e+09	3.422211e+03
8.932853e+09	3.423547e+03
8.998929e+09	3.424892e+03
9.065494e+09	3.426244e+03
9.132551e+09	3.427605e+03
9.200104e+09	3.428973e+03
9.268157e+09	3.430350e+03
9.336714e+09	3.431735e+03
9.405777e+09	3.433128e+03
9.475351e+09	3.434529e+03
9.545440e+09	3.435938e+03
9.616047e+09	3.437356e+03
9.687177e+09	3.438782e+03
9.758833e+09	3.440216e+03
9.831019e+09	3.441659e+03
9.903738e+09	3.443110e+03
9.976996e+09	3.444570e+03
1.005080e+10	3.446038e+03
1.012514e+10	3.447515e+03
1.020004e+10	3.449000e+03
1.027549e+10	3.450494e+03
1.035149e+10	3.451997e+03
1.042806e+10	3.453508e+03
1.050520e+10	3.455028e+03
1.058291e+10	3.456557e+03
1.066119e+10	3.458094e+03
1.074005e+10	3.459641e+03
1.081949e+10	3.461196e+03
1.089952e+10	3.462761e+03
1.098015e+10	3.464334e+03
1.106137e+10	3.465916e+03
1.114319e+10	3.467508e+03
1.122561e+10	3.469108e+03
1.130865e+10	3.470718e+03
1.139230e+10	3.472337e+03
1.147657e+10	3.473965e+03
1.156146e+10	3.475602e+03
1.164698e+10	3.477248e+03
1.173313e+10	3.478904e+03
1.181992e+10	3.480570e+03
1.190735e+10	3.482244e+03
1.199543e+10	3.483928e+03
1.208416e+10	3.485622e+03
1.217355e+10	3.487325e+03
1.226359e+10	3.489038e+03
1.235431e+10	3.490760e+03
1.244569e+10	3.492492e+03
1.253775e+10	3.494234e+03
1.263049e+10	3.495985e+03
1.272392e+10	3.497746e+03
1.281804e+10	3.499517e+03
1.291285e+10	3.501298e+03
1.300837e+10	3.503089e+03
1.310459e+10	3.504889e+03
1.320153e+10	3.506700e+03
1.329918e+10	3.508520e+03
1.339755e+10	3.510351e+03
1.349665e+10	3.512192e+03
1.359649e+10	3.514043e+03
1.369706e+10	3.515904e+03
1.379838e+10	3.517775e+03
1.390044e+10	3.519656e+03
1.400326e+10	3.521548e+03
1.410684e+10	3.523450e+03
1.421119e+10	3.525363e+03
1.431631e+10	3.527286e+03
1.442221e+10	3.529219e+03
1.452889e+10	3.531163e+03
1.463636e+10	3.533117e+03
1.474462e+10	3.535082e+03
1.485369e+10	3.537058e+03
1.496356e+10	3.539044e+03
1.507425e+10	3.541041e+03
1.518575e+10	3.543049e+03
1.529808e+10	3.545067e+03
1.541124e+10	3.547096e+03
1.552524e+10	3.549137e+03
1.564008e+10	3.551188e+03
1.575576e+10	3.553250e+03
1.587231e+10	3.555323e+03
1.598972e+10	3.557407e+03
1.610799e+10	3.559502e+03
1.622714e+10	3.561608e+03
1.634717e+10	3.563725e+03
1.646809e+10	3.565854e+03
1.658991e+10	3.567993e+03
1.671262e+10	3.570144e+03
1.683625e+10	3.572307e+03
1.696078e+10	3.574480e+03
1.708624e+10	3.576665e+03
1.721263e+10	3.578862e+03
1.733995e+10	3.581070e+03
1.746821e+10	3.583289e+03
1.759742e+10	3.585521e+03
1.772759e+10	3.587763e+03
1.785872e+10	3.590017e+03
1.799082e+10	3.592283e+03
1.812390e+10	3.594561e+03
1.825796e+10	3.596851e+03
1.839302e+10	3.599152e+03
1.852907e+10	3.601465e+03
1.866613e+10	3.603790e+03
1.880420e+10	3.606127e+03
1.894329e+10	3.608476e+03
1.908342e+10	3.610837e+03
1.922458e+10	3.613210e+03
1.936678e+10	3.615595e+03
1.951004e+10	3.617992e+03
1.965435e+10	3.620401e+03
1.979973e+10	3.622823e+03
1.994619e+10	3.625257e+03
2.009373e+10	3.627703e+03
2.024237e+10	3.630161e+03
2.039210e+10	3.632632e+03
2.054294e+10	3.635116e+03
2.069489e+10	3.637611e+03
2.084797e+10	3.640120e+03
2.100218e+10	3.642640e+03
2.115754e+10	3.645174e+03
2.131404e+10	3.647720e+03
2.147170e+10	3.650278e+03
2.163052e+10	3.652850e+03
2.179052e+10	3.655434e+03
2.195171e+10	3.658031e+03
2.211408e+10	3.660640e+03
2.227766e+10	3.663263e+03
2.244245e+10	3.665899e+03
2.260845e+10	3.668547e+03
2.277569e+10	3.671208e+03
2.294416e+10	3.673883e+03
2.311388e+10	3.676570e+03
2.328485e+10	3.679271e+03
2.345709e+10	3.681985e+03
2.363060e+10	3.684712e+03
2.380539e+10	3.687452e+03
2.398148e+10	3.690206e+03
2.415887e+10	3.692973e+03
2.433757e+10	3.695753e+03
2.451760e+10	3.698547e+03
2.469895e+10	3.701354e+03
2.488165e+10	3.704174e+03
2.506570e+10	3.707008e+03
2.525111e+10	3.709856e+03
2.543789e+10	3.712717e+03
2.562605e+10	3.715592e+03
2.581561e+10	3.718481e+03
2.600657e+10	3.721383e+03
2.619894e+10	3.724299e+03
2.639273e+10	3.727229e+03
2.658796e+10	3.730173e+03
2.678463e+10	3.733130e+03
2.698275e+10	3.736102e+03
2.718234e+10	3.739087e+03
2.738341e+10	3.742087e+03
2.758596e+10	3.745100e+03
2.779001e+10	3.748128e+03
2.799558e+10	3.751170e+03
2.820266e+10	3.754226e+03
2.841127e+10	3.757296e+03
2.862143e+10	3.760380e+03
2.883314e+10	3.763479e+03
2.904642e+10	3.766592e+03
2.926128e+10	3.769719e+03
2.947772e+10	3.772861e+03
2.969577e+10	3.776017e+03
2.991543e+10	3.779188e+03
3.013671e+10	3.782373e+03
3.035963e+10	3.785573e+03
3.058420e+10	3.788787e+03
3.081043e+10	3.792017e+03
3.103833e+10	3.795260e+03
3.126792e+10	3.798519e+03
3.149921e+10	3.801792e+03
3.173221e+10	3.805080e+03
3.196693e+10	3.808383e+03
3.220339e+10	3.811701e+03
3.244160e+10	3.815034e+03
3.268157e+10	3.818381e+03
3.292331e+10	3.821744e+03
3.316684e+10	3.825122e+03
3.341218e+10	3.828515e+03
3.365933e+10	3.831923e+03
3.390830e+10	3.835346e+03
3.415912e+10	3.838784e+03
3.441180e+10	3.842238e+03
3.466634e+10	3.845707e+03
3.492277e+10	3.849191e+03
3.518109e+10	3.852691e+03
3.544132e+10	3.856206e+03
3.570348e+10	3.859736e+03
3.596758e+10	3.863282e+03
3.623363e+10	3.866843e+03
3.650165e+10	3.870420e+03
3.677165e+10	3.874013e+03
3.704365e+10	3.877621e+03
3.731766e+10	3.881245e+03
3.759370e+10	3.884885e+03
3.787178e+10	3.888540e+03
3.815191e+10	3.892211e+03
3.843412e+10	3.895898e+03
3.871842e+10	3.899601e+03
3.900482e+10	3.903320e+03
3.929333e+10	3.907054e+03
3.958398e+10	3.910805e+03
3.987679e+10	3.914572e+03
4.017175e+10	3.918355e+03
4.046890e+10	3.922154e+03
4.076825e+10	3.925969e+03
4.106981e+10	3.929800e+03
4.137360e+10	3.933648e+03
4.167964e+10	3.937511e+03
4.198795e+10	3.941391e+03
4.229853e+10	3.945288e+03
4.261141e+10	3.949201e+03
4.292661e+10	3.953130e+03
4.324413e+10	3.957075e+03
4.356401e+10	3.961038e+03
4.388625e+10	3.965016e+03
4.421087e+10	3.969012e+03
4.453790e+10	3.973023e+03
4.486735e+10	3.977052e+03
4.519923e+10	3.981097e+03
4.553357e+10	3.985159e+03
4.587038e+10	3.989238e+03
4.620968e+10	3.993333e+03
4.655149e+10	3.997446e+03
4.689583e+10	4.001575e+03
4.724272e+10	4.005721e+03
4.759217e+10	4.009884e+03
4.794421e+10	4.014064e+03
4.829885e+10	4.018262e+03
4.865611e+10	4.022476e+03
4.901602e+10	4.026707e+03
4.937859e+10	4.030956e+03
4.974384e+10	4.035221e+03
5.011180e+10	4.039504e+03
5.048247e+10	4.043805e+03
5.085589e+10	4.048122e+03
5.123207e+10	4.052457e+03
5.161103e+10	4.056809e+03
5.199280e+10	4.061179e+03
5.237739e+10	4.065566e+03
5.276482e+10	4.069971e+03
5.315512e+10	4.074393e+03
5.354831e+10	4.078832e+03
5.394440e+10	4.083290e+03
5.434343e+10	4.087765e+03
5.474540e+10	4.092258e+03
5.515035e+10	4.096768e+03
5.555830e+10	4.101296e+03
5.596926e+10	4.105842e+03
5.638327e+10	4.110406e+03
5.680033e+10	4.114988e+03
5.722048e+10	4.119587e+03
5.764374e+10	4.124205e+03
5.807013e+10	4.128841e+03
5.849967e+10	4.133494e+03
5.893239e+10	4.138166e+03
5.936831e+10	4.142856e+03
5.980746e+10	4.147564e+03
6.024985e+10	4.152290e+03
6.069552e+10	4.157034e+03
6.114448e+10	4.161797e+03
6.159677e+10	4.166578e+03
6.205240e+10	4.171378e+03
6.251140e+10	4.176195e+03
6.297379e+10	4.181031e+03
6.343961e+10	4.185886e+03
6.390887e+10	4.190759e+03
6.438160e+10	4.195651e+03
6.485783e+10	4.200561e+03
6.533758e+10	4.205490e+03
6.582088e+10	4.210437e+03
6.630775e+10	4.215403e+03
6.679823e+10	4.220388e+03
6.729233e+10	4.225392e+03
6.779009e+10	4.230414e+03
6.829153e+10	4.235456e+03
6.879669e+10	4.240516e+03
6.930557e+10	4.245595e+03
6.981822e+10	4.250693e+03
7.033467e+10	4.255810e+03
7.085493e+10	4.260946e+03
7.137904e+10	4.266102e+03
7.190703e+10	4.271276e+03
7.243892e+10	4.276469e+03
7.297475e+10	4.281682e+03
7.351455e+10	4.286914e+03
7.405833e+10	4.292165e+03
7.460614e+10	4.297436e+03
7.515800e+10	4.302725e+03
7.571394e+10	4.308035e+03
7.627399e+10	4.313363e+03
7.683819e+10	4.318711e+03
7.740656e+10	4.324079e+03
7.797913e+10	4.329466e+03
7.855594e+10	4.334873e+03
7.913702e+10	4.340299e+03
7.972239e+10	4.345745e+03
8.031210e+10	4.351211e+03
8.090616e+10	4.356697e+03
8.150462e+10	4.362202e+03
8.210751e+10	4.367727e+03
8.271486e+10	4.373272e+03
8.332670e+10	4.378837e+03
8.394306e+10	4.384421e+03
8.456398e+10	4.390026e+03
8.518950e+10	4.395651e+03
8.581965e+10	4.401296e+03
8.645445e+10	4.406961e+03
8.709395e+10	4.412646e+03
8.773818e+10	4.418351e+03
8.838718e+10	4.424076e+03
8.904098e+10	4.429822e+03
8.969961e+10	4.435588e+03
9.036312e+10	4.441374e+03
9.103153e+10	4.447181e+03
9.170489e+10	4.453008e+03
9.238322e+10	4.458855e+03
9.306658e+10	4.464723e+03
9.375499e+10	4.470612e+03
9.444849e+10	4.476521e+03
9.514713e+10	4.482451e+03
9.585093e+10	4.488401e+03
9.655993e+10	4.494372e+03
9.727418e+10	4.500364e+03
9.799372e+10	4.506376e+03
9.871858e+10	4.512410e+03
9.944879e+10	4.518464e+03
1.001844e+11	4.524539e+03
1.009255e+11	4.530635e+03
1.016720e+11	4.536752e+03
1.024241e+11	4.542890e+03
1.031817e+11	4.549049e+03
1.039449e+11	4.555229e+03
1.047138e+11	4.561430e+03
1.054884e+11	4.567653e+03
1.062687e+11	4.573897e+03
1.070547e+11	4.580162e+03
1.078466e+11	4.586448e+03
1.086444e+11	4.592755e+03
1.094480e+11	4.599084e+03
1.102576e+11	4.605435e+03
1.110732e+11	4.611807e+03
1.118948e+11	4.618200e+03
1.127224e+11	4.624615e+03
1.135562e+11	4.631051e+03
1.143962e+11	4.637510e+03
1.152424e+11	4.643989e+03
1.160949e+11	4.650491e+03
1.169536e+11	4.657014e+03
1.178187e+11	4.663559e+03
1.186902e+11	4.670126e+03
1.195682e+11	4.676715e+03
1.204526e+11	4.683325e+03
1.213436e+11	4.689958e+03
1.222412e+11	4.696613e+03
1.231454e+11	4.703290e+03
1.240563e+11	4.709988e+03
1.249739e+11	4.716709e+03
1.258983e+11	4.723452e+03
1.268296e+11	4.730218e+03
1.277678e+11	4.737005e+03
1.287129e+11	4.743815e+03
1.296649e+11	4.750647e+03
1.306241e+11	4.757502e+03
1.315903e+11	4.764379e+03
1.325637e+11	4.771279e+03
1.335442e+11	4.778201e+03
1.345321e+11	4.785145e+03
1.355272e+11	4.792112e+03
1.365297e+11	4.799102e+03
1.375396e+11	4.806115e+03
1.385570e+11	4.813150e+03
1.395819e+11	4.820208e+03
1.406143e+11	4.827289e+03
1.416545e+11	4.834393e+03
1.427023e+11	4.841519e+03
1.437578e+11	4.848669e+03
1.448212e+11	4.855842e+03
1.458924e+11	4.863037e+03
1.469716e+11	4.870256e+03
1.480588e+11	4.877498e+03
1.491539e+11	4.884763e+03
1.502572e+11	4.892051e+03
1.513687e+11	4.899363e+03
1.524883e+11	4.906697e+03
1.536163e+11	4.914055e+03
1.547526e+11	4.921437e+03
1.558973e+11	4.928842e+03
1.570505e+11	4.936271e+03
1.582122e+11	4.943723e+03
1.593824e+11	4.951198e+03
1.605614e+11	4.958697e+03
1.617491e+11	4.966220e+03
1.629455e+11	4.973767e+03
1.641508e+11	4.981337e+03
1.653650e+11	4.988931e+03
1.665882e+11	4.996549e+03
1.678205e+11	5.004191e+03
1.690618e+11	5.011857e+03
1.703124e+11	5.019547e+03
1.715722e+11	5.027261e+03
1.728413e+11	5.034999e+03
1.741198e+11	5.042761e+03
1.754078e+11	5.050547e+03
1.767052e+11	5.058358e+03
1.780123e+11	5.066193e+03
1.793291e+11	5.074052e+03
1.806556e+11	5.081935e+03
1.819919e+11	5.089843e+03
1.833381e+11	5.097775e+03
1.846942e+11	5.105732e+03
1.860604e+11	5.113713e+03
1.874367e+11	5.121719e+03
1.888231e+11	5.129750e+03
1.902199e+11	5.137805e+03
1.916269e+11	5.145885e+03
1.930444e+11	5.153990e+03
1.944723e+11	5.162120e+03
1.959108e+11	5.170274e+03
1.973600e+11	5.178454e+03
1.988198e+11	5.186658e+03
2.002905e+11	5.194888e+03
2.017720e+11	5.203143e+03
2.032645e+11	5.211422e+03
2.047681e+11	5.219727e+03
2.062827e+11	5.228057e+03
2.078086e+11	5.236413e+03
2.093458e+11	5.244794e+03
2.108943e+11	5.253200e+03
2.124543e+11	5.261631e+03
2.140258e+11	5.270088e+03
2.156089e+11	5.278571e+03
2.172038e+11	5.287079e+03
2.188104e+11	5.295613e+03
2.204290e+11	5.304172e+03
2.220595e+11	5.312757e+03
2.237020e+11	5.321368e+03
2.253568e+11	5.330005e+03
2.270237e+11	5.338668e+03
2.287030e+11	5.347356e+03
2.303947e+11	5.356071e+03
2.320989e+11	5.364812e+03
2.338158e+11	5.373578e+03
2.355453e+11	5.382371e+03
2.372876e+11	5.391190e+03
2.390428e+11	5.400035e+03
2.408110e+11	5.408907e+03
2.425923e+11	5.417805e+03
2.443867e+11	5.426729e+03
2.461944e+11	5.435680e+03
2.480155e+11	5.444657e+03
2.498501e+11	5.453661e+03
2.516982e+11	5.462691e+03
2.535600e+11	5.471748e+03
2.554356e+11	5.480832e+03
2.573251e+11	5.489942e+03
2.592285e+11	5.499080e+03
2.611460e+11	5.508244e+03
2.630777e+11	5.517435e+03
2.650237e+11	5.526653e+03
2.669840e+11	5.535898e+03
2.689589e+11	5.545170e+03
2.709484e+11	5.554470e+03
2.729526e+11	5.563796e+03
2.749716e+11	5.573150e+03
2.770056e+11	5.582531e+03
2.790546e+11	5.591940e+03
2.811187e+11	5.601376e+03
2.831982e+11	5.610839e+03
2.852930e+11	5.620330e+03
2.874033e+11	5.629848e+03
2.895292e+11	5.639394e+03
2.916708e+11	5.648968e+03
2.938283e+11	5.658569e+03
2.960017e+11	5.668199e+03
2.981913e+11	5.677856e+03
3.003970e+11	5.687541e+03
3.026190e+11	5.697254e+03
3.048575e+11	5.706995e+03
3.071125e+11	5.716764e+03
3.093842e+11	5.726561e+03
3.116727e+11	5.736387e+03
3.139781e+11	5.746241e+03
3.163006e+11	5.756123e+03
3.186403e+11	5.766033e+03
3.209972e+11	5.775972e+03
3.233716e+11	5.785939e+03
3.257636e+11	5.795935e+03
3.281733e+11	5.805959e+03
3.306008e+11	5.816012e+03
3.330462e+11	5.826094e+03
3.355097e+11	5.836205e+03
3.379915e+11	5.846344e+03
3.404916e+11	5.856512e+03
3.430102e+11	5.866710e+03
3.455475e+11	5.876936e+03
3.481035e+11	5.887191e+03
3.506784e+11	5.897476e+03
3.532723e+11	5.907789e+03
3.558855e+11	5.918132e+03
3.585179e+11	5.928504e+03
3.611699e+11	5.938906e+03
3.638415e+11	5.949337e+03
3.665328e+11	5.959797e+03
3.692440e+11	5.970287e+03
3.719753e+11	5.980807e+03
3.747268e+11	5.991356e+03
3.774986e+11	6.001935e+03
3.802910e+11	6.012544e+03
3.831040e+11	6.023182e+03
3.859378e+11	6.033851e+03
3.887926e+11	6.044549e+03
3.916684e+11	6.055278e+03
3.945656e+11	6.066036e+03
3.974842e+11	6.076825e+03
4.004244e+11	6.087644e+03
4.033863e+11	6.098494e+03
4.063701e+11	6.109373e+03
4.093760e+11	6.120283e+03
4.124042e+11	6.131224e+03
4.154547e+11	6.142195e+03
4.185278e+11	6.153197e+03
4.216237e+11	6.164229e+03
4.247424e+11	6.175292e+03
4.278842e+11	6.186386e+03
4.310493e+11	6.197511e+03
4.342377e+11	6.208666e+03
4.374498e+11	6.219853e+03
4.406856e+11	6.231071e+03
4.439453e+11	6.242320e+03
4.472292e+11	6.253600e+03
4.505373e+11	6.264911e+03
4.538699e+11	6.276253e+03
4.572272e+11	6.287627e+03
4.606093e+11	6.299033e+03
4.640164e+11	6.310469e+03
4.674487e+11	6.321938e+03
4.709064e+11	6.333438e+03
4.743897e+11	6.344970e+03
4.778987e+11	6.356533e+03
4.814337e+11	6.368129e+03
4.849949e+11	6.379756e+03
4.885824e+11	6.391415e+03
4.921964e+11	6.403107e+03
4.958372e+11	6.414830e+03
4.995048e+11	6.426586e+03
5.031997e+11	6.438374e+03
5.069218e+11	6.450194e+03
5.106715e+11	6.462046e+03
5.144489e+11	6.473932e+03
5.182543e+11	6.485849e+03
5.220878e+11	6.497799e+03
5.259497e+11	6.512625e+03
5.298401e+11	6.530068e+03
5.337593e+11	6.547572e+03
5.377075e+11	6.565137e+03
5.416849e+11	6.582764e+03
5.456918e+11	6.600453e+03
5.497282e+11	6.618204e+03
5.537945e+11	6.636017e+03
5.578909e+11	6.653893e+03
5.620176e+11	6.671831e+03
5.661749e+11	6.689833e+03
5.703628e+11	6.707897e+03
5.745818e+11	6.726025e+03
5.788320e+11	6.744216e+03
5.831136e+11	6.762470e+03
5.874268e+11	6.780789e+03
5.917720e+11	6.799172e+03
5.961493e+11	6.817619e+03
6.005590e+11	6.836130e+03
6.050014e+11	6.854706e+03
6.094765e+11	6.873347e+03
6.139848e+11	6.892053e+03
6.185264e+11	6.910824e+03
6.231017e+11	6.929661e+03
6.277107e+11	6.948564e+03
6.323539e+11	6.967532e+03
6.370314e+11	6.986567e+03
6.417435e+11	7.005668e+03
6.464904e+11	7.024835e+03
6.512725e+11	7.044070e+03
6.560900e+11	7.063371e+03
6.609430e+11	7.082739e+03
6.658320e+11	7.102175e+03
6.707572e+11	7.121678e+03
6.757187e+11	7.141249e+03
6.807170e+11	7.160888e+03
6.857522e+11	7.180596e+03
6.908247e+11	7.200372e+03
6.959347e+11	7.220216e+03
7.010825e+11	7.240129e+03
7.062684e+11	7.260112e+03
7.114927e+11	7.280164e+03
7.167556e+11	7.300285e+03
7.220574e+11	7.320476e+03
7.273984e+11	7.340737e+03
7.327790e+11	7.361068e+03
7.381993e+11	7.381470e+03
7.436597e+11	7.401942e+03
7.491606e+11	7.422485e+03
7.547021e+11	7.443099e+03
7.602846e+11	7.463784e+03
7.659084e+11	7.484541e+03
7.715738e+11	7.505370e+03
7.772811e+11	7.526270e+03
7.830306e+11	7.547243e+03
7.888227e+11	7.568288e+03
7.946576e+11	7.589406e+03
8.005356e+11	7.610597e+03
8.064572e+11	7.631861e+03
8.124225e+11	7.653198e+03
8.184320e+11	7.674609e+03
8.244859e+11	7.696093e+03
8.305846e+11	7.717652e+03
8.367284e+11	7.739284e+03
8.429177e+11	7.760992e+03
8.491527e+11	7.782774e+03
8.554339e+11	7.804630e+03
8.617615e+11	7.826563e+03
8.681359e+11	7.848570e+03
8.745575e+11	7.870653e+03
8.810266e+11	7.892812e+03
8.875435e+11	7.915047e+03
8.941086e+11	7.937359e+03
9.007223e+11	7.959747e+03
9.073849e+11	7.982212e+03
9.140968e+11	8.004754e+03
9.208584e+11	8.027374e+03
9.276699e+11	8.050071e+03
9.345319e+11	8.072845e+03
9.414446e+11	8.095698e+03
9.484084e+11	8.118629e+03
9.554238e+11	8.141639e+03
9.624910e+11	8.164728e+03
9.696105e+11	8.187895e+03
9.767827e+11	8.211142e+03
9.840079e+11	8.234468e+03
9.912866e+11	8.257874e+03
9.986191e+11	8.281361e+03
1.006006e+12	8.304927e+03
1.013447e+12	8.328574e+03
1.020944e+12	8.352302e+03
1.028496e+12	8.376111e+03
1.036103e+12	8.400001e+03
1.043767e+12	8.423973e+03
1.051488e+12	8.448026e+03
1.059266e+12	8.472162e+03
1.067101e+12	8.496380e+03
1.074995e+12	8.520680e+03
1.082946e+12	8.545064e+03
1.090957e+12	8.569530e+03
1.099027e+12	8.594080e+03
1.107156e+12	8.618713e+03
1.115346e+12	8.643431e+03
1.123596e+12	8.668232e+03
1.131907e+12	8.693118e+03
1.140280e+12	8.718089e+03
1.148714e+12	8.743144e+03
1.157211e+12	8.768285e+03
1.165771e+12	8.793511e+03
1.174394e+12	8.818823e+03
1.183081e+12	8.844221e+03
1.191833e+12	8.869706e+03
1.200649e+12	8.895277e+03
1.209530e+12	8.920935e+03
1.218477e+12	8.946679e+03
1.227490e+12	8.972512e+03
1.236569e+12	8.998432e+03
1.245716e+12	9.024440e+03
1.254931e+12	9.050536e+03
1.264213e+12	9.076721e+03
1.273565e+12	9.102994e+03
1.282985e+12	9.129357e+03
1.292475e+12	9.155809e+03
1.302036e+12	9.182350e+03
1.311667e+12	9.208982e+03
1.321369e+12	9.235703e+03
1.331143e+12	9.262516e+03
1.340990e+12	9.289419e+03
1.350909e+12	9.316413e+03
1.360902e+12	9.343498e+03
1.370968e+12	9.370675e+03
1.381109e+12	9.397944e+03
1.391325e+12	9.425306e+03
1.401617e+12	9.452759e+03
1.411985e+12	9.480306e+03
1.422429e+12	9.507946e+03
1.432951e+12	9.535679e+03
1.443550e+12	9.563506e+03
1.454228e+12	9.591427e+03
1.464985e+12	9.619442e+03
1.475821e+12	9.647552e+03
1.486738e+12	9.675757e+03
1.497735e+12	9.704057e+03
1.508814e+12	9.732453e+03
1.519975e+12	9.760944e+03
1.531218e+12	9.789532e+03
1.542544e+12	9.818216e+03
1.553954e+12	9.846997e+03
1.565449e+12	9.875875e+03
1.577029e+12	9.904850e+03
1.588694e+12	9.933923e+03
1.600445e+12	9.963095e+03
1.612284e+12	9.992364e+03
1.624210e+12	1.002173e+04
1.636224e+12	1.005120e+04
1.648327e+12	1.008077e+04
1.660520e+12	1.011043e+04
1.672803e+12	1.014020e+04
1.685176e+12	1.017006e+04
1.697641e+12	1.020003e+04
1.710199e+12	1.023010e+04
1.722849e+12	1.026027e+04
1.735593e+12	1.029054e+04
1.748431e+12	1.032091e+04
1.761364e+12	1.035139e+04
1.774393e+12	1.038196e+04
1.787518e+12	1.041265e+04
1.800740e+12	1.044343e+04
1.814060e+12	1.047432e+04
1.827479e+12	1.050531e+04
1.840997e+12	1.053640e+04
1.854614e+12	1.056760e+04
1.868333e+12	1.059891e+04
1.882153e+12	1.063032e+04
1.896075e+12	1.066184e+04
1.910100e+12	1.069346e+04
1.924229e+12	1.072519e+04
1.938463e+12	1.075702e+04
1.952802e+12	1.078896e+04
1.967246e+12	1.082101e+04
1.981798e+12	1.085317e+04
1.996457e+12	1.088544e+04
2.011225e+12	1.091781e+04
2.026102e+12	1.095030e+04
2.041089e+12	1.098289e+04
2.056187e+12	1.101559e+04
2.071397e+12	1.104840e+04
2.086719e+12	1.108132e+04
2.102154e+12	1.111436e+04
2.117704e+12	1.114750e+04
2.133368e+12	1.118076e+04
2.149149e+12	1.121412e+04
2.165046e+12	1.124760e+04
2.181061e+12	1.128120e+04
2.197194e+12	1.131490e+04
2.213446e+12	1.134872e+04
2.229819e+12	1.138265e+04
2.246313e+12	1.141670e+04
2.262929e+12	1.145086e+04
2.279668e+12	1.148513e+04
2.296530e+12	1.151952e+04
2.313518e+12	1.155403e+04
2.330631e+12	1.158865e+04
2.347870e+12	1.162339e+04
2.365238e+12	1.165825e+04
2.382733e+12	1.169322e+04
2.400358e+12	1.172831e+04
2.418114e+12	1.176352e+04
2.436000e+12	1.179885e+04
2.454019e+12	1.183429e+04
2.472172e+12	1.186986e+04
2.490458e+12	1.190554e+04
2.508880e+12	1.194135e+04
2.527438e+12	1.197727e+04
2.546134e+12	1.201332e+04
2.564967e+12	1.204949e+04
2.583940e+12	1.208577e+04
2.603054e+12	1.212219e+04
2.622308e+12	1.215872e+04
2.641705e+12	1.219538e+04
2.661246e+12	1.223216e+04
2.680931e+12	1.226906e+04
2.700762e+12	1.230609e+04
2.720739e+12	1.234324e+04
2.740865e+12	1.238052e+04
2.761139e+12	1.241793e+04
2.781563e+12	1.245546e+04
2.802138e+12	1.249311e+04
2.822865e+12	1.253090e+04
2.843746e+12	1.256881e+04
2.864781e+12	1.260685e+04
2.885972e+12	1.264501e+04
2.907319e+12	1.268331e+04
2.928824e+12	1.272173e+04
2.950489e+12	1.276029e+04
2.972314e+12	1.279897e+04
2.994300e+12	1.283779e+04
3.016448e+12	1.287673e+04
3.038761e+12	1.291581e+04
3.061239e+12	1.295502e+04
3.083882e+12	1.299436e+04
3.106694e+12	1.303384e+04
3.129674e+12	1.307345e+04
3.152824e+12	1.311319e+04
3.176145e+12	1.315307e+04
3.199639e+12	1.319308e+04
3.223307e+12	1.323322e+04
3.247150e+12	1.327351e+04
3.271169e+12	1.331392e+04
3.295365e+12	1.335448e+04
3.319741e+12	1.339517e+04
3.344297e+12	1.343600e+04
3.369035e+12	1.347697e+04
3.393955e+12	1.351808e+04
3.419060e+12	1.355933e+04
3.444351e+12	1.360071e+04
3.469829e+12	1.364224e+04
3.495495e+12	1.368391e+04
3.521351e+12	1.372571e+04
3.547399e+12	1.376766e+04
3.573639e+12	1.380976e+04
3.600073e+12	1.385199e+04
3.626702e+12	1.389437e+04
3.653529e+12	1.393690e+04
3.680554e+12	1.397956e+04
3.707779e+12	1.402237e+04
3.735205e+12	1.406533e+04
3.762834e+12	1.410844e+04
3.790668e+12	1.415169e+04
3.818707e+12	1.419508e+04
3.846954e+12	1.423863e+04
3.875410e+12	1.428232e+04
3.904076e+12	1.432616e+04
3.932955e+12	1.437016e+04
3.962047e+12	1.441430e+04
3.991354e+12	1.445859e+04
4.020878e+12	1.450303e+04
4.050620e+12	1.454763e+04
4.080582e+12	1.459237e+04
4.110766e+12	1.463727e+04
4.141173e+12	1.468232e+04
4.171806e+12	1.472753e+04
4.202664e+12	1.477289e+04
4.233751e+12	1.481840e+04
4.265068e+12	1.486408e+04
4.296617e+12	1.490990e+04
4.328399e+12	1.495589e+04
4.360416e+12	1.500203e+04
4.392670e+12	1.504833e+04
4.425162e+12	1.509478e+04
4.457895e+12	1.514140e+04
4.490870e+12	1.518818e+04
4.524089e+12	1.523511e+04
4.557553e+12	1.528221e+04
4.591265e+12	1.532947e+04
4.625227e+12	1.537689e+04
4.659439e+12	1.542448e+04
4.693905e+12	1.547223e+04
4.728626e+12	1.552014e+04
4.763603e+12	1.556821e+04
4.798840e+12	1.561646e+04
4.834336e+12	1.566487e+04
4.870096e+12	1.571344e+04
4.906120e+12	1.576218e+04
4.942410e+12	1.581109e+04
4.978969e+12	1.586017e+04
5.015798e+12	1.590942e+04
5.052900e+12	1.595884e+04
5.090276e+12	1.600842e+04
5.127929e+12	1.605818e+04
5.165860e+12	1.610811e+04
5.204072e+12	1.615822e+04
5.242566e+12	1.620849e+04
5.281345e+12	1.625894e+04
5.320411e+12	1.630957e+04
5.359766e+12	1.636037e+04
5.399412e+12	1.641135e+04
5.439351e+12	1.646250e+04
5.479586e+12	1.651383e+04
5.520118e+12	1.656534e+04
5.560951e+12	1.661702e+04
5.602085e+12	1.666889e+04
5.643523e+12	1.672094e+04
5.685268e+12	1.677316e+04
5.727322e+12	1.682557e+04
5.769687e+12	1.687816e+04
5.812365e+12	1.693094e+04
5.855359e+12	1.698390e+04
5.898671e+12	1.703704e+04
5.942303e+12	1.709037e+04
5.986258e+12	1.714388e+04
6.030538e+12	1.719758e+04
6.075146e+12	1.725147e+04
6.120084e+12	1.730554e+04
6.165354e+12	1.735981e+04
6.210959e+12	1.741426e+04
6.256901e+12	1.746891e+04
6.303183e+12	1.752374e+04
6.349807e+12	1.757877e+04
6.396777e+12	1.763399e+04
6.444093e+12	1.768940e+04
6.491760e+12	1.774501e+04
6.539780e+12	1.780081e+04
6.588154e+12	1.785681e+04
6.636887e+12	1.791301e+04
6.685979e+12	1.796940e+04
6.735435e+12	1.802599e+04
6.785257e+12	1.808278e+04
6.835448e+12	1.813977e+04
6.886009e+12	1.819696e+04
6.936945e+12	1.825436e+04
6.988257e+12	1.831195e+04
7.039949e+12	1.836975e+04
7.092023e+12	1.842775e+04
7.144483e+12	1.848596e+04
7.197330e+12	1.854437e+04
7.250569e+12	1.860299e+04
7.304201e+12	1.866181e+04
7.358230e+12	1.872085e+04
7.412659e+12	1.878009e+04
7.467490e+12	1.883954e+04
7.522727e+12	1.889920e+04
7.578372e+12	1.895908e+04
7.634429e+12	1.901916e+04
7.690901e+12	1.907946e+04
7.747790e+12	1.913998e+04
7.805100e+12	1.920071e+04
7.862834e+12	1.926165e+04
7.920995e+12	1.932282e+04
7.979587e+12	1.938420e+04
8.038611e+12	1.944579e+04
8.098073e+12	1.950761e+04
8.157974e+12	1.956965e+04
8.218318e+12	1.963191e+04
8.279109e+12	1.969439e+04
8.340349e+12	1.975710e+04
8.402043e+12	1.982003e+04
8.464192e+12	1.988318e+04
8.526802e+12	1.994656e+04
8.589874e+12	2.001017e+04
8.653413e+12	2.007400e+04
8.717422e+12	2.013806e+04
8.781905e+12	2.020236e+04
8.846864e+12	2.026688e+04
8.912304e+12	2.033164e+04
8.978228e+12	2.039662e+04
9.044640e+12	2.046185e+04
9.111543e+12	2.052730e+04
9.178941e+12	2.059299e+04
9.246837e+12	2.065892e+04
9.315235e+12	2.072509e+04
9.384140e+12	2.079149e+04
9.453554e+12	2.085813e+04
9.523482e+12	2.092502e+04
9.593927e+12	2.099214e+04
9.664893e+12	2.105951e+04
9.736384e+12	2.112712e+04
9.808403e+12	2.119498e+04
9.880956e+12	2.126308e+04
9.954045e+12	2.133143e+04
1.002767e+13	2.140002e+04
1.010185e+13	2.146887e+04
1.017657e+13	2.153796e+04
1.025185e+13	2.160731e+04
1.032768e+13	2.167690e+04
1.040407e+13	2.174675e+04
1.048103e+13	2.181685e+04
1.055856e+13	2.188721e+04
1.063666e+13	2.195783e+04
1.071534e+13	2.202870e+04
1.079460e+13	2.209983e+04
1.087445e+13	2.217122e+04
1.095489e+13	2.224287e+04
1.103592e+13	2.231478e+04
1.111755e+13	2.238695e+04
1.119979e+13	2.245939e+04
1.128263e+13	2.253209e+04
1.136609e+13	2.260506e+04
1.145017e+13	2.267829e+04
1.153486e+13	2.275180e+04
1.162019e+13	2.282557e+04
1.170614e+13	2.289961e+04
1.179273e+13	2.297393e+04
1.187996e+13	2.304851e+04
1.196784e+13	2.312337e+04
1.205636e+13	2.319851e+04
1.214554e+13	2.327392e+04
1.223538e+13	2.334961e+04
1.232589e+13	2.342558e+04
1.241706e+13	2.350183e+04
1.250891e+13	2.357836e+04
1.260144e+13	2.365517e+04
1.269465e+13	2.373227e+04
1.278855e+13	2.380964e+04
1.288315e+13	2.388731e+04
1.297844e+13	2.396526e+04
1.307445e+13	2.404350e+04
1.317116e+13	2.412203e+04
1.326858e+13	2.420085e+04
1.336673e+13	2.427996e+04
1.346560e+13	2.435937e+04
1.356521e+13	2.443907e+04
1.366555e+13	2.451906e+04
1.376663e+13	2.459935e+04
1.386847e+13	2.467994e+04
1.397105e+13	2.476083e+04
1.407439e+13	2.484202e+04
1.417850e+13	2.492351e+04
1.428338e+13	2.500531e+04
1.438903e+13	2.508741e+04
1.449547e+13	2.516981e+04
1.460269e+13	2.525253e+04
1.471071e+13	2.533555e+04
1.481952e+13	2.541888e+04
1.492914e+13	2.550252e+04
1.503957e+13	2.558647e+04
1.515082e+13	2.567074e+04
1.526289e+13	2.575532e+04
1.537579e+13	2.584022e+04
1.548952e+13	2.592543e+04
1.560410e+13	2.601097e+04
1.571952e+13	2.609682e+04
1.583580e+13	2.618300e+04
1.595293e+13	2.626950e+04
1.607094e+13	2.635632e+04
1.618981e+13	2.644347e+04
1.630957e+13	2.653095e+04
1.643021e+13	2.661876e+04
1.655174e+13	2.670689e+04
1.667418e+13	2.679536e+04
1.679752e+13	2.688416e+04
1.692177e+13	2.697329e+04
1.704694e+13	2.706276e+04
1.717303e+13	2.715257e+04
1.730006e+13	2.724271e+04
1.742803e+13	2.733320e+04
1.755694e+13	2.742402e+04
1.768681e+13	2.751519e+04
1.781764e+13	2.760670e+04
1.794944e+13	2.769856e+04
1.808221e+13	2.779077e+04
1.821596e+13	2.788332e+04
1.835070e+13	2.797623e+04
1.848644e+13	2.806948e+04
1.862319e+13	2.816309e+04
1.876094e+13	2.825705e+04
1.889972e+13	2.835137e+04
1.903952e+13	2.844605e+04
1.918035e+13	2.854108e+04
1.932223e+13	2.863648e+04
1.946515e+13	2.873223e+04
1.960914e+13	2.882836e+04
1.975419e+13	2.892484e+04
1.990031e+13	2.902169e+04
2.004751e+13	2.911891e+04
2.019580e+13	2.921650e+04
2.034519e+13	2.931447e+04
2.049568e+13	2.941280e+04
2.064729e+13	2.951151e+04
2.080001e+13	2.961059e+04
2.095387e+13	2.971006e+04
2.110887e+13	2.980990e+04
2.126501e+13	2.991012e+04
2.142230e+13	3.001072e+04
2.158076e+13	3.011171e+04
2.174040e+13	3.021308e+04
2.190121e+13	3.031484e+04
2.206321e+13	3.041699e+04
2.222641e+13	3.051953e+04
2.239082e+13	3.062246e+04
2.255645e+13	3.072578e+04
2.272329e+13	3.082950e+04
2.289138e+13	3.093362e+04
2.306070e+13	3.103813e+04
2.323128e+13	3.114305e+04
2.340313e+13	3.124837e+04
2.357624e+13	3.135409e+04
2.375063e+13	3.146021e+04
2.392631e+13	3.156674e+04
2.410329e+13	3.167368e+04
2.428159e+13	3.178103e+04
2.446120e+13	3.188880e+04
2.464214e+13	3.199697e+04
2.482441e+13	3.210557e+04
2.500804e+13	3.221457e+04
2.519302e+13	3.232400e+04
2.537937e+13	3.243385e+04
2.556710e+13	3.254412e+04
2.575622e+13	3.265481e+04
2.594674e+13	3.276593e+04
2.613867e+13	3.287748e+04
2.633202e+13	3.298946e+04
2.652679e+13	3.310186e+04
2.672301e+13	3.321470e+04
2.692068e+13	3.332798e+04
2.711981e+13	3.344169e+04
2.732042e+13	3.355584e+04
2.752250e+13	3.367043e+04
2.772609e+13	3.378546e+04
2.793118e+13	3.390093e+04
2.813778e+13	3.401685e+04
2.834592e+13	3.413322e+04
2.855559e+13	3.425003e+04
2.876681e+13	3.436730e+04
2.897960e+13	3.448502e+04
2.919396e+13	3.460319e+04
2.940991e+13	3.472182e+04
2.962745e+13	3.484091e+04
2.984661e+13	3.496046e+04
3.006738e+13	3.508047e+04
3.028979e+13	3.520094e+04
3.051384e+13	3.532188e+04
3.073955e+13	3.544329e+04
3.096693e+13	3.556517e+04
3.119599e+13	3.568752e+04
3.142675e+13	3.581034e+04
3.165921e+13	3.593363e+04
3.189339e+13	3.605741e+04
3.212931e+13	3.618166e+04
3.236697e+13	3.630639e+04
3.260639e+13	3.643161e+04
3.284757e+13	3.655731e+04
3.309055e+13	3.668350e+04
3.333532e+13	3.681018e+04
3.358190e+13	3.693734e+04
3.383030e+13	3.706500e+04
3.408054e+13	3.719316e+04
3.433264e+13	3.732181e+04
3.458659e+13	3.745096e+04
3.484243e+13	3.758061e+04
3.510016e+13	3.771076e+04
3.535979e+13	3.784142e+04
3.562135e+13	3.797259e+04
3.588484e+13	3.810426e+04
3.615028e+13	3.823644e+04
3.641768e+13	3.836914e+04
3.668706e+13	3.850235e+04
3.695843e+13	3.863608e+04
3.723181e+13	3.877032e+04
3.750722e+13	3.890509e+04
3.778466e+13	3.904038e+04
3.806415e+13	3.917620e+04
3.834571e+13	3.931254e+04
3.862935e+13	3.944941e+04
3.891509e+13	3.958681e+04
3.920294e+13	3.972475e+04
3.949293e+13	3.986322e+04
3.978505e+13	4.000223e+04
4.007934e+13	4.014178e+04
4.037581e+13	4.028187e+04
4.067447e+13	4.042250e+04
4.097533e+13	4.056368e+04
4.127843e+13	4.070541e+04
4.158376e+13	4.084769e+04
4.189136e+13	4.099052e+04
4.220123e+13	4.113390e+04
4.251339e+13	4.127784e+04
4.282786e+13	4.142234e+04
4.314465e+13	4.156740e+04
4.346379e+13	4.171303e+04
4.378529e+13	4.185922e+04
4.410917e+13	4.200598e+04
4.443545e+13	4.215330e+04
4.476413e+13	4.230120e+04
4.509525e+13	4.244968e+04
4.542882e+13	4.259873e+04
4.576486e+13	4.274836e+04
4.610338e+13	4.289857e+04
4.644440e+13	4.304936e+04
4.678795e+13	4.320074e+04
4.713404e+13	4.335270e+04
4.748269e+13	4.350526e+04
4.783392e+13	4.365841e+04
4.818774e+13	4.381215e+04
4.854419e+13	4.396649e+04
4.890327e+13	4.412142e+04
4.926500e+13	4.427696e+04
4.962941e+13	4.443310e+04
4.999652e+13	4.458985e+04
5.036634e+13	4.474721e+04
5.073890e+13	4.490518e+04
5.111422e+13	4.506375e+04
5.149231e+13	4.522295e+04
5.187319e+13	4.538276e+04
5.225690e+13	4.554319e+04
5.264344e+13	4.570425e+04
5.303284e+13	4.586592e+04
5.342513e+13	4.602823e+04
5.382031e+13	4.619116e+04
5.421842e+13	4.635473e+04
5.461947e+13	4.651893e+04
5.502349e+13	4.668376e+04
5.543049e+13	4.684923e+04
5.584051e+13	4.701535e+04
5.625356e+13	4.718211e+04
5.666967e+13	4.734951e+04
5.708885e+13	4.751756e+04
5.751114e+13	4.768627e+04
5.793654e+13	4.785562e+04
5.836510e+13	4.802564e+04
5.879682e+13	4.819631e+04
5.923174e+13	4.836764e+04
5.966988e+13	4.853963e+04
6.011125e+13	4.871229e+04
6.055590e+13	4.888561e+04
6.100383e+13	4.905961e+04
6.145507e+13	4.923428e+04
6.190965e+13	4.940963e+04
6.236759e+13	4.958565e+04
6.282893e+13	4.976235e+04
6.329367e+13	4.993974e+04
6.376185e+13	5.011781e+04
6.423349e+13	5.029657e+04
6.470863e+13	5.047602e+04
6.518728e+13	5.065616e+04
6.566946e+13	5.083700e+04
6.615522e+13	5.101853e+04
6.664457e+13	5.120077e+04
6.713754e+13	5.138371e+04
6.763415e+13	5.156735e+04
6.813444e+13	5.175170e+04
6.863843e+13	5.193677e+04
6.914614e+13	5.212255e+04
6.965761e+13	5.230904e+04
7.017287e+13	5.249625e+04
7.069194e+13	5.268419e+04
7.121484e+13	5.287284e+04
7.174162e+13	5.306223e+04
7.227229e+13	5.325234e+04
7.280688e+13	5.344318e+04
7.334543e+13	5.363476e+04
7.388797e+13	5.382708e+04
7.443451e+13	5.402014e+04
7.498510e+13	5.421394e+04
7.553977e+13	5.440848e+04
7.609853e+13	5.460377e+04
7.666143e+13	5.479981e+04
7.722849e+13	5.499661e+04
7.779975e+13	5.519416e+04
7.837523e+13	5.539247e+04
7.895497e+13	5.559154e+04
7.953900e+13	5.579138e+04
8.012735e+13	5.599198e+04
8.072005e+13	5.619335e+04
8.131713e+13	5.639550e+04
8.191863e+13	5.659841e+04
8.252458e+13	5.680211e+04
8.313501e+13	5.700659e+04
8.374996e+13	5.721185e+04
8.436945e+13	5.741790e+04
8.499353e+13	5.762474e+04
8.562223e+13	5.783236e+04
8.625557e+13	5.804079e+04
8.689360e+13	5.825001e+04
8.753635e+13	5.846003e+04
8.818385e+13	5.867085e+04
8.883615e+13	5.888249e+04
8.949327e+13	5.909492e+04
9.015525e+13	5.930818e+04
9.082212e+13	5.952224e+04
9.149393e+13	5.973713e+04
9.217071e+13	5.995283e+04
9.285249e+13	6.016936e+04
9.353932e+13	6.038671e+04
9.423123e+13	6.060489e+04
9.492825e+13	6.082391e+04
9.563043e+13	6.104376e+04
9.633781e+13	6.126445e+04
9.705042e+13	6.148597e+04
9.776829e+13	6.170835e+04
9.849148e+13	6.193157e+04
9.922002e+13	6.215564e+04
9.995395e+13	6.238056e+04
1.006933e+14	6.260634e+04
1.014381e+14	6.283297e+04
1.021885e+14	6.306047e+04
1.029444e+14	6.328884e+04
1.037058e+14	6.351807e+04
1.044729e+14	6.374817e+04
1.052457e+14	6.397915e+04
1.060242e+14	6.421100e+04
1.068085e+14	6.444374e+04
1.075985e+14	6.467736e+04
1.083944e+14	6.491186e+04
1.091962e+14	6.514725e+04
1.100040e+14	6.538354e+04
1.108176e+14	6.562072e+04
1.116374e+14	6.585880e+04
1.124631e+14	6.609778e+04
1.132950e+14	6.633767e+04
1.141331e+14	6.657847e+04
1.149773e+14	6.682018e+04
1.158278e+14	6.706280e+04
1.166846e+14	6.730634e+04
1.175477e+14	6.755080e+04
1.184172e+14	6.779619e+04
1.192931e+14	6.804250e+04
1.201755e+14	6.828974e+04
1.210644e+14	6.853792e+04
1.219600e+14	6.878704e+04
1.228621e+14	6.903709e+04
1.237709e+14	6.928809e+04
1.246864e+14	6.954004e+04
1.256087e+14	6.979294e+04
1.265378e+14	7.004679e+04
1.274738e+14	7.030159e+04
1.284168e+14	7.055736e+04
1.293667e+14	7.081409e+04
1.303236e+14	7.107179e+04
1.312876e+14	7.133046e+04
1.322587e+14	7.159011e+04
1.332370e+14	7.185073e+04
1.342226e+14	7.211233e+04
1.352154e+14	7.237491e+04
1.362156e+14	7.263849e+04
1.372232e+14	7.290305e+04
1.382382e+14	7.316861e+04
1.392608e+14	7.343516e+04
1.402909e+14	7.370272e+04
1.413286e+14	7.397128e+04
1.423740e+14	7.424085e+04
1.434271e+14	7.451144e+04
1.444881e+14	7.478303e+04
1.455568e+14	7.505565e+04
1.466335e+14	7.532929e+04
1.477182e+14	7.560396e+04
1.488108e+14	7.587965e+04
1.499116e+14	7.615638e+04
1.510205e+14	7.643414e+04
1.521376e+14	7.671295e+04
1.532629e+14	7.699280e+04
1.543966e+14	7.727370e+04
1.555387e+14	7.755565e+04
1.566892e+14	7.783865e+04
1.578482e+14	7.812271e+04
1.590158e+14	7.840784e+04
1.601920e+14	7.869403e+04
1.613770e+14	7.898129e+04
1.625707e+14	7.926963e+04
1.637732e+14	7.955904e+04
1.649846e+14	7.984954e+04
1.662050e+14	8.014111e+04
1.674344e+14	8.043378e+04
1.686729e+14	8.072754e+04
1.699206e+14	8.102240e+04
1.711775e+14	8.131836e+04
1.724437e+14	8.161542e+04
1.737193e+14	8.191359e+04
1.750043e+14	8.221288e+04
1.762988e+14	8.251327e+04
1.776028e+14	8.281479e+04
1.789166e+14	8.311744e+04
1.802400e+14	8.342121e+04
1.815732e+14	8.372611e+04
1.829163e+14	8.403215e+04
1.842693e+14	8.433932e+04
1.856324e+14	8.464765e+04
1.870055e+14	8.495712e+04
1.883888e+14	8.526774e+04
1.897823e+14	8.557952e+04
1.911861e+14	8.589246e+04
1.926003e+14	8.620656e+04
1.940249e+14	8.652183e+04
1.954601e+14	8.683827e+04
1.969060e+14	8.715589e+04
1.983625e+14	8.747470e+04
1.998297e+14	8.779468e+04
2.013079e+14	8.811586e+04
2.027969e+14	8.843823e+04
2.042970e+14	8.876180e+04
2.058082e+14	8.908657e+04
2.073306e+14	8.941255e+04
2.088642e+14	8.973973e+04
2.104091e+14	9.006814e+04
2.119655e+14	9.039776e+04
2.135334e+14	9.072861e+04
2.151129e+14	9.106068e+04
2.167041e+14	9.139399e+04
2.183071e+14	9.172854e+04
2.199219e+14	9.206432e+04
2.215486e+14	9.240136e+04
2.231874e+14	9.273964e+04
2.248383e+14	9.307918e+04
2.265015e+14	9.341998e+04
2.281769e+14	9.376204e+04
2.298647e+14	9.410538e+04
2.315650e+14	9.444998e+04
2.332779e+14	9.479587e+04
2.350034e+14	9.514303e+04
2.367418e+14	9.549149e+04
2.384929e+14	9.584124e+04
2.402570e+14	9.619228e+04
2.420342e+14	9.654462e+04
2.438245e+14	9.689828e+04
2.456281e+14	9.725324e+04
2.474450e+14	9.760952e+04
2.492754e+14	9.796712e+04
2.511192e+14	9.832604e+04
2.529768e+14	9.868630e+04
2.548480e+14	9.904789e+04
2.567331e+14	9.941082e+04
2.586322e+14	9.977510e+04
2.605453e+14	1.001407e+05
2.624725e+14	1.005077e+05
2.644140e+14	1.008761e+05
2.663699e+14	1.012458e+05
2.683402e+14	1.016168e+05
2.703251e+14	1.019893e+05
2.723247e+14	1.023631e+05
2.743391e+14	1.027384e+05
2.763683e+14	1.031150e+05
2.784126e+14	1.034930e+05
2.804720e+14	1.038724e+05
2.825467e+14	1.042532e+05
2.846367e+14	1.046354e+05
2.867421e+14	1.050191e+05
2.888631e+14	1.054041e+05
2.909999e+14	1.057906e+05
2.931524e+14	1.061786e+05
2.953208e+14	1.065679e+05
2.975053e+14	1.069588e+05
2.997059e+14	1.073510e+05
3.019228e+14	1.077447e+05
3.041562e+14	1.081399e+05
3.064060e+14	1.085366e+05
3.086725e+14	1.089347e+05
3.109557e+14	1.093343e+05
3.132558e+14	1.097353e+05
3.155730e+14	1.101379e+05
3.179073e+14	1.105420e+05
3.202588e+14	1.109475e+05
3.226278e+14	1.113546e+05
3.250142e+14	1.117632e+05
3.274184e+14	1.121733e+05
3.298403e+14	1.125849e+05
3.322801e+14	1.129980e+05
3.347379e+14	1.134127e+05
3.372140e+14	1.138289e+05
3.397083e+14	1.142467e+05
3.422212e+14	1.146660e+05
3.447526e+14	1.150869e+05
3.473027e+14	1.155093e+05
3.498717e+14	1.159333e+05
3.524597e+14	1.163589e+05
3.550668e+14	1.167861e+05
3.576932e+14	1.172149e+05
3.603391e+14	1.176452e+05
3.630045e+14	1.180772e+05
3.656896e+14	1.185108e+05
3.683946e+14	1.189459e+05
3.711196e+14	1.193828e+05
3.738648e+14	1.198212e+05
3.766302e+14	1.202613e+05
3.794162e+14	1.207030e+05
3.822227e+14	1.211463e+05
3.850500e+14	1.215913e+05
3.878982e+14	1.220380e+05
3.907675e+14	1.224863e+05
3.936579e+14	1.229363e+05
3.965698e+14	1.233880e+05
3.995032e+14	1.238414e+05
4.024584e+14	1.242964e+05
4.054353e+14	1.247532e+05
4.084343e+14	1.252116e+05
4.114555e+14	1.256718e+05
4.144990e+14	1.261337e+05
4.175651e+14	1.265974e+05
4.206538e+14	1.270627e+05
4.237653e+14	1.275298e+05
4.268999e+14	1.279987e+05
4.300577e+14	1.284693e+05
4.332388e+14	1.289416e+05
4.364435e+14	1.294158e+05
4.396718e+14	1.298917e+05
4.429241e+14	1.303694e+05
4.462003e+14	1.308488e+05
4.495009e+14	1.313301e+05
4.528258e+14	1.318132e+05
4.561754e+14	1.322981e+05
4.595497e+14	1.327848e+05
4.629490e+14	1.332734e+05
4.663734e+14	1.337638e+05
4.698231e+14	1.342560e+05
4.732984e+14	1.347500e+05
4.767994e+14	1.352460e+05
4.803262e+14	1.357438e+05
4.838792e+14	1.362434e+05
4.874584e+14	1.367450e+05
4.910641e+14	1.372484e+05
4.946965e+14	1.377537e+05
4.983558e+14	1.382610e+05
5.020421e+14	1.387701e+05
5.057557e+14	1.392812e+05
5.094968e+14	1.397942e+05
5.132655e+14	1.403091e+05
5.170621e+14	1.408260e+05
5.208868e+14	1.413448e+05
5.247398e+14	1.418656e+05
5.286213e+14	1.423883e+05
5.325315e+14	1.429131e+05
5.364706e+14	1.434398e+05
5.404388e+14	1.439685e+05
5.444364e+14	1.444992e+05
5.484636e+14	1.450319e+05
5.525206e+14	1.455666e+05
5.566076e+14	1.461034e+05
5.607248e+14	1.466422e+05
5.648724e+14	1.471830e+05
5.690508e+14	1.477259e+05
5.732600e+14	1.482708e+05
5.775004e+14	1.488178e+05
5.817722e+14	1.493669e+05
5.860755e+14	1.499181e+05
5.904107e+14	1.504714e+05
5.947780e+14	1.510268e+05
5.991775e+14	1.515843e+05
6.036096e+14	1.521439e+05
6.080745e+14	1.527056e+05
6.125724e+14	1.532695e+05
6.171036e+14	1.538355e+05
6.216683e+14	1.544037e+05
6.262667e+14	1.549741e+05
6.308992e+14	1.555466e+05
6.355660e+14	1.561214e+05
6.402672e+14	1.566983e+05
6.450033e+14	1.572774e+05
6.497743e+14	1.578587e+05
6.545807e+14	1.584423e+05
6.594226e+14	1.590281e+05
6.643003e+14	1.596161e+05
6.692141e+14	1.602064e+05
6.741643e+14	1.607990e+05
6.791511e+14	1.613938e+05
6.841747e+14	1.619909e+05
6.892356e+14	1.625903e+05
6.943338e+14	1.631920e+05
6.994698e+14	1.637960e+05
7.046437e+14	1.644024e+05
7.098560e+14	1.650110e+05
7.151067e+14	1.656220e+05
7.203964e+14	1.662354e+05
7.257251e+14	1.668511e+05
7.310933e+14	1.674692e+05
7.365012e+14	1.680897e+05
7.419490e+14	1.687126e+05
7.474372e+14	1.693378e+05
7.529660e+14	1.699655e+05
7.585356e+14	1.705956e+05
7.641465e+14	1.712282e+05
7.697989e+14	1.718632e+05
7.754931e+14	1.725006e+05
7.812294e+14	1.731406e+05
7.870081e+14	1.737829e+05
7.928296e+14	1.744278e+05
7.986941e+14	1.750752e+05
8.046020e+14	1.757251e+05
8.105536e+14	1.763775e+05
8.165493e+14	1.770325e+05
8.225893e+14	1.776900e+05
8.286739e+14	1.783500e+05
8.348036e+14	1.790126e+05
8.409786e+14	1.796778e+05
8.471993e+14	1.803456e+05
8.534660e+14	1.810159e+05
8.597791e+14	1.816889e+05
8.661388e+14	1.823645e+05
8.725456e+14	1.830428e+05
8.789998e+14	1.837237e+05
8.855018e+14	1.844072e+05
8.920518e+14	1.850934e+05
8.986503e+14	1.857823e+05
9.052976e+14	1.864739e+05
9.119940e+14	1.871682e+05
9.187400e+14	1.878653e+05
9.255359e+14	1.885650e+05
9.323821e+14	1.892675e+05
9.392789e+14	1.899727e+05
9.462267e+14	1.906807e+05
9.532259e+14	1.913915e+05
9.602769e+14	1.921051e+05
9.673800e+14	1.928214e+05
9.745357e+14	1.935406e+05
9.817443e+14	1.942626e+05
9.890063e+14	1.949875e+05
9.963219e+14	1.957152e+05
1.003692e+15	1.964458e+05
1.011116e+15	1.971792e+05
1.018595e+15	1.979156e+05
1.026130e+15	1.986548e+05
1.033720e+15	1.993970e+05
1.041366e+15	2.001421e+05
1.049069e+15	2.008901e+05
1.056829e+15	2.016411e+05
1.064647e+15	2.023950e+05
1.072522e+15	2.031520e+05
1.080455e+15	2.039119e+05
1.088447e+15	2.046749e+05
1.096498e+15	2.054408e+05
1.104609e+15	2.062098e+05
1.112780e+15	2.069819e+05
1.121011e+15	2.077570e+05
1.129303e+15	2.085352e+05
1.137657e+15	2.093164e+05
1.146072e+15	2.101008e+05
1.154549e+15	2.108883e+05
1.163089e+15	2.116790e+05
1.171693e+15	2.124727e+05
1.180360e+15	2.132697e+05
1.189091e+15	2.140698e+05
1.197887e+15	2.148731e+05
1.206747e+15	2.156796e+05
1.215674e+15	2.164893e+05
1.224666e+15	2.173022e+05
1.233725e+15	2.181184e+05
1.242850e+15	2.189379e+05
1.252044e+15	2.197606e+05
1.261305e+15	2.205866e+05
1.270635e+15	2.214159e+05
1.280034e+15	2.222486e+05
1.289502e+15	2.230846e+05
1.299041e+15	2.239239e+05
1.308650e+15	2.247666e+05
1.318330e+15	2.256126e+05
1.328081e+15	2.264621e+05
1.337905e+15	2.273149e+05
1.347801e+15	2.281712e+05
1.357771e+15	2.290310e+05
1.367815e+15	2.298941e+05
1.377932e+15	2.307608e+05
1.388125e+15	2.316309e+05
1.398393e+15	2.325046e+05
1.408736e+15	2.333817e+05
1.419157e+15	2.342624e+05
1.429654e+15	2.351466e+05
1.440229e+15	2.360344e+05
1.450883e+15	2.369258e+05
1.461615e+15	2.378208e+05
1.472426e+15	2.387194e+05
1.483318e+15	2.396216e+05
1.494290e+15	2.405275e+05
1.505343e+15	2.414370e+05
1.516478e+15	2.423502e+05
1.527696e+15	2.432671e+05
1.538996e+15	2.441877e+05
1.550380e+15	2.451121e+05
1.561848e+15	2.460401e+05
1.573401e+15	2.469720e+05
1.585039e+15	2.479076e+05
1.596764e+15	2.488470e+05
1.608575e+15	2.497902e+05
1.620473e+15	2.507373e+05
1.632460e+15	2.516882e+05
1.644535e+15	2.526429e+05
1.656700e+15	2.536016e+05
1.668954e+15	2.545641e+05
1.681300e+15	2.555306e+05
1.693736e+15	2.565010e+05
1.706265e+15	2.574753e+05
1.718886e+15	2.584536e+05
1.731600e+15	2.594359e+05
1.744409e+15	2.604222e+05
1.757312e+15	2.614125e+05
1.770311e+15	2.624068e+05
1.783406e+15	2.634052e+05
1.796598e+15	2.644077e+05
1.809887e+15	2.654143e+05
1.823275e+15	2.664250e+05
1.836762e+15	2.674398e+05
1.850348e+15	2.684588e+05
1.864035e+15	2.694819e+05
1.877823e+15	2.705092e+05
1.891714e+15	2.715407e+05
1.905706e+15	2.725765e+05
1.919803e+15	2.736165e+05
1.934004e+15	2.746607e+05
1.948309e+15	2.757092e+05
1.962721e+15	2.767620e+05
1.977239e+15	2.778192e+05
1.991865e+15	2.788807e+05
2.006599e+15	2.799465e+05
2.021441e+15	2.810167e+05
2.036394e+15	2.820913e+05
2.051457e+15	2.831703e+05
2.066632e+15	2.842538e+05
2.081918e+15	2.853417e+05
2.097318e+15	2.864341e+05
2.112832e+15	2.875309e+05
2.128461e+15	2.886323e+05
2.144205e+15	2.897382e+05
2.160065e+15	2.908487e+05
2.176043e+15	2.919637e+05
2.192139e+15	2.930834e+05
2.208355e+15	2.942076e+05
2.224690e+15	2.953365e+05
2.241146e+15	2.964701e+05
2.257723e+15	2.976083e+05
2.274424e+15	2.987512e+05
2.291248e+15	2.998988e+05
2.308196e+15	3.010512e+05
2.325269e+15	3.022083e+05
2.342469e+15	3.033703e+05
2.359797e+15	3.045370e+05
2.377252e+15	3.057085e+05
2.394836e+15	3.068849e+05
2.412551e+15	3.080661e+05
2.430397e+15	3.092523e+05
2.448374e+15	3.104433e+05
2.466485e+15	3.116393e+05
2.484729e+15	3.128402e+05
2.503109e+15	3.140461e+05
2.521624e+15	3.152570e+05
2.540276e+15	3.164729e+05
2.559067e+15	3.176939e+05
2.577996e+15	3.189199e+05
2.597065e+15	3.201510e+05
2.616276e+15	3.213872e+05
2.635628e+15	3.226285e+05
2.655124e+15	3.238750e+05
2.674764e+15	3.251266e+05
2.694549e+15	3.263835e+05
2.714481e+15	3.276456e+05
2.734560e+15	3.289129e+05
2.754787e+15	3.301855e+05
2.775164e+15	3.314633e+05
2.795692e+15	3.327465e+05
2.816371e+15	3.340351e+05
2.837204e+15	3.353289e+05
2.858191e+15	3.366282e+05
2.879333e+15	3.379329e+05
2.900631e+15	3.392430e+05
2.922087e+15	3.405585e+05
2.943702e+15	3.418796e+05
2.965476e+15	3.432061e+05
2.987412e+15	3.445381e+05
3.009509e+15	3.458758e+05
3.031771e+15	3.472189e+05
3.054197e+15	3.485677e+05
3.076788e+15	3.499221e+05
3.099547e+15	3.512822e+05
3.122474e+15	3.526479e+05
3.145571e+15	3.540193e+05
3.168839e+15	3.553965e+05
3.192279e+15	3.567793e+05
3.215892e+15	3.581680e+05
3.239680e+15	3.595625e+05
3.263644e+15	3.609627e+05
3.287785e+15	3.623689e+05
3.312104e+15	3.637809e+05
3.336604e+15	3.651988e+05
3.361285e+15	3.666226e+05
3.386148e+15	3.680524e+05
3.411195e+15	3.694881e+05
3.436428e+15	3.709299e+05
3.461847e+15	3.723776e+05
3.487454e+15	3.738315e+05
3.513251e+15	3.752914e+05
3.539238e+15	3.767574e+05
3.565418e+15	3.782296e+05
3.591791e+15	3.797079e+05
3.618359e+15	3.811924e+05
3.645124e+15	3.826831e+05
3.672087e+15	3.841800e+05
3.699249e+15	3.856833e+05
3.726613e+15	3.871928e+05
3.754178e+15	3.887086e+05
3.781948e+15	3.902308e+05
3.809923e+15	3.917594e+05
3.838105e+15	3.932944e+05
3.866495e+15	3.948358e+05
3.895095e+15	3.963836e+05
3.923907e+15	3.979380e+05
3.952932e+15	3.994989e+05
3.982172e+15	4.010663e+05
4.011628e+15	4.026403e+05
4.041302e+15	4.042208e+05
4.071195e+15	4.058081e+05
4.101310e+15	4.074019e+05
4.131647e+15	4.090025e+05
4.162209e+15	4.106098e+05
4.192997e+15	4.122238e+05
4.224012e+15	4.138446e+05
4.255257e+15	4.154722e+05
4.286733e+15	4.171066e+05
4.318442e+15	4.187479e+05
4.350385e+15	4.203961e+05
4.382565e+15	4.220512e+05
4.414982e+15	4.237133e+05
4.447640e+15	4.253823e+05
4.480539e+15	4.270583e+05
4.513681e+15	4.287414e+05
4.547069e+15	4.304316e+05
4.580704e+15	4.321288e+05
4.614587e+15	4.338332e+05
4.648721e+15	4.355448e+05
4.683107e+15	4.372635e+05
4.717748e+15	4.389895e+05
4.752645e+15	4.407227e+05
4.787800e+15	4.424632e+05
4.823216e+15	4.442111e+05
4.858893e+15	4.459663e+05
4.894834e+15	4.477288e+05
4.931041e+15	4.494988e+05
4.967515e+15	4.512762e+05
5.004260e+15	4.530611e+05
5.041276e+15	4.548535e+05
5.078567e+15	4.566534e+05
5.116133e+15	4.584609e+05
5.153976e+15	4.602761e+05
5.192100e+15	4.620988e+05
5.230506e+15	4.639292e+05
5.269196e+15	4.657674e+05
5.308172e+15	4.676132e+05
5.347436e+15	4.694668e+05
5.386991e+15	4.713283e+05
5.426839e+15	4.731975e+05
5.466981e+15	4.750747e+05
5.507420e+15	4.769597e+05
5.548158e+15	4.788527e+05
5.589198e+15	4.807536e+05
5.630541e+15	4.826626e+05
5.672190e+15	4.845795e+05
5.714147e+15	4.865046e+05
5.756414e+15	4.884378e+05
5.798994e+15	4.903791e+05
5.841889e+15	4.923286e+05
5.885101e+15	4.942862e+05
5.928633e+15	4.962522e+05
5.972487e+15	4.982264e+05
6.016666e+15	5.002089e+05
6.061171e+15	5.021998e+05
6.106005e+15	5.041991e+05
6.151171e+15	5.062068e+05
6.196671e+15	5.082229e+05
6.242507e+15	5.102476e+05
6.288683e+15	5.122808e+05
6.335200e+15	5.143225e+05
6.382062e+15	5.163729e+05
6.429270e+15	5.184319e+05
6.476827e+15	5.204995e+05
6.524736e+15	5.225759e+05
6.572999e+15	5.246610e+05
6.621619e+15	5.267550e+05
6.670599e+15	5.288577e+05
6.719941e+15	5.309693e+05
6.769648e+15	5.330898e+05
6.819723e+15	5.352193e+05
6.870169e+15	5.373577e+05
6.920987e+15	5.395052e+05
6.972181e+15	5.416617e+05
7.023754e+15	5.438272e+05
7.075709e+15	5.460020e+05
7.128048e+15	5.481858e+05
7.180774e+15	5.503789e+05
7.233890e+15	5.525813e+05
7.287398e+15	5.547929e+05
7.341303e+15	5.570139e+05
7.395606e+15	5.592442e+05
7.450312e+15	5.614839e+05
7.505421e+15	5.637331e+05
7.560939e+15	5.659917e+05
7.616867e+15	5.682599e+05
7.673208e+15	5.705376e+05
7.729967e+15	5.728250e+05
7.787145e+15	5.751220e+05
7.844747e+15	5.774286e+05
7.902774e+15	5.797451e+05
7.961230e+15	5.820712e+05
8.020119e+15	5.844072e+05
8.079444e+15	5.867531e+05
8.139207e+15	5.891088e+05
8.199413e+15	5.914745e+05
8.260064e+15	5.938501e+05
8.321163e+15	5.962358e+05
8.382715e+15	5.986316e+05
8.444721e+15	6.010374e+05
8.507187e+15	6.034534e+05
8.570114e+15	6.058796e+05
8.633507e+15	6.083160e+05
8.697369e+15	6.107627e+05
8.761703e+15	6.132197e+05
8.826513e+15	6.156871e+05
8.891802e+15	6.181649e+05
8.957575e+15	6.206531e+05
9.023834e+15	6.231519e+05
9.090583e+15	6.256612e+05
9.157825e+15	6.281810e+05
9.225566e+15	6.307115e+05
9.293807e+15	6.332527e+05
9.362553e+15	6.358046e+05
9.431807e+15	6.383673e+05
9.501574e+15	6.409408e+05
9.571857e+15	6.435251e+05
9.642660e+15	6.461204e+05
9.713986e+15	6.487266e+05
9.785840e+15	6.513438e+05
9.858226e+15	6.539720e+05
9.931147e+15	6.566113e+05
1.000461e+16	6.592618e+05
1.007861e+16	6.619234e+05
1.015316e+16	6.645963e+05
1.022826e+16	6.672805e+05
1.030392e+16	6.699760e+05
1.038014e+16	6.726828e+05
1.045692e+16	6.754011e+05
1.053427e+16	6.781309e+05
1.061219e+16	6.808722e+05
1.069069e+16	6.836250e+05
1.076977e+16	6.863895e+05
1.084943e+16	6.891656e+05
1.092969e+16	6.919534e+05
1.101053e+16	6.947531e+05
1.109198e+16	6.975645e+05
1.117403e+16	7.003878e+05
1.125668e+16	7.032230e+05
1.133994e+16	7.060702e+05
1.142383e+16	7.089293e+05
1.150833e+16	7.118006e+05
1.159345e+16	7.146840e+05
1.167921e+16	7.175795e+05
1.176560e+16	7.204873e+05
1.185263e+16	7.234073e+05
1.194030e+16	7.263397e+05
1.202863e+16	7.292845e+05
1.211760e+16	7.322416e+05
1.220724e+16	7.352113e+05
1.229753e+16	7.381935e+05
1.238850e+16	7.411883e+05
1.248013e+16	7.441957e+05
1.257245e+16	7.472158e+05
1.266545e+16	7.502487e+05
1.275913e+16	7.532943e+05
1.285351e+16	7.563529e+05
1.294859e+16	7.594243e+05
1.304437e+16	7.625087e+05
1.314086e+16	7.656061e+05
1.323806e+16	7.687166e+05
1.333598e+16	7.718402e+05
1.343463e+16	7.749771e+05
1.353400e+16	7.781271e+05
1.363411e+16	7.812905e+05
1.373497e+16	7.844672e+05
1.383656e+16	7.876573e+05
1.393891e+16	7.908609e+05
1.404202e+16	7.940780e+05
1.414589e+16	7.973088e+05
1.425052e+16	8.005531e+05
1.435593e+16	8.038111e+05
1.446212e+16	8.070829e+05
1.456910e+16	8.103686e+05
1.467687e+16	8.136681e+05
1.478543e+16	8.169815e+05
1.489480e+16	8.203089e+05
1.500497e+16	8.236504e+05
1.511597e+16	8.270059e+05
1.522778e+16	8.303757e+05
1.534042e+16	8.337596e+05
1.545389e+16	8.371579e+05
1.556820e+16	8.405705e+05
1.568336e+16	8.439976e+05
1.579937e+16	8.474391e+05
1.591624e+16	8.508951e+05
1.603397e+16	8.543657e+05
1.615257e+16	8.578510e+05
1.627205e+16	8.613510e+05
1.639241e+16	8.648658e+05
1.651367e+16	8.683955e+05
1.663582e+16	8.719400e+05
1.675887e+16	8.754995e+05
1.688284e+16	8.790741e+05
1.700772e+16	8.826637e+05
1.713353e+16	8.862685e+05
1.726026e+16	8.898886e+05
1.738794e+16	8.935239e+05
1.751655e+16	8.971746e+05
1.764612e+16	9.008407e+05
1.777665e+16	9.045223e+05
1.790815e+16	9.082195e+05
1.804061e+16	9.119322e+05
1.817406e+16	9.156607e+05
1.830849e+16	9.194049e+05
1.844392e+16	9.231650e+05
1.858035e+16	9.269409e+05
1.871778e+16	9.307327e+05
1.885624e+16	9.345406e+05
1.899572e+16	9.383646e+05
1.913623e+16	9.422048e+05
1.927778e+16	9.460611e+05
1.942038e+16	9.499338e+05
1.956403e+16	9.538228e+05
1.970874e+16	9.577283e+05
1.985453e+16	9.616503e+05
2.000139e+16	9.655888e+05
2.014934e+16	9.695440e+05
2.029839e+16	9.735159e+05
2.044853e+16	9.775046e+05
2.059979e+16	9.815102e+05
2.075217e+16	9.855326e+05
2.090567e+16	9.895721e+05
2.106031e+16	9.936287e+05
2.121609e+16	9.977024e+05
2.137302e+16	1.001793e+06
2.153112e+16	1.005902e+06
2.169038e+16	1.010027e+06
2.185083e+16	1.014170e+06
2.201246e+16	1.018331e+06
2.217528e+16	1.022509e+06
2.233931e+16	1.026705e+06
2.250456e+16	1.030918e+06
2.267102e+16	1.035150e+06
2.283872e+16	1.039399e+06
2.300766e+16	1.043666e+06
2.317784e+16	1.047951e+06
2.334929e+16	1.052255e+06
2.352200e+16	1.056576e+06
2.369599e+16	1.060916e+06
2.387127e+16	1.065274e+06
2.404785e+16	1.069651e+06
2.422573e+16	1.074046e+06
2.440493e+16	1.078460e+06
2.458545e+16	1.082892e+06
2.476731e+16	1.087344e+06
2.495051e+16	1.091814e+06
2.513507e+16	1.096302e+06
2.532099e+16	1.100810e+06
2.550829e+16	1.105337e+06
2.569697e+16	1.109883e+06
2.588705e+16	1.114449e+06
2.607854e+16	1.119033e+06
2.627144e+16	1.123638e+06
2.646577e+16	1.128261e+06
2.666154e+16	1.132904e+06
2.685875e+16	1.137567e+06
2.705742e+16	1.142249e+06
2.725757e+16	1.146952e+06
2.745919e+16	1.151674e+06
2.766231e+16	1.156416e+06
2.786692e+16	1.161178e+06
2.807305e+16	1.165961e+06
2.828071e+16	1.170763e+06
2.848990e+16	1.175586e+06
2.870064e+16	1.180430e+06
2.891294e+16	1.185294e+06
2.912681e+16	1.190178e+06
2.934226e+16	1.195083e+06
2.955930e+16	1.200009e+06
2.977795e+16	1.204956e+06
2.999822e+16	1.209924e+06
3.022011e+16	1.214913e+06
3.044365e+16	1.219923e+06
3.066884e+16	1.224954e+06
3.089570e+16	1.230006e+06
3.112423e+16	1.235080e+06
3.135446e+16	1.240175e+06
3.158638e+16	1.245292e+06
3.182003e+16	1.250431e+06
3.205540e+16	1.255591e+06
3.229251e+16	1.260773e+06
3.253138e+16	1.265978e+06
3.277201e+16	1.271204e+06
3.301443e+16	1.276452e+06
3.325863e+16	1.281723e+06
3.350465e+16	1.287015e+06
3.375248e+16	1.292331e+06
3.400214e+16	1.297669e+06
3.425366e+16	1.303029e+06
3.450703e+16	1.308412e+06
3.476228e+16	1.313818e+06
3.501941e+16	1.319247e+06
3.527845e+16	1.324699e+06
3.553940e+16	1.330174e+06
3.580229e+16	1.335672e+06
3.606712e+16	1.341194e+06
3.633390e+16	1.346739e+06
3.660266e+16	1.352307e+06
3.687341e+16	1.357899e+06
3.714616e+16	1.363515e+06
3.742093e+16	1.369155e+06
3.769774e+16	1.374818e+06
3.797658e+16	1.380505e+06
3.825750e+16	1.386217e+06
3.854049e+16	1.391953e+06
3.882557e+16	1.397713e+06
3.911276e+16	1.403498e+06
3.940208e+16	1.409307e+06
3.969353e+16	1.415140e+06
3.998714e+16	1.420999e+06
4.028293e+16	1.426882e+06
4.058090e+16	1.432791e+06
4.088107e+16	1.438724e+06
4.118347e+16	1.444682e+06
4.148810e+16	1.450666e+06
4.179499e+16	1.456675e+06
4.210415e+16	1.462710e+06
4.241559e+16	1.468770e+06
4.272934e+16	1.474856e+06
4.304540e+16	1.480968e+06
4.336381e+16	1.487106e+06
4.368457e+16	1.493270e+06
4.400770e+16	1.499460e+06
4.433323e+16	1.505676e+06
4.466116e+16	1.511919e+06
4.499152e+16	1.518188e+06
4.532432e+16	1.524483e+06
4.565958e+16	1.530806e+06
4.599732e+16	1.537155e+06
4.633756e+16	1.543531e+06
4.668032e+16	1.549935e+06
4.702561e+16	1.556365e+06
4.737346e+16	1.562823e+06
4.772388e+16	1.569308e+06
4.807689e+16	1.575821e+06
4.843252e+16	1.582362e+06
4.879077e+16	1.588930e+06
4.915167e+16	1.595526e+06
4.951525e+16	1.602150e+06
4.988151e+16	1.608802e+06
5.025048e+16	1.615483e+06
5.062218e+16	1.622192e+06
5.099663e+16	1.628929e+06
5.137385e+16	1.635695e+06
5.175386e+16	1.642490e+06
5.213669e+16	1.649314e+06
5.252234e+16	1.656166e+06
5.291085e+16	1.663048e+06
5.330223e+16	1.669959e+06
5.369650e+16	1.676900e+06
5.409369e+16	1.683869e+06
5.449382e+16	1.690869e+06
5.489691e+16	1.697898e+06
5.530298e+16	1.704957e+06
5.571206e+16	1.712047e+06
5.612416e+16	1.719166e+06
5.653931e+16	1.726315e+06
5.695753e+16	1.733495e+06
5.737884e+16	1.740706e+06
5.780327e+16	1.747947e+06
5.823084e+16	1.755219e+06
5.866157e+16	1.762522e+06
5.909549e+16	1.769856e+06
5.953261e+16	1.777221e+06
5.997297e+16	1.784617e+06
6.041659e+16	1.792045e+06
6.086349e+16	1.799505e+06
6.131370e+16	1.806996e+06
6.176723e+16	1.814519e+06
6.222412e+16	1.822074e+06
6.268439e+16	1.829661e+06
6.314807e+16	1.837281e+06
6.361517e+16	1.844933e+06
6.408573e+16	1.852617e+06
6.455977e+16	1.860334e+06
6.503732e+16	1.868084e+06
6.551840e+16	1.875867e+06
6.600304e+16	1.883683e+06
6.649126e+16	1.891533e+06
6.698309e+16	1.899416e+06
6.747856e+16	1.907332e+06
6.797770e+16	1.915282e+06
6.848053e+16	1.923266e+06
6.898708e+16	1.931284e+06
6.949737e+16	1.939336e+06
7.001144e+16	1.947422e+06
7.052932e+16	1.955543e+06
7.105102e+16	1.963698e+06
7.157658e+16	1.971888e+06
7.210603e+16	1.980113e+06
7.263940e+16	1.988373e+06
7.317671e+16	1.996669e+06
7.371800e+16	2.004999e+06
7.426328e+16	2.013365e+06
7.481261e+16	2.021767e+06
7.536599e+16	2.030204e+06
7.592347e+16	2.038677e+06
7.648508e+16	2.047187e+06
7.705084e+16	2.055733e+06
7.762078e+16	2.064315e+06
7.819494e+16	2.072933e+06
7.877334e+16	2.081589e+06
7.935603e+16	2.090281e+06
7.994302e+16	2.099011e+06
8.053436e+16	2.107777e+06
8.113007e+16	2.116581e+06
8.173018e+16	2.125422e+06
8.233474e+16	2.134302e+06
8.294377e+16	2.143219e+06
8.355730e+16	2.152174e+06
8.417537e+16	2.161167e+06
8.479801e+16	2.170198e+06
8.542526e+16	2.179268e+06
8.605715e+16	2.188377e+06
8.669371e+16	2.197525e+06
8.733498e+16	2.206711e+06
8.798100e+16	2.215937e+06
8.863179e+16	2.225202e+06
8.928740e+16	2.234507e+06
8.994785e+16	2.243851e+06
9.061319e+16	2.253235e+06
9.128346e+16	2.262659e+06
9.195868e+16	2.272124e+06
9.263889e+16	2.281629e+06
9.332414e+16	2.291174e+06
9.401446e+16	2.300760e+06
9.470988e+16	2.310387e+06
9.541044e+16	2.320055e+06
9.611619e+16	2.329764e+06
9.682716e+16	2.339515e+06
9.754339e+16	2.349307e+06
9.826491e+16	2.359141e+06
9.899178e+16	2.369018e+06
9.972402e+16	2.378936e+06
1.004617e+17	2.388896e+06
1.012048e+17	2.398900e+06
1.019534e+17	2.408945e+06
1.027075e+17	2.419034e+06
1.034673e+17	2.429166e+06
1.042326e+17	2.439341e+06
1.050036e+17	2.449559e+06
1.057803e+17	2.459822e+06
1.065628e+17	2.470128e+06
1.073510e+17	2.480478e+06
1.081451e+17	2.490872e+06
1.089450e+17	2.501310e+06
1.097509e+17	2.511794e+06
1.105627e+17	2.522322e+06
1.113806e+17	2.532894e+06
1.122044e+17	2.543513e+06
1.130344e+17	2.554176e+06
1.138705e+17	2.564885e+06
1.147128e+17	2.575640e+06
1.155613e+17	2.586441e+06
1.164161e+17	2.597287e+06
1.172773e+17	2.608181e+06
1.181448e+17	2.619120e+06
1.190187e+17	2.630107e+06
1.198991e+17	2.641140e+06
1.207859e+17	2.652221e+06
1.216794e+17	2.663349e+06
1.225795e+17	2.674525e+06
1.234862e+17	2.685748e+06
1.243996e+17	2.697019e+06
1.253198e+17	2.708339e+06
1.262468e+17	2.719707e+06
1.271806e+17	2.731123e+06
1.281214e+17	2.742589e+06
1.290691e+17	2.754103e+06
1.300238e+17	2.765667e+06
1.309856e+17	2.777280e+06
1.319545e+17	2.788943e+06
1.329305e+17	2.800655e+06
1.339138e+17	2.812418e+06
1.349044e+17	2.824231e+06
1.359022e+17	2.836095e+06
1.369075e+17	2.848009e+06
1.379202e+17	2.859974e+06
1.389404e+17	2.871991e+06
1.399681e+17	2.884058e+06
1.410035e+17	2.896178e+06
1.420465e+17	2.908349e+06
1.430972e+17	2.920573e+06
1.441557e+17	2.932849e+06
1.452220e+17	2.945177e+06
1.462962e+17	2.957558e+06
1.473783e+17	2.969992e+06
1.484685e+17	2.982479e+06
1.495667e+17	2.995020e+06
1.506731e+17	3.007614e+06
1.517876e+17	3.020263e+06
1.529104e+17	3.032965e+06
1.540414e+17	3.045722e+06
1.551809e+17	3.058534e+06
1.563287e+17	3.071400e+06
1.574851e+17	3.084321e+06
1.586500e+17	3.097298e+06
1.598235e+17	3.110330e+06
1.610057e+17	3.123418e+06
1.621967e+17	3.136563e+06
1.633965e+17	3.149763e+06
1.646051e+17	3.163020e+06
1.658227e+17	3.176334e+06
1.670493e+17	3.189705e+06
1.682849e+17	3.203133e+06
1.695297e+17	3.216618e+06
1.707837e+17	3.230162e+06
1.720470e+17	3.243763e+06
1.733196e+17	3.257423e+06
1.746017e+17	3.271141e+06
1.758932e+17	3.284918e+06
1.771943e+17	3.298754e+06
1.785050e+17	3.312650e+06
1.798254e+17	3.326604e+06
1.811555e+17	3.340619e+06
1.824955e+17	3.354694e+06
1.838455e+17	3.368829e+06
1.852054e+17	3.383025e+06
1.865753e+17	3.397281e+06
1.879554e+17	3.411599e+06
1.893457e+17	3.425978e+06
1.907463e+17	3.440419e+06
1.921572e+17	3.454921e+06
1.935786e+17	3.469486e+06
1.950105e+17	3.484113e+06
1.964530e+17	3.498803e+06
1.979062e+17	3.513556e+06
1.993701e+17	3.528372e+06
2.008448e+17	3.543252e+06
2.023304e+17	3.558195e+06
2.038271e+17	3.573203e+06
2.053348e+17	3.588275e+06
2.068536e+17	3.603412e+06
2.083837e+17	3.618613e+06
2.099251e+17	3.633880e+06
2.114779e+17	3.649212e+06
2.130422e+17	3.664610e+06
2.146181e+17	3.680075e+06
2.162056e+17	3.695605e+06
2.178049e+17	3.711202e+06
2.194160e+17	3.726866e+06
2.210390e+17	3.742598e+06
2.226740e+17	3.758396e+06
2.243211e+17	3.774263e+06
2.259804e+17	3.790198e+06
2.276520e+17	3.806201e+06
2.293359e+17	3.822272e+06
2.310323e+17	3.838413e+06
2.327413e+17	3.854623e+06
2.344628e+17	3.870903e+06
2.361972e+17	3.887252e+06
2.379443e+17	3.903672e+06
2.397044e+17	3.920162e+06
2.414774e+17	3.936723e+06
2.432636e+17	3.953355e+06
2.450631e+17	3.970059e+06
2.468758e+17	3.986834e+06
2.487019e+17	4.003681e+06
2.505416e+17	4.020601e+06
2.523948e+17	4.037593e+06
2.542618e+17	4.054658e+06
2.561425e+17	4.071797e+06
2.580372e+17	4.089009e+06
2.599459e+17	4.106295e+06
2.618687e+17	4.123655e+06
2.638057e+17	4.141090e+06
2.657571e+17	4.158600e+06
2.677229e+17	4.176185e+06
2.697032e+17	4.193846e+06
2.716982e+17	4.211582e+06
2.737080e+17	4.229395e+06
2.757326e+17	4.247284e+06
2.777722e+17	4.265250e+06
2.798268e+17	4.283294e+06
2.818967e+17	4.301415e+06
2.839819e+17	4.319613e+06
2.860825e+17	4.337890e+06
2.881986e+17	4.356246e+06
2.903304e+17	4.374680e+06
2.924780e+17	4.393194e+06
2.946415e+17	4.411787e+06
2.968209e+17	4.430460e+06
2.990165e+17	4.449214e+06
3.012283e+17	4.468048e+06
3.034565e+17	4.486963e+06
3.057011e+17	4.505959e+06
3.079624e+17	4.525037e+06
3.102404e+17	4.544197e+06
3.125352e+17	4.563440e+06
3.148470e+17	4.582765e+06
3.171760e+17	4.602173e+06
3.195221e+17	4.621665e+06
3.218856e+17	4.641241e+06
3.242666e+17	4.660900e+06
3.266652e+17	4.680645e+06
3.290815e+17	4.700474e+06
3.315157e+17	4.720389e+06
3.339679e+17	4.740389e+06
3.364383e+17	4.760475e+06
3.389269e+17	4.780648e+06
3.414339e+17	4.800908e+06
3.439595e+17	4.821254e+06
3.465038e+17	4.841688e+06
3.490668e+17	4.862211e+06
3.516489e+17	4.882821e+06
3.542500e+17	4.903520e+06
3.568704e+17	4.924308e+06
3.595101e+17	4.945186e+06
3.621694e+17	4.966154e+06
3.648484e+17	4.987211e+06
3.675472e+17	5.008360e+06
3.702659e+17	5.029599e+06
3.730047e+17	5.050930e+06
3.757638e+17	5.072353e+06
3.785434e+17	5.093868e+06
3.813434e+17	5.115475e+06
3.841642e+17	5.137176e+06
3.870059e+17	5.158970e+06
3.898685e+17	5.180858e+06
3.927524e+17	5.202840e+06
3.956576e+17	5.224917e+06
3.985842e+17	5.247088e+06
4.015325e+17	5.269356e+06
4.045027e+17	5.291719e+06
4.074948e+17	5.314178e+06
4.105090e+17	5.336735e+06
4.135455e+17	5.359388e+06
4.166045e+17	5.382139e+06
4.196861e+17	5.404988e+06
4.227905e+17	5.427935e+06
4.259179e+17	5.450981e+06
4.290684e+17	5.474127e+06
4.322422e+17	5.497372e+06
4.354395e+17	5.520717e+06
4.386604e+17	5.544163e+06
4.419052e+17	5.567710e+06
4.451739e+17	5.591359e+06
4.484668e+17	5.615109e+06
4.517841e+17	5.638962e+06
4.551260e+17	5.662917e+06
4.584925e+17	5.686976e+06
4.618840e+17	5.711138e+06
4.653005e+17	5.735405e+06
4.687423e+17	5.759776e+06
4.722096e+17	5.784252e+06
4.757025e+17	5.808833e+06
4.792213e+17	5.833521e+06
4.827661e+17	5.858315e+06
4.863371e+17	5.883216e+06
4.899345e+17	5.908224e+06
4.935585e+17	5.933340e+06
4.972094e+17	5.958564e+06
5.008872e+17	5.983897e+06
5.045923e+17	6.009340e+06
5.083247e+17	6.034892e+06
5.120848e+17	6.060554e+06
5.158727e+17	6.086327e+06
5.196886e+17	6.112211e+06
5.235327e+17	6.138206e+06
5.274052e+17	6.164314e+06
5.313064e+17	6.190534e+06
5.352365e+17	6.216868e+06
5.391956e+17	6.243315e+06
5.431840e+17	6.269876e+06
5.472019e+17	6.296551e+06
5.512496e+17	6.323342e+06
5.553272e+17	6.350248e+06
5.594349e+17	6.377271e+06
5.635730e+17	6.404409e+06
5.677417e+17	6.431665e+06
5.719413e+17	6.459039e+06
5.761719e+17	6.486531e+06
5.804339e+17	6.514141e+06
5.847273e+17	6.541871e+06
5.890525e+17	6.569720e+06
5.934097e+17	6.597689e+06
5.977992e+17	6.625779e+06
6.022211e+17	6.653990e+06
6.066757e+17	6.682323e+06
6.111632e+17	6.710778e+06
6.156840e+17	6.739356e+06
6.202382e+17	6.768058e+06
6.248261e+17	6.796883e+06
6.294479e+17	6.825833e+06
6.341039e+17	6.854908e+06
6.387944e+17	6.884108e+06
6.435195e+17	6.913434e+06
6.482796e+17	6.942887e+06
6.530749e+17	6.972467e+06
6.579057e+17	7.002175e+06
6.627722e+17	7.032011e+06
6.676747e+17	7.061976e+06
6.726135e+17	7.092070e+06
6.775888e+17	7.122295e+06
6.826009e+17	7.152649e+06
6.876500e+17	7.183135e+06
6.927366e+17	7.213753e+06
6.978607e+17	7.244502e+06
7.030228e+17	7.275385e+06
7.082230e+17	7.306401e+06
7.134617e+17	7.337551e+06
7.187392e+17	7.368835e+06
7.240557e+17	7.400255e+06
7.294115e+17	7.431810e+06
7.348069e+17	7.463502e+06
7.402423e+17	7.495330e+06
7.457178e+17	7.527296e+06
7.512339e+17	7.559401e+06
7.567907e+17	7.591644e+06
7.623887e+17	7.624026e+06
7.680280e+17	7.656548e+06
7.737091e+17	7.689211e+06
7.794322e+17	7.722014e+06
7.851977e+17	7.754960e+06
7.910057e+17	7.788048e+06
7.968568e+17	7.821279e+06
8.027511e+17	7.854653e+06
8.086890e+17	7.888172e+06
8.146709e+17	7.921836e+06
8.206970e+17	7.955645e+06
8.267677e+17	7.989600e+06
8.328832e+17	8.023702e+06
8.390440e+17	8.057952e+06
8.452504e+17	8.092350e+06
8.515027e+17	8.126896e+06
8.578013e+17	8.161591e+06
8.641464e+17	8.196437e+06
8.705384e+17	8.231433e+06
8.769778e+17	8.266581e+06
8.834648e+17	8.301881e+06
8.899997e+17	8.337333e+06
8.965830e+17	8.372938e+06
9.032150e+17	8.408698e+06
9.098961e+17	8.444612e+06
9.166266e+17	8.480682e+06
9.234068e+17	8.516907e+06
9.302372e+17	8.553289e+06
9.371182e+17	8.589829e+06
9.440500e+17	8.626526e+06
9.510331e+17	8.663382e+06
9.580679e+17	8.700398e+06
9.651547e+17	8.737574e+06
9.722939e+17	8.774911e+06
9.794859e+17	8.812409e+06
9.867312e+17	8.850069e+06
9.940300e+17	8.887892e+06
1.001383e+18	8.925879e+06
1.008790e+18	8.964031e+06
1.016252e+18	9.002347e+06
1.023769e+18	9.040829e+06
1.031342e+18	9.079478e+06
1.038971e+18	9.118294e+06
1.046656e+18	9.157278e+06
1.054398e+18	9.196430e+06
1.062197e+18	9.235752e+06
1.070054e+18	9.275245e+06
1.077970e+18	9.314908e+06
1.085943e+18	9.354743e+06
1.093976e+18	9.394750e+06
1.102068e+18	9.434930e+06
1.110220e+18	9.475284e+06
1.118432e+18	9.515813e+06
1.126705e+18	9.556518e+06
1.135040e+18	9.597398e+06
1.143435e+18	9.638456e+06
1.151893e+18	9.679691e+06
1.160414e+18	9.721105e+06
1.168997e+18	9.762699e+06
1.177644e+18	9.804472e+06
1.186355e+18	9.846426e+06
1.195131e+18	9.888562e+06
1.203971e+18	9.930880e+06
1.212877e+18	9.973382e+06
1.221849e+18	1.001607e+07
1.230887e+18	1.005894e+07
1.239991e+18	1.010199e+07
1.249164e+18	1.014524e+07
1.258404e+18	1.018867e+07
1.267712e+18	1.023228e+07
1.277089e+18	1.027609e+07
1.286536e+18	1.032009e+07
1.296052e+18	1.036427e+07
1.305639e+18	1.040865e+07
1.315297e+18	1.045322e+07
1.325026e+18	1.049799e+07
1.334827e+18	1.054295e+07
1.344701e+18	1.058810e+07
1.354648e+18	1.063345e+07
1.364668e+18	1.067899e+07
1.374762e+18	1.072473e+07
1.384931e+18	1.077067e+07
1.395176e+18	1.081681e+07
1.405496e+18	1.086315e+07
1.415892e+18	1.090969e+07
1.426366e+18	1.095643e+07
1.436916e+18	1.100338e+07
1.447545e+18	1.105053e+07
1.458253e+18	1.109788e+07
1.469039e+18	1.114544e+07
1.479906e+18	1.119320e+07
1.490853e+18	1.124117e+07
1.501880e+18	1.128935e+07
1.512990e+18	1.133773e+07
1.524181e+18	1.138633e+07
1.535456e+18	1.143514e+07
1.546813e+18	1.148416e+07
1.558255e+18	1.153339e+07
1.569781e+18	1.158283e+07
1.581393e+18	1.163249e+07
1.593091e+18	1.168237e+07
1.604875e+18	1.173246e+07
1.616746e+18	1.178277e+07
1.628705e+18	1.183329e+07
1.640752e+18	1.188404e+07
1.652889e+18	1.193501e+07
1.665115e+18	1.198619e+07
1.677432e+18	1.203760e+07
1.689840e+18	1.208923e+07
1.702340e+18	1.214109e+07
1.714932e+18	1.219317e+07
1.727617e+18	1.224547e+07
1.740396e+18	1.229801e+07
1.753270e+18	1.235077e+07
1.766239e+18	1.240376e+07
1.779304e+18	1.245697e+07
1.792465e+18	1.251042e+07
1.805724e+18	1.256411e+07
1.819081e+18	1.261802e+07
1.832536e+18	1.267217e+07
1.846092e+18	1.272655e+07
1.859747e+18	1.278117e+07
1.873504e+18	1.283603e+07
1.887362e+18	1.289113e+07
1.901323e+18	1.294646e+07
1.915387e+18	1.300203e+07
1.929555e+18	1.305785e+07
1.943828e+18	1.311390e+07
1.958206e+18	1.317021e+07
1.972691e+18	1.322675e+07
1.987283e+18	1.328354e+07
2.001983e+18	1.334058e+07
2.016791e+18	1.339786e+07
2.031709e+18	1.345539e+07
2.046738e+18	1.351318e+07
2.061877e+18	1.357121e+07
2.077129e+18	1.362949e+07
2.092494e+18	1.368803e+07
2.107972e+18	1.374682e+07
2.123564e+18	1.380587e+07
2.139272e+18	1.386517e+07
2.155096e+18	1.392474e+07
2.171038e+18	1.398455e+07
2.187097e+18	1.404463e+07
2.203275e+18	1.410497e+07
2.219572e+18	1.416558e+07
2.235990e+18	1.422644e+07
2.252530e+18	1.428757e+07
2.269192e+18	1.434897e+07
2.285977e+18	1.441063e+07
2.302886e+18	1.447256e+07
2.319920e+18	1.453475e+07
2.337081e+18	1.459722e+07
2.354368e+18	1.465996e+07
2.371783e+18	1.472297e+07
2.389327e+18	1.478626e+07
2.407001e+18	1.484982e+07
2.424806e+18	1.491366e+07
2.442742e+18	1.497777e+07
2.460811e+18	1.504216e+07
2.479013e+18	1.510683e+07
2.497350e+18	1.517179e+07
2.515823e+18	1.523702e+07
2.534433e+18	1.530254e+07
2.553180e+18	1.536834e+07
2.572066e+18	1.543443e+07
2.591091e+18	1.550081e+07
2.610257e+18	1.556747e+07
2.629565e+18	1.563442e+07
2.649016e+18	1.570167e+07
2.668611e+18	1.576920e+07
2.688351e+18	1.583703e+07
2.708236e+18	1.590516e+07
2.728269e+18	1.597358e+07
2.748450e+18	1.604230e+07
2.768780e+18	1.611132e+07
2.789261e+18	1.618063e+07
2.809893e+18	1.625025e+07
2.830677e+18	1.632017e+07
2.851616e+18	1.639040e+07
2.872709e+18	1.646092e+07
2.893958e+18	1.653176e+07
2.915365e+18	1.660290e+07
2.936930e+18	1.667436e+07
2.958654e+18	1.674612e+07
2.980539e+18	1.681820e+07
3.002586e+18	1.689059e+07
3.024796e+18	1.696329e+07
3.047171e+18	1.703631e+07
3.069710e+18	1.710965e+07
3.092417e+18	1.718330e+07
3.115292e+18	1.725728e+07
3.138335e+18	1.733157e+07
3.161549e+18	1.740620e+07
3.184935e+18	1.748114e+07
3.208494e+18	1.755641e+07
3.232227e+18	1.763201e+07
3.256136e+18	1.770794e+07
3.280222e+18	1.778419e+07
3.304485e+18	1.786078e+07
3.328928e+18	1.793770e+07
3.353552e+18	1.801496e+07
3.378359e+18	1.809255e+07
3.403348e+18	1.817048e+07
3.428523e+18	1.824875e+07
3.453883e+18	1.832736e+07
3.479432e+18	1.840631e+07
3.505169e+18	1.848560e+07
3.531096e+18	1.856524e+07
3.557216e+18	1.864523e+07
3.583528e+18	1.872556e+07
3.610036e+18	1.880624e+07
3.636739e+18	1.888727e+07
3.663640e+18	1.896866e+07
3.690740e+18	1.905040e+07
3.718040e+18	1.913250e+07
3.745542e+18	1.921495e+07
3.773248e+18	1.929776e+07
3.801159e+18	1.938093e+07
3.829276e+18	1.946446e+07
3.857601e+18	1.954836e+07
3.886135e+18	1.963262e+07
3.914881e+18	1.971725e+07
3.943839e+18	1.980225e+07
3.973012e+18	1.988761e+07
4.002400e+18	1.997335e+07
4.032005e+18	2.005946e+07
4.061830e+18	2.014595e+07
4.091875e+18	2.023281e+07
4.122143e+18	2.032005e+07
4.152634e+18	2.040767e+07
4.183351e+18	2.049567e+07
4.214295e+18	2.058406e+07
4.245468e+18	2.067282e+07
4.276872e+18	2.076198e+07
4.308508e+18	2.085152e+07
4.340378e+18	2.094146e+07
4.372483e+18	2.103178e+07
4.404826e+18	2.112250e+07
4.437409e+18	2.121361e+07
4.470232e+18	2.130512e+07
4.503298e+18	2.139703e+07
4.536609e+18	2.148933e+07
4.570166e+18	2.158204e+07
4.603971e+18	2.167515e+07
4.638027e+18	2.176867e+07
4.672334e+18	2.186260e+07
4.706895e+18	2.195693e+07
4.741712e+18	2.205168e+07
4.776786e+18	2.214683e+07
4.812120e+18	2.224241e+07
4.847715e+18	2.233839e+07
4.883574e+18	2.243480e+07
4.919697e+18	2.253163e+07
4.956088e+18	2.262887e+07
4.992748e+18	2.272654e+07
5.029679e+18	2.282464e+07
5.066884e+18	2.292316e+07
5.104363e+18	2.302212e+07
5.142120e+18	2.312150e+07
5.180156e+18	2.322131e+07
5.218474e+18	2.332157e+07
5.257075e+18	2.342225e+07
5.295961e+18	2.352338e+07
5.335135e+18	2.362495e+07
5.374599e+18	2.372695e+07
5.414355e+18	2.382941e+07
5.454405e+18	2.393231e+07
5.494751e+18	2.403565e+07
5.535395e+18	2.413945e+07
5.576340e+18	2.424370e+07
5.617588e+18	2.434841e+07
5.659141e+18	2.445357e+07
5.701002e+18	2.455919e+07
5.743172e+18	2.466526e+07
5.785654e+18	2.477181e+07
5.828450e+18	2.487881e+07
5.871563e+18	2.498628e+07
5.914995e+18	2.509422e+07
5.958748e+18	2.520263e+07
6.002825e+18	2.531151e+07
6.047228e+18	2.542087e+07
6.091959e+18	2.553070e+07
6.137021e+18	2.564102e+07
6.182416e+18	2.575181e+07
6.228147e+18	2.586308e+07
6.274217e+18	2.597484e+07
6.320627e+18	2.608709e+07
6.367380e+18	2.619983e+07
6.414480e+18	2.631305e+07
6.461927e+18	2.642678e+07
6.509726e+18	2.654099e+07
6.557878e+18	2.665571e+07
6.606387e+18	2.677092e+07
6.655254e+18	2.688664e+07
6.704483e+18	2.700286e+07
6.754076e+18	2.711959e+07
6.804035e+18	2.723683e+07
6.854364e+18	2.735457e+07
6.905066e+18	2.747284e+07
6.956143e+18	2.759161e+07
7.007597e+18	2.771091e+07
7.059432e+18	2.783072e+07
7.111650e+18	2.795106e+07
7.164255e+18	2.807192e+07
7.217249e+18	2.819331e+07
7.270635e+18	2.831523e+07
7.324415e+18	2.843768e+07
7.378594e+18	2.856066e+07
7.433173e+18	2.868418e+07
7.488156e+18	2.880824e+07
7.543546e+18	2.893284e+07
7.599345e+18	2.905798e+07
7.655557e+18	2.918367e+07
7.712185e+18	2.930990e+07
7.769232e+18	2.943669e+07
7.826701e+18	2.956403e+07
7.884594e+18	2.969193e+07
7.942916e+18	2.982038e+07
8.001670e+18	2.994939e+07
8.060858e+18	3.007897e+07
8.120484e+18	3.020911e+07
8.180551e+18	3.033982e+07
8.241062e+18	3.047110e+07
8.302021e+18	3.060295e+07
8.363431e+18	3.073538e+07
8.425295e+18	3.086838e+07
8.487617e+18	3.100196e+07
8.550399e+18	3.113613e+07
8.613646e+18	3.127088e+07
8.677361e+18	3.140622e+07
8.741547e+18	3.154216e+07
8.806208e+18	3.167868e+07
8.871348e+18	3.181580e+07
8.936969e+18	3.195352e+07
9.003075e+18	3.209183e+07
9.069671e+18	3.223076e+07
9.136759e+18	3.237028e+07
9.204343e+18	3.251042e+07
9.272427e+18	3.265117e+07
9.341015e+18	3.279253e+07
9.410110e+18	3.293451e+07
9.479717e+18	3.307711e+07
9.549838e+18	3.322033e+07
9.620478e+18	3.336418e+07
9.691640e+18	3.350865e+07
9.763329e+18	3.365376e+07
9.835548e+18	3.379949e+07
9.908301e+18	3.394587e+07
9.981593e+18	3.409288e+07
1.005543e+19	3.424054e+07
1.012981e+19	3.438883e+07
1.020474e+19	3.453778e+07
1.028022e+19	3.468738e+07
1.035626e+19	3.483763e+07
1.043287e+19	3.498853e+07
1.051004e+19	3.514009e+07
1.058778e+19	3.529232e+07
1.066610e+19	3.544521e+07
1.074500e+19	3.559877e+07
1.082448e+19	3.575299e+07
1.090454e+19	3.590789e+07
1.098520e+19	3.606347e+07
1.106646e+19	3.621973e+07
1.114832e+19	3.637667e+07
1.123078e+19	3.653429e+07
1.131386e+19	3.669260e+07
1.139755e+19	3.685160e+07
1.148185e+19	3.701130e+07
1.156678e+19	3.717170e+07
1.165234e+19	3.733279e+07
1.173854e+19	3.749459e+07
1.182537e+19	3.765709e+07
1.191284e+19	3.782031e+07
1.200096e+19	3.798423e+07
1.208973e+19	3.814888e+07
1.217915e+19	3.831424e+07
1.226924e+19	3.848032e+07
1.236000e+19	3.864713e+07
1.245142e+19	3.881467e+07
1.254353e+19	3.898294e+07
1.263631e+19	3.915194e+07
1.272978e+19	3.932169e+07
1.282394e+19	3.949217e+07
1.291880e+19	3.966340e+07
1.301436e+19	3.983537e+07
1.311063e+19	4.000810e+07
1.320761e+19	4.018158e+07
1.330530e+19	4.035582e+07
1.340372e+19	4.053082e+07
1.350287e+19	4.070659e+07
1.360275e+19	4.088312e+07
1.370337e+19	4.106043e+07
1.380473e+19	4.123851e+07
1.390685e+19	4.141736e+07
1.400971e+19	4.159700e+07
1.411334e+19	4.177742e+07
1.421774e+19	4.195863e+07
1.432291e+19	4.214064e+07
1.442885e+19	4.232344e+07
1.453558e+19	4.250703e+07
1.464310e+19	4.269143e+07
1.475142e+19	4.287664e+07
1.486053e+19	4.306265e+07
1.497046e+19	4.324948e+07
1.508119e+19	4.343712e+07
1.519275e+19	4.362558e+07
1.530513e+19	4.381487e+07
1.541834e+19	4.400498e+07
1.553239e+19	4.419593e+07
1.564728e+19	4.438770e+07
1.576302e+19	4.458032e+07
1.587962e+19	4.477378e+07
1.599708e+19	4.496808e+07
1.611541e+19	4.516324e+07
1.623462e+19	4.535924e+07
1.635471e+19	4.555611e+07
1.647568e+19	4.575383e+07
1.659755e+19	4.595242e+07
1.672032e+19	4.615187e+07
1.684400e+19	4.635220e+07
1.696860e+19	4.655340e+07
1.709411e+19	4.675549e+07
1.722056e+19	4.695845e+07
1.734794e+19	4.716230e+07
1.747626e+19	4.736705e+07
1.760553e+19	4.757269e+07
1.773576e+19	4.777922e+07
1.786695e+19	4.798667e+07
1.799911e+19	4.819501e+07
1.813225e+19	4.840427e+07
1.826637e+19	4.861445e+07
1.840149e+19	4.882554e+07
1.853760e+19	4.903755e+07
1.867473e+19	4.925050e+07
1.881286e+19	4.946437e+07
1.895202e+19	4.967918e+07
1.909221e+19	4.989492e+07
1.923343e+19	5.011162e+07
1.937570e+19	5.032925e+07
1.951902e+19	5.054784e+07
1.966341e+19	5.076739e+07
1.980885e+19	5.098790e+07
1.995538e+19	5.120937e+07
2.010299e+19	5.143180e+07
2.025169e+19	5.165522e+07
2.040149e+19	5.187960e+07
2.055240e+19	5.210497e+07
2.070443e+19	5.233133e+07
2.085758e+19	5.255868e+07
2.101186e+19	5.278701e+07
2.116728e+19	5.301635e+07
2.132386e+19	5.324669e+07
2.148159e+19	5.347804e+07
2.164049e+19	5.371040e+07
2.180056e+19	5.394378e+07
2.196182e+19	5.417818e+07
2.212427e+19	5.441360e+07
2.228792e+19	5.465005e+07
2.245279e+19	5.488754e+07
2.261887e+19	5.512607e+07
2.278618e+19	5.536564e+07
2.295473e+19	5.560625e+07
2.312452e+19	5.584792e+07
2.329558e+19	5.609065e+07
2.346789e+19	5.633444e+07
2.364148e+19	5.657930e+07
2.381636e+19	5.682522e+07
2.399253e+19	5.707222e+07
2.417000e+19	5.732031e+07
2.434879e+19	5.756948e+07
2.452889e+19	5.781974e+07
2.471033e+19	5.807109e+07
2.489311e+19	5.832354e+07
2.507725e+19	5.857710e+07
2.526274e+19	5.883177e+07
2.544961e+19	5.908755e+07
2.563786e+19	5.934445e+07
2.582750e+19	5.960248e+07
2.601855e+19	5.986163e+07
2.621101e+19	6.012192e+07
2.640489e+19	6.038335e+07
2.660020e+19	6.064592e+07
2.679697e+19	6.090964e+07
2.699518e+19	6.117451e+07
2.719486e+19	6.144055e+07
2.739602e+19	6.170775e+07
2.759867e+19	6.197611e+07
2.780282e+19	6.224566e+07
2.800847e+19	6.251638e+07
2.821565e+19	6.278829e+07
2.842436e+19	6.306138e+07
2.863462e+19	6.333567e+07
2.884643e+19	6.361117e+07
2.905980e+19	6.388787e+07
2.927476e+19	6.416578e+07
2.949130e+19	6.444490e+07
2.970945e+19	6.472525e+07
2.992921e+19	6.500682e+07
3.015059e+19	6.528963e+07
3.037362e+19	6.557368e+07
3.059829e+19	6.585897e+07
3.082462e+19	6.614551e+07
3.105263e+19	6.643330e+07
3.128233e+19	6.672235e+07
3.151372e+19	6.701267e+07
3.174683e+19	6.730426e+07
3.198166e+19	6.759712e+07
3.221823e+19	6.789127e+07
3.245654e+19	6.818671e+07
3.269662e+19	6.848344e+07
3.293848e+19	6.878146e+07
3.318212e+19	6.908080e+07
3.342757e+19	6.938144e+07
3.367483e+19	6.968340e+07
3.392393e+19	6.998668e+07
3.417486e+19	7.029129e+07
3.442765e+19	7.059724e+07
3.468231e+19	7.090452e+07
3.493885e+19	7.121315e+07
3.519730e+19	7.152313e+07
3.545765e+19	7.183447e+07
3.571993e+19	7.214717e+07
3.598415e+19	7.246124e+07
3.625032e+19	7.277669e+07
3.651846e+19	7.309352e+07
3.678859e+19	7.341174e+07
3.706071e+19	7.373134e+07
3.733485e+19	7.405235e+07
3.761102e+19	7.437477e+07
3.788922e+19	7.469860e+07
3.816949e+19	7.502384e+07
3.845183e+19	7.535051e+07
3.873625e+19	7.567861e+07
3.902279e+19	7.600815e+07
3.931144e+19	7.633913e+07
3.960222e+19	7.667157e+07
3.989516e+19	7.700545e+07
4.019026e+19	7.734080e+07
4.048755e+19	7.767762e+07
4.078703e+19	7.801592e+07
4.108873e+19	7.835569e+07
4.139266e+19	7.869696e+07
4.169884e+19	7.903972e+07
4.200729e+19	7.938398e+07
4.231802e+19	7.972975e+07
4.263104e+19	8.007704e+07
4.294638e+19	8.042584e+07
4.326406e+19	8.077618e+07
4.358408e+19	8.112805e+07
4.390647e+19	8.148146e+07
4.423124e+19	8.183642e+07
4.455842e+19	8.219293e+07
4.488802e+19	8.255101e+07
4.522005e+19	8.291065e+07
4.555454e+19	8.327188e+07
4.589151e+19	8.363468e+07
4.623097e+19	8.399907e+07
4.657294e+19	8.436507e+07
4.691744e+19	8.473266e+07
4.726448e+19	8.510187e+07
4.761410e+19	8.547269e+07
4.796630e+19	8.584514e+07
4.832110e+19	8.621922e+07
4.867853e+19	8.659494e+07
4.903861e+19	8.697230e+07
4.940134e+19	8.735132e+07
4.976676e+19	8.773201e+07
5.013489e+19	8.811435e+07
5.050573e+19	8.849838e+07
5.087932e+19	8.888409e+07
5.125567e+19	8.927149e+07
5.163481e+19	8.966058e+07
5.201675e+19	9.005139e+07
5.240152e+19	9.044390e+07
5.278913e+19	9.083814e+07
5.317961e+19	9.123410e+07
5.357298e+19	9.163180e+07
5.396926e+19	9.203124e+07
5.436846e+19	9.243244e+07
5.477063e+19	9.283539e+07
5.517576e+19	9.324011e+07
5.558390e+19	9.364660e+07
5.599505e+19	9.405487e+07
5.640924e+19	9.446494e+07
5.682650e+19	9.487680e+07
5.724684e+19	9.529047e+07
5.767030e+19	9.570595e+07
5.809688e+19	9.612325e+07
5.852662e+19	9.654238e+07
5.895954e+19	9.696335e+07
5.939567e+19	9.738617e+07
5.983501e+19	9.781083e+07
6.027761e+19	9.823737e+07
6.072348e+19	9.866577e+07
6.117265e+19	9.909605e+07
6.162514e+19	9.952821e+07
6.208098e+19	9.996227e+07
6.254020e+19	1.003982e+08
6.300280e+19	1.008361e+08
6.346883e+19	1.012759e+08
6.393831e+19	1.017176e+08
6.441126e+19	1.021613e+08
6.488771e+19	1.026069e+08
6.536768e+19	1.030545e+08
6.585120e+19	1.035040e+08
6.633830e+19	1.039555e+08
6.682900e+19	1.044089e+08
6.732334e+19	1.048644e+08
6.782133e+19	1.053219e+08
6.832300e+19	1.057813e+08
6.882838e+19	1.062428e+08
6.933750e+19	1.067063e+08
6.985039e+19	1.071719e+08
7.036707e+19	1.076394e+08
7.088757e+19	1.081091e+08
7.141193e+19	1.085808e+08
7.194016e+19	1.090545e+08
7.247230e+19	1.095304e+08
7.300837e+19	1.100083e+08
7.354841e+19	1.104883e+08
7.409245e+19	1.109704e+08
7.464051e+19	1.114547e+08
7.519262e+19	1.119410e+08
7.574882e+19	1.124295e+08
7.630913e+19	1.129202e+08
7.687359e+19	1.134130e+08
7.744222e+19	1.139079e+08
7.801506e+19	1.144050e+08
7.859213e+19	1.149044e+08
7.917348e+19	1.154059e+08
7.975912e+19	1.159095e+08
8.034910e+19	1.164155e+08
8.094344e+19	1.169236e+08
8.154217e+19	1.174339e+08
8.214534e+19	1.179465e+08
8.275296e+19	1.184614e+08
8.336508e+19	1.189785e+08
8.398173e+19	1.194978e+08
8.460294e+19	1.200195e+08
8.522875e+19	1.205434e+08
8.585918e+19	1.210697e+08
8.649428e+19	1.215982e+08
8.713408e+19	1.221291e+08
8.777861e+19	1.226623e+08
8.842790e+19	1.231978e+08
8.908200e+19	1.237357e+08
8.974094e+19	1.242759e+08
9.040475e+19	1.248186e+08
9.107347e+19	1.253636e+08
9.174714e+19	1.259109e+08
9.242579e+19	1.264607e+08
9.310946e+19	1.270129e+08
9.379819e+19	1.275676e+08
9.449201e+19	1.281246e+08
9.519096e+19	1.286841e+08
9.589509e+19	1.292461e+08
9.660442e+19	1.298105e+08
9.731900e+19	1.303774e+08
9.803887e+19	1.309468e+08
9.876406e+19	1.315187e+08
9.949461e+19	1.320931e+08
1.002306e+20	1.326700e+08
1.009720e+20	1.332495e+08
1.017189e+20	1.338314e+08
1.024713e+20	1.344160e+08
1.032292e+20	1.350031e+08
1.039928e+20	1.355928e+08
1.047621e+20	1.361851e+08
1.055370e+20	1.367800e+08
1.063176e+20	1.373775e+08
1.071041e+20	1.379776e+08
1.078963e+20	1.385803e+08
1.086944e+20	1.391857e+08
1.094984e+20	1.397938e+08
1.103084e+20	1.404045e+08
1.111243e+20	1.410179e+08
1.119463e+20	1.416340e+08
1.127744e+20	1.422528e+08
1.136086e+20	1.428743e+08
1.144489e+20	1.434985e+08
1.152955e+20	1.441255e+08
1.161483e+20	1.447553e+08
1.170075e+20	1.453878e+08
1.178730e+20	1.460230e+08
1.187449e+20	1.466611e+08
1.196232e+20	1.473020e+08
1.205081e+20	1.479456e+08
1.213995e+20	1.485922e+08
1.222975e+20	1.492415e+08
1.232021e+20	1.498937e+08
1.241134e+20	1.505488e+08
1.250315e+20	1.512067e+08
1.259563e+20	1.518675e+08
1.268880e+20	1.525313e+08
1.278266e+20	1.531979e+08
1.287722e+20	1.538675e+08
1.297247e+20	1.545400e+08
1.306842e+20	1.552154e+08
1.316509e+20	1.558939e+08
1.326247e+20	1.565753e+08
1.336058e+20	1.572597e+08
1.345940e+20	1.579471e+08
1.355896e+20	1.586375e+08
1.365926e+20	1.593310e+08
1.376029e+20	1.600275e+08
1.386208e+20	1.607270e+08
1.396462e+20	1.614296e+08
1.406791e+20	1.621354e+08
1.417197e+20	1.628442e+08
1.427680e+20	1.635561e+08
1.438241e+20	1.642712e+08
1.448879e+20	1.649894e+08
1.459597e+20	1.657107e+08
1.470393e+20	1.664352e+08
1.481270e+20	1.671629e+08
1.492227e+20	1.678938e+08
1.503265e+20	1.686279e+08
1.514384e+20	1.693653e+08
1.525586e+20	1.701058e+08
1.536871e+20	1.708497e+08
1.548239e+20	1.715968e+08
1.559691e+20	1.723471e+08
1.571228e+20	1.731008e+08
1.582850e+20	1.738578e+08
1.594559e+20	1.746181e+08
1.606354e+20	1.753817e+08
1.618236e+20	1.761487e+08
1.630206e+20	1.769191e+08
1.642264e+20	1.776928e+08
1.654412e+20	1.784700e+08
1.666650e+20	1.792505e+08
1.678978e+20	1.800345e+08
1.691397e+20	1.808220e+08
1.703909e+20	1.816129e+08
1.716512e+20	1.824072e+08
1.729209e+20	1.832051e+08
1.742000e+20	1.840065e+08
1.754886e+20	1.848114e+08
1.767867e+20	1.856198e+08
1.780943e+20	1.864318e+08
1.794117e+20	1.872473e+08
1.807388e+20	1.880664e+08
1.820757e+20	1.888891e+08
1.834225e+20	1.897155e+08
1.847793e+20	1.905455e+08
1.861461e+20	1.913791e+08
1.875230e+20	1.922164e+08
1.889101e+20	1.930573e+08
1.903075e+20	1.939020e+08
1.917152e+20	1.947503e+08
1.931333e+20	1.956024e+08
1.945619e+20	1.964583e+08
1.960011e+20	1.973179e+08
1.974509e+20	1.981812e+08
1.989114e+20	1.990484e+08
2.003828e+20	1.999194e+08
2.018650e+20	2.007942e+08
2.033582e+20	2.016728e+08
2.048624e+20	2.025553e+08
2.063778e+20	2.034417e+08
2.079043e+20	2.043320e+08
2.094422e+20	2.052262e+08
2.109914e+20	2.061243e+08
2.125521e+20	2.070264e+08
2.141244e+20	2.079325e+08
2.157083e+20	2.088425e+08
2.173038e+20	2.097565e+08
2.189112e+20	2.106745e+08
2.205305e+20	2.115966e+08
2.221618e+20	2.125227e+08
2.238051e+20	2.134529e+08
2.254606e+20	2.143872e+08
2.271283e+20	2.153256e+08
2.288084e+20	2.162681e+08
2.305009e+20	2.172148e+08
2.322059e+20	2.181656e+08
2.339235e+20	2.191206e+08
2.356538e+20	2.200798e+08
2.373969e+20	2.210432e+08
2.391529e+20	2.220109e+08
2.409220e+20	2.229828e+08
2.427040e+20	2.239589e+08
2.444993e+20	2.249394e+08
2.463079e+20	2.259242e+08
2.481298e+20	2.269133e+08
2.499652e+20	2.279067e+08
2.518142e+20	2.289045e+08
2.536769e+20	2.299067e+08
2.555533e+20	2.309133e+08
2.574436e+20	2.319244e+08
2.593479e+20	2.329399e+08
2.612663e+20	2.339598e+08
2.631989e+20	2.349842e+08
2.651458e+20	2.360132e+08
2.671070e+20	2.370466e+08
2.690828e+20	2.380846e+08
2.710732e+20	2.391272e+08
2.730783e+20	2.401743e+08
2.750983e+20	2.412261e+08
2.771332e+20	2.422824e+08
2.791831e+20	2.433435e+08
2.812482e+20	2.444091e+08
2.833286e+20	2.454795e+08
2.854244e+20	2.465546e+08
2.875357e+20	2.476344e+08
2.896626e+20	2.487189e+08
2.918052e+20	2.498083e+08
2.939637e+20	2.509024e+08
2.961381e+20	2.520013e+08
2.983286e+20	2.531050e+08
3.005354e+20	2.542136e+08
3.027584e+20	2.553271e+08
3.049979e+20	2.564455e+08
3.072540e+20	2.575688e+08
3.095267e+20	2.586970e+08
3.118163e+20	2.598302e+08
3.141228e+20	2.609684e+08
3.164463e+20	2.621116e+08
3.187871e+20	2.632598e+08
3.211451e+20	2.644131e+08
3.235206e+20	2.655714e+08
3.259137e+20	2.667348e+08
3.283245e+20	2.679034e+08
3.307531e+20	2.690770e+08
3.331997e+20	2.702559e+08
3.356643e+20	2.714399e+08
3.381472e+20	2.726291e+08
3.406485e+20	2.738236e+08
3.431683e+20	2.750233e+08
3.457067e+20	2.762283e+08
3.482638e+20	2.774386e+08
3.508399e+20	2.786542e+08
3.534351e+20	2.798752e+08
3.560494e+20	2.811015e+08
3.586831e+20	2.823333e+08
3.613363e+20	2.835704e+08
3.640091e+20	2.848130e+08
3.667016e+20	2.860610e+08
3.694141e+20	2.873146e+08
3.721467e+20	2.885736e+08
3.748994e+20	2.898382e+08
3.776726e+20	2.911084e+08
3.804662e+20	2.923841e+08
3.832805e+20	2.936655e+08
3.861156e+20	2.949525e+08
3.889717e+20	2.962451e+08
3.918489e+20	2.975435e+08
3.947474e+20	2.988475e+08
3.976673e+20	3.001573e+08
4.006089e+20	3.014729e+08
4.035721e+20	3.027942e+08
4.065574e+20	3.041214e+08
4.095646e+20	3.054544e+08
4.125942e+20	3.067932e+08
4.156461e+20	3.081380e+08
4.187207e+20	3.094886e+08
4.218179e+20	3.108452e+08
4.249381e+20	3.122078e+08
4.280813e+20	3.135764e+08
4.312479e+20	3.149509e+08
4.344378e+20	3.163316e+08
4.376513e+20	3.177183e+08
4.408886e+20	3.191111e+08
4.441498e+20	3.205100e+08
4.474352e+20	3.219151e+08
4.507449e+20	3.233264e+08
4.540790e+20	3.247439e+08
4.574378e+20	3.261676e+08
4.608215e+20	3.275976e+08
4.642302e+20	3.290339e+08
4.676641e+20	3.304765e+08
4.711233e+20	3.319254e+08
4.746082e+20	3.333807e+08
4.781189e+20	3.348424e+08
4.816555e+20	3.363106e+08
4.852183e+20	3.377852e+08
4.888075e+20	3.392663e+08
4.924232e+20	3.407539e+08
4.960656e+20	3.422481e+08
4.997350e+20	3.437489e+08
5.034315e+20	3.452562e+08
5.071554e+20	3.467702e+08
5.109068e+20	3.482908e+08
5.146859e+20	3.498182e+08
5.184931e+20	3.513522e+08
5.223283e+20	3.528930e+08
5.261920e+20	3.544406e+08
5.300842e+20	3.559950e+08
5.340052e+20	3.575563e+08
5.379552e+20	3.591244e+08
5.419345e+20	3.606994e+08
5.459432e+20	3.622813e+08
5.499815e+20	3.638702e+08
5.540497e+20	3.654661e+08
5.581480e+20	3.670691e+08
5.622766e+20	3.686790e+08
5.664357e+20	3.702961e+08
5.706256e+20	3.719203e+08
5.748465e+20	3.735516e+08
5.790986e+20	3.751901e+08
5.833822e+20	3.768358e+08
5.876975e+20	3.784888e+08
5.920447e+20	3.801490e+08
5.964240e+20	3.818166e+08
6.008357e+20	3.834915e+08
6.052801e+20	3.851737e+08
6.097573e+20	3.868634e+08
6.142677e+20	3.885605e+08
6.188114e+20	3.902651e+08
6.233887e+20	3.919772e+08
6.279999e+20	3.936968e+08
6.326452e+20	3.954239e+08
6.373249e+20	3.971587e+08
6.420392e+20	3.989012e+08
6.467883e+20	4.006512e+08
6.515726e+20	4.024090e+08
6.563922e+20	4.041746e+08
6.612475e+20	4.059479e+08
6.661388e+20	4.077290e+08
6.710662e+20	4.095179e+08
6.760300e+20	4.113148e+08
6.810306e+20	4.131195e+08
6.860682e+20	4.149322e+08
6.911430e+20	4.167529e+08
6.962554e+20	4.185815e+08
7.014055e+20	4.204183e+08
7.065938e+20	4.222631e+08
7.118205e+20	4.241160e+08
7.170858e+20	4.259771e+08
7.223900e+20	4.278464e+08
7.277335e+20	4.297239e+08
7.331166e+20	4.316097e+08
7.385394e+20	4.335038e+08
7.440024e+20	4.354062e+08
7.495057e+20	4.373171e+08
7.550498e+20	4.392363e+08
7.606349e+20	4.411639e+08
7.662613e+20	4.431001e+08
7.719293e+20	4.450448e+08
7.776392e+20	4.469980e+08
7.833914e+20	4.489599e+08
7.891861e+20	4.509303e+08
7.950237e+20	4.529095e+08
8.009045e+20	4.548974e+08
8.068287e+20	4.568940e+08
8.127968e+20	4.588994e+08
8.188091e+20	4.609137e+08
8.248658e+20	4.629368e+08
8.309673e+20	4.649688e+08
8.371139e+20	4.670098e+08
8.433060e+20	4.690598e+08
8.495439e+20	4.711188e+08
8.558280e+20	4.731868e+08
8.621585e+20	4.752640e+08
8.685359e+20	4.773503e+08
8.749604e+20	4.794458e+08
8.814325e+20	4.815505e+08
8.879524e+20	4.836645e+08
8.945205e+20	4.857878e+08
9.011373e+20	4.879205e+08
9.078030e+20	4.900625e+08
9.145180e+20	4.922140e+08
9.212826e+20	4.943750e+08
9.280973e+20	4.965455e+08
9.349624e+20	4.987255e+08
9.418783e+20	5.009151e+08
9.488454e+20	5.031144e+08
9.558639e+20	5.053234e+08
9.629344e+20	5.075421e+08
9.700572e+20	5.097705e+08
9.772327e+20	5.120088e+08
9.844613e+20	5.142570e+08
9.917433e+20	5.165150e+08
9.990792e+20	5.187830e+08
1.006469e+21	5.210610e+08
1.013914e+21	5.233490e+08
1.021414e+21	5.256471e+08
1.028969e+21	5.279553e+08
1.036581e+21	5.302736e+08
1.044248e+21	5.326022e+08
1.051973e+21	5.349411e+08
1.059754e+21	5.372902e+08
1.067593e+21	5.396497e+08
1.075490e+21	5.420196e+08
1.083445e+21	5.443999e+08
1.091459e+21	5.467908e+08
1.099533e+21	5.491921e+08
1.107666e+21	5.516040e+08
1.115860e+21	5.540266e+08
1.124113e+21	5.564598e+08
1.132429e+21	5.589037e+08
1.140805e+21	5.613584e+08
1.149244e+21	5.638240e+08
1.157744e+21	5.663003e+08
1.166308e+21	5.687876e+08
1.174935e+21	5.712859e+08
1.183626e+21	5.737951e+08
1.192382e+21	5.763154e+08
1.201202e+21	5.788468e+08
1.210087e+21	5.813894e+08
1.219038e+21	5.839432e+08
1.228055e+21	5.865082e+08
1.237139e+21	5.890845e+08
1.246290e+21	5.916721e+08
1.255509e+21	5.942712e+08
1.264796e+21	5.968817e+08
1.274151e+21	5.995037e+08
1.283576e+21	6.021373e+08
1.293071e+21	6.047825e+08
1.302636e+21	6.074393e+08
1.312271e+21	6.101078e+08
1.321978e+21	6.127881e+08
1.331757e+21	6.154802e+08
1.341608e+21	6.181842e+08
1.351531e+21	6.209001e+08
1.361529e+21	6.236279e+08
1.371600e+21	6.263678e+08
1.381746e+21	6.291197e+08
1.391966e+21	6.318837e+08
1.402263e+21	6.346600e+08
1.412635e+21	6.374485e+08
1.423084e+21	6.402492e+08
1.433611e+21	6.430623e+08
1.444215e+21	6.458878e+08
1.454898e+21	6.487257e+08
1.465660e+21	6.515762e+08
1.476501e+21	6.544392e+08
1.487423e+21	6.573148e+08
1.498425e+21	6.602031e+08
1.509509e+21	6.631041e+08
1.520675e+21	6.660180e+08
1.531923e+21	6.689446e+08
1.543255e+21	6.718841e+08
1.554670e+21	6.748366e+08
1.566170e+21	6.778022e+08
1.577755e+21	6.807807e+08
1.589426e+21	6.837724e+08
1.601183e+21	6.867773e+08
1.613027e+21	6.897955e+08
1.624958e+21	6.928269e+08
1.636978e+21	6.958717e+08
1.649087e+21	6.989299e+08
1.661285e+21	7.020016e+08
1.673573e+21	7.050868e+08
1.685953e+21	7.081856e+08
1.698424e+21	7.112981e+08
1.710987e+21	7.144243e+08
1.723643e+21	7.175643e+08
1.736393e+21	7.207181e+08
1.749237e+21	7.238858e+08
1.762176e+21	7.270675e+08
1.775210e+21	7.302632e+08
1.788342e+21	7.334730e+08
1.801570e+21	7.366969e+08
1.814896e+21	7.399350e+08
1.828321e+21	7.431875e+08
1.841845e+21	7.464542e+08
1.855469e+21	7.497354e+08
1.869194e+21	7.530310e+08
1.883020e+21	7.563411e+08
1.896949e+21	7.596658e+08
1.910980e+21	7.630052e+08
1.925116e+21	7.663593e+08
1.939356e+21	7.697282e+08
1.953701e+21	7.731119e+08
1.968153e+21	7.765106e+08
1.982711e+21	7.799242e+08
1.997377e+21	7.833529e+08
2.012152e+21	7.867967e+08
2.027036e+21	7.902556e+08
2.042030e+21	7.937298e+08
2.057134e+21	7.972194e+08
2.072351e+21	8.007243e+08
2.087680e+21	8.042446e+08
2.103123e+21	8.077805e+08
2.118679e+21	8.113320e+08
2.134351e+21	8.148991e+08
2.150139e+21	8.184820e+08
2.166043e+21	8.220806e+08
2.182065e+21	8.256951e+08
2.198206e+21	8.293256e+08
2.214466e+21	8.329720e+08
2.230847e+21	8.366346e+08
2.247348e+21	8.403132e+08
2.263972e+21	8.440081e+08
2.280718e+21	8.477193e+08
2.297589e+21	8.514468e+08
2.314584e+21	8.551908e+08
2.331705e+21	8.589513e+08
2.348952e+21	8.627283e+08
2.366327e+21	8.665220e+08
2.383831e+21	8.703325e+08
2.401464e+21	8.741597e+08
2.419228e+21	8.780038e+08
2.437123e+21	8.818649e+08
2.455150e+21	8.857429e+08
2.473311e+21	8.896381e+08
2.491606e+21	8.935505e+08
2.510036e+21	8.974801e+08
2.528603e+21	9.014270e+08
2.547307e+21	9.053913e+08
2.566149e+21	9.093731e+08
2.585131e+21	9.133725e+08
2.604253e+21	9.173895e+08
2.623516e+21	9.214242e+08
2.642922e+21	9.254767e+08
2.662472e+21	9.295471e+08
2.682166e+21	9.336354e+08
2.702006e+21	9.377417e+08
2.721993e+21	9.418662e+08
2.742127e+21	9.460088e+08
2.762411e+21	9.501697e+08
2.782844e+21	9.543490e+08
2.803429e+21	9.585467e+08
2.824166e+21	9.627628e+08
2.845056e+21	9.669976e+08
2.866101e+21	9.712511e+08
2.887301e+21	9.755233e+08
2.908659e+21	9.798143e+08
2.930174e+21	9.841243e+08
2.951848e+21	9.884533e+08
2.973683e+21	9.928014e+08
2.995679e+21	9.971686e+08
3.017838e+21	1.001555e+09
3.040161e+21	1.005961e+09
3.062649e+21	1.010386e+09
3.085303e+21	1.014831e+09
3.108125e+21	1.019295e+09
3.131116e+21	1.023779e+09
3.154277e+21	1.028283e+09
3.177609e+21	1.032807e+09
3.201113e+21	1.037351e+09
3.224792e+21	1.041914e+09
3.248646e+21	1.046498e+09
3.272676e+21	1.051102e+09
3.296884e+21	1.055727e+09
3.321271e+21	1.060371e+09
3.345838e+21	1.065037e+09
3.370587e+21	1.069722e+09
3.395519e+21	1.074429e+09
3.420636e+21	1.079156e+09
3.445938e+21	1.083904e+09
3.471428e+21	1.088673e+09
3.497106e+21	1.093463e+09
3.522974e+21	1.098274e+09
3.549033e+21	1.103107e+09
3.575285e+21	1.107961e+09
3.601731e+21	1.112836e+09
3.628373e+21	1.117732e+09
3.655212e+21	1.122650e+09
3.682250e+21	1.127590e+09
3.709487e+21	1.132552e+09
3.736926e+21	1.137536e+09
3.764568e+21	1.142541e+09
3.792414e+21	1.147569e+09
3.820467e+21	1.152619e+09
3.848727e+21	1.157691e+09
3.877196e+21	1.162785e+09
3.905875e+21	1.167902e+09
3.934767e+21	1.173042e+09
3.963872e+21	1.178204e+09
3.993193e+21	1.183389e+09
4.022730e+21	1.188597e+09
4.052486e+21	1.193827e+09
4.082462e+21	1.199081e+09
4.112660e+21	1.204358e+09
4.143081e+21	1.209659e+09
4.173728e+21	1.214982e+09
4.204601e+21	1.220330e+09
4.235702e+21	1.225700e+09
4.267033e+21	1.231095e+09
4.298596e+21	1.236513e+09
4.330393e+21	1.241955e+09
4.362425e+21	1.247421e+09
4.394693e+21	1.252912e+09
4.427201e+21	1.258426e+09
4.459949e+21	1.263965e+09
4.492939e+21	1.269528e+09
4.526173e+21	1.275116e+09
4.559653e+21	1.280729e+09
4.593381e+21	1.286366e+09
4.627358e+21	1.292028e+09
4.661586e+21	1.297715e+09
4.696068e+21	1.303427e+09
4.730804e+21	1.309164e+09
4.765798e+21	1.314927e+09
4.801050e+21	1.320715e+09
4.836564e+21	1.326529e+09
4.872340e+21	1.332368e+09
4.908380e+21	1.338233e+09
4.944687e+21	1.344124e+09
4.981263e+21	1.350041e+09
5.018109e+21	1.355984e+09
5.055228e+21	1.361953e+09
5.092621e+21	1.367949e+09
5.130291e+21	1.373971e+09
5.168240e+21	1.380019e+09
5.206469e+21	1.386095e+09
5.244981e+21	1.392197e+09
5.283778e+21	1.398326e+09
5.322862e+21	1.404482e+09
5.362235e+21	1.410665e+09
5.401900e+21	1.416875e+09
5.441857e+21	1.423113e+09
5.482111e+21	1.429379e+09
5.522662e+21	1.435672e+09
5.563513e+21	1.441993e+09
5.604666e+21	1.448341e+09
5.646123e+21	1.454718e+09
5.687887e+21	1.461123e+09
5.729961e+21	1.467556e+09
5.772345e+21	1.474018e+09
5.815043e+21	1.480508e+09
5.858056e+21	1.487026e+09
5.901388e+21	1.493574e+09
5.945041e+21	1.500150e+09
5.989016e+21	1.506755e+09
6.033317e+21	1.513390e+09
6.077945e+21	1.520054e+09
6.122903e+21	1.526747e+09
6.168194e+21	1.533469e+09
6.213820e+21	1.540222e+09
6.259783e+21	1.547004e+09
6.306087e+21	1.553816e+09
6.352733e+21	1.560658e+09
6.399724e+21	1.567530e+09
6.447062e+21	1.574433e+09
6.494751e+21	1.581366e+09
6.542793e+21	1.588330e+09
6.591189e+21	1.595324e+09
6.639944e+21	1.602350e+09
6.689060e+21	1.609406e+09
6.738538e+21	1.616494e+09
6.788383e+21	1.623612e+09
6.838597e+21	1.630762e+09
6.889182e+21	1.637944e+09
6.940141e+21	1.645158e+09
6.991477e+21	1.652403e+09
7.043192e+21	1.659680e+09
7.095291e+21	1.666989e+09
7.147774e+21	1.674331e+09
7.200646e+21	1.681705e+09
7.253909e+21	1.689111e+09
7.307566e+21	1.696551e+09
7.361620e+21	1.704023e+09
7.416074e+21	1.711528e+09
7.470930e+21	1.719066e+09
7.526192e+21	1.726637e+09
7.581863e+21	1.734242e+09
7.637946e+21	1.741881e+09
7.694444e+21	1.749553e+09
7.751359e+21	1.757259e+09
7.808696e+21	1.764999e+09
7.866457e+21	1.772773e+09
7.924645e+21	1.780581e+09
7.983263e+21	1.788424e+09
8.042315e+21	1.796302e+09
8.101804e+21	1.804214e+09
8.161732e+21	1.812161e+09
8.222105e+21	1.820144e+09
8.282923e+21	1.828161e+09
8.344192e+21	1.836214e+09
8.405914e+21	1.844303e+09
8.468092e+21	1.852427e+09
8.530730e+21	1.860587e+09
8.593832e+21	1.868783e+09
8.657400e+21	1.877015e+09
8.721438e+21	1.885284e+09
8.785951e+21	1.893589e+09
8.850940e+21	1.901930e+09
8.916410e+21	1.910309e+09
8.982365e+21	1.918724e+09
9.048807e+21	1.927177e+09
9.115741e+21	1.935667e+09
9.183169e+21	1.944195e+09
9.251097e+21	1.952760e+09
9.319527e+21	1.961363e+09
9.388463e+21	1.970003e+09
9.457910e+21	1.978682e+09
9.527869e+21	1.987400e+09
9.598347e+21	1.996156e+09
9.669346e+21	2.004950e+09
9.740869e+21	2.013783e+09
9.812922e+21	2.022656e+09
9.885508e+21	2.031567e+09
9.958631e+21	2.040518e+09
1.003229e+22	2.049508e+09
1.010650e+22	2.058538e+09
1.018126e+22	2.067608e+09
1.025657e+22	2.076718e+09
1.033244e+22	2.085868e+09
1.040887e+22	2.095059e+09
1.048586e+22	2.104290e+09
1.056343e+22	2.113562e+09
1.064156e+22	2.122874e+09
1.072028e+22	2.132228e+09
1.079958e+22	2.141623e+09
1.087946e+22	2.151060e+09
1.095993e+22	2.160538e+09
1.104100e+22	2.170058e+09
1.112267e+22	2.179621e+09
1.120495e+22	2.189225e+09
1.128783e+22	2.198872e+09
1.137133e+22	2.208561e+09
1.145544e+22	2.218293e+09
1.154018e+22	2.228069e+09
1.162554e+22	2.237887e+09
1.171153e+22	2.247748e+09
1.179816e+22	2.257654e+09
1.188543e+22	2.267603e+09
1.197335e+22	2.277595e+09
1.206192e+22	2.287632e+09
1.215114e+22	2.297714e+09
1.224102e+22	2.307839e+09
1.233157e+22	2.318010e+09
1.242278e+22	2.328225e+09
1.251467e+22	2.338486e+09
1.260724e+22	2.348792e+09
1.270050e+22	2.359143e+09
1.279444e+22	2.369540e+09
1.288908e+22	2.379983e+09
1.298442e+22	2.390472e+09
1.308047e+22	2.401007e+09
1.317723e+22	2.411589e+09
1.327470e+22	2.422218e+09
1.337289e+22	2.432893e+09
1.347181e+22	2.443616e+09
1.357146e+22	2.454386e+09
1.367185e+22	2.465203e+09
1.377298e+22	2.476069e+09
1.387485e+22	2.486982e+09
1.397749e+22	2.497943e+09
1.408088e+22	2.508953e+09
1.418503e+22	2.520012e+09
1.428996e+22	2.531119e+09
1.439566e+22	2.542275e+09
1.450215e+22	2.553481e+09
1.460942e+22	2.564736e+09
1.471748e+22	2.576041e+09
1.482635e+22	2.587396e+09
1.493602e+22	2.598800e+09
1.504650e+22	2.610256e+09
1.515780e+22	2.621761e+09
1.526992e+22	2.633318e+09
1.538287e+22	2.644926e+09
1.549666e+22	2.656585e+09
1.561129e+22	2.668295e+09
1.572676e+22	2.680057e+09
1.584309e+22	2.691871e+09
1.596028e+22	2.703737e+09
1.607834e+22	2.715656e+09
1.619727e+22	2.727627e+09
1.631708e+22	2.739651e+09
1.643778e+22	2.751729e+09
1.655937e+22	2.763859e+09
1.668186e+22	2.776043e+09
1.680525e+22	2.788281e+09
1.692956e+22	2.800573e+09
1.705479e+22	2.812919e+09
1.718094e+22	2.825320e+09
1.730803e+22	2.837776e+09
1.743606e+22	2.850286e+09
1.756503e+22	2.862852e+09
1.769496e+22	2.875473e+09
1.782585e+22	2.888150e+09
1.795771e+22	2.900883e+09
1.809054e+22	2.913673e+09
1.822435e+22	2.926518e+09
1.835916e+22	2.939421e+09
1.849496e+22	2.952380e+09
1.863177e+22	2.965397e+09
1.876959e+22	2.978471e+09
1.890842e+22	2.991603e+09
1.904829e+22	3.004793e+09
1.918919e+22	3.018041e+09
1.933113e+22	3.031348e+09
1.947412e+22	3.044713e+09
1.961817e+22	3.058138e+09
1.976329e+22	3.071621e+09
1.990948e+22	3.085165e+09
2.005674e+22	3.098768e+09
2.020510e+22	3.112431e+09
2.035456e+22	3.126155e+09
2.050512e+22	3.139939e+09
2.065680e+22	3.153784e+09
2.080960e+22	3.167690e+09
2.096352e+22	3.181658e+09
2.111859e+22	3.195687e+09
2.127480e+22	3.209778e+09
2.143217e+22	3.223932e+09
2.159071e+22	3.238148e+09
2.175041e+22	3.252427e+09
2.191130e+22	3.266769e+09
2.207338e+22	3.281174e+09
2.223665e+22	3.295643e+09
2.240114e+22	3.310176e+09
2.256684e+22	3.324773e+09
2.273376e+22	3.339434e+09
2.290192e+22	3.354160e+09
2.307133e+22	3.368951e+09
2.324199e+22	3.383808e+09
2.341391e+22	3.398730e+09
2.358710e+22	3.413718e+09
2.376157e+22	3.428773e+09
2.393734e+22	3.443894e+09
2.411440e+22	3.459081e+09
2.429277e+22	3.474336e+09
2.447247e+22	3.489658e+09
2.465349e+22	3.505048e+09
2.483585e+22	3.520506e+09
2.501956e+22	3.536032e+09
2.520463e+22	3.551626e+09
2.539107e+22	3.567290e+09
2.557888e+22	3.583022e+09
2.576809e+22	3.598825e+09
2.595870e+22	3.614697e+09
2.615071e+22	3.630639e+09
2.634415e+22	3.646651e+09
2.653901e+22	3.662735e+09
2.673532e+22	3.678889e+09
2.693308e+22	3.695115e+09
2.713231e+22	3.711412e+09
2.733300e+22	3.727781e+09
2.753518e+22	3.744223e+09
2.773886e+22	3.760737e+09
2.794404e+22	3.777325e+09
2.815075e+22	3.793985e+09
2.835898e+22	3.810719e+09
2.856875e+22	3.827527e+09
2.878007e+22	3.844410e+09
2.899295e+22	3.861367e+09
2.920741e+22	3.878398e+09
2.942346e+22	3.895505e+09
2.964110e+22	3.912688e+09
2.986036e+22	3.929947e+09
3.008123e+22	3.947281e+09
3.030374e+22	3.964693e+09
3.052790e+22	3.982181e+09
3.075371e+22	3.999747e+09
3.098120e+22	4.017390e+09
3.121037e+22	4.035111e+09
3.144123e+22	4.052910e+09
3.167380e+22	4.070788e+09
3.190809e+22	4.088745e+09
3.214411e+22	4.106782e+09
3.238188e+22	4.124898e+09
3.262141e+22	4.143094e+09
3.286271e+22	4.161370e+09
3.310579e+22	4.179727e+09
3.335067e+22	4.198166e+09
3.359737e+22	4.216686e+09
3.384589e+22	4.235287e+09
3.409624e+22	4.253971e+09
3.434845e+22	4.272737e+09
3.460253e+22	4.291586e+09
3.485848e+22	4.310519e+09
3.511633e+22	4.329535e+09
3.537608e+22	4.348635e+09
3.563776e+22	4.367820e+09
3.590137e+22	4.387089e+09
3.616693e+22	4.406444e+09
3.643446e+22	4.425884e+09
3.670396e+22	4.445410e+09
3.697546e+22	4.465022e+09
3.724897e+22	4.484721e+09
3.752450e+22	4.504507e+09
3.780206e+22	4.524380e+09
3.808168e+22	4.544341e+09
3.836337e+22	4.564390e+09
3.864715e+22	4.584528e+09
3.893302e+22	4.604755e+09
3.922100e+22	4.625071e+09
3.951112e+22	4.645477e+09
3.980338e+22	4.665973e+09
4.009781e+22	4.686560e+09
4.039441e+22	4.707238e+09
4.069321e+22	4.728007e+09
4.099421e+22	4.748868e+09
4.129745e+22	4.769821e+09
4.160292e+22	4.790866e+09
4.191066e+22	4.812005e+09
4.222067e+22	4.833237e+09
4.253297e+22	4.854563e+09
4.284759e+22	4.875983e+09
4.316453e+22	4.897497e+09
4.348382e+22	4.919107e+09
4.380547e+22	4.940813e+09
4.412949e+22	4.962614e+09
4.445592e+22	4.984511e+09
4.478476e+22	5.006505e+09
4.511603e+22	5.028597e+09
4.544975e+22	5.050786e+09
4.578594e+22	5.073073e+09
4.612462e+22	5.095459e+09
4.646580e+22	5.117943e+09
4.680951e+22	5.140527e+09
4.715576e+22	5.163211e+09
4.750457e+22	5.185995e+09
4.785595e+22	5.208879e+09
4.820994e+22	5.231865e+09
4.856655e+22	5.254953e+09
4.892580e+22	5.278142e+09
4.928770e+22	5.301434e+09
4.965228e+22	5.324829e+09
5.001956e+22	5.348327e+09
5.038955e+22	5.371929e+09
5.076228e+22	5.395635e+09
5.113777e+22	5.419446e+09
5.151603e+22	5.443362e+09
5.189709e+22	5.467384e+09
5.228097e+22	5.491512e+09
5.266769e+22	5.515747e+09
5.305728e+22	5.540089e+09
5.344974e+22	5.564538e+09
5.384511e+22	5.589096e+09
5.424340e+22	5.613762e+09
5.464463e+22	5.638537e+09
5.504884e+22	5.663421e+09
5.545603e+22	5.688416e+09
5.586624e+22	5.713521e+09
5.627948e+22	5.738737e+09
5.669578e+22	5.764064e+09
5.711515e+22	5.789503e+09
5.753763e+22	5.815055e+09
5.796324e+22	5.840720e+09
5.839199e+22	5.866498e+09
5.882391e+22	5.892390e+09
5.925903e+22	5.918396e+09
5.969737e+22	5.944518e+09
6.013895e+22	5.970754e+09
6.058379e+22	5.997107e+09
6.103193e+22	6.023576e+09
6.148338e+22	6.050163e+09
6.193817e+22	6.076866e+09
6.239633e+22	6.103688e+09
6.285787e+22	6.130628e+09
6.332283e+22	6.157688e+09
6.379123e+22	6.184867e+09
6.426309e+22	6.212166e+09
6.473844e+22	6.239585e+09
6.521731e+22	6.267126e+09
6.569972e+22	6.294789e+09
6.618570e+22	6.322574e+09
6.667527e+22	6.350482e+09
6.716847e+22	6.378513e+09
6.766531e+22	6.406668e+09
6.816583e+22	6.434947e+09
6.867005e+22	6.463351e+09
6.917800e+22	6.491881e+09
6.968971e+22	6.520537e+09
7.020520e+22	6.549320e+09
7.072450e+22	6.578230e+09
7.124765e+22	6.607268e+09
7.177467e+22	6.636434e+09
7.230558e+22	6.665729e+09
7.284043e+22	6.695153e+09
7.337922e+22	6.724708e+09
7.392201e+22	6.754393e+09
7.446881e+22	6.784209e+09
7.501965e+22	6.814157e+09
7.557457e+22	6.844238e+09
7.613359e+22	6.874451e+09
7.669675e+22	6.904798e+09
7.726407e+22	6.935280e+09
7.783559e+22	6.965895e+09
7.841134e+22	6.996647e+09
7.899135e+22	7.027534e+09
7.957564e+22	7.058558e+09
8.016426e+22	7.089718e+09
8.075723e+22	7.121017e+09
8.135459e+22	7.152454e+09
8.195637e+22	7.184030e+09
8.256260e+22	7.215745e+09
8.317331e+22	7.247601e+09
8.378854e+22	7.279597e+09
8.440832e+22	7.311735e+09
8.503269e+22	7.344015e+09
8.566167e+22	7.376438e+09
8.629531e+22	7.409004e+09
8.693363e+22	7.441714e+09
8.757668e+22	7.474568e+09
8.822448e+22	7.507568e+09
8.887708e+22	7.540714e+09
8.953450e+22	7.574006e+09
9.019678e+22	7.607445e+09
9.086396e+22	7.641032e+09
9.153608e+22	7.674768e+09
9.221317e+22	7.708653e+09
9.289527e+22	7.742687e+09
9.358241e+22	7.776872e+09
9.427464e+22	7.811208e+09
9.497199e+22	7.845696e+09
9.567449e+22	7.880337e+09
9.638219e+22	7.915130e+09
9.709513e+22	7.950077e+09
9.781334e+22	7.985179e+09
9.853686e+22	8.020436e+09
9.926573e+22	8.055849e+09
1.000000e+23	8.091418e+09
