1.000000e+00	1.543142e+03
1.000000e+07	1.543142e+03
1.007397e+07	1.543142e+03
1.014849e+07	1.543142e+03
1.022355e+07	1.543142e+03
1.029918e+07	1.543142e+03
1.037536e+07	1.543142e+03
1.045211e+07	1.543142e+03
1.052942e+07	1.543142e+03
1.060731e+07	1.543142e+03
1.068577e+07	1.543142e+03
1.076481e+07	1.543142e+03
1.084444e+07	1.543142e+03
1.092465e+07	1.543142e+03
1.100546e+07	1.543142e+03
1.108687e+07	1.543142e+03
1.116888e+07	1.543142e+03
1.125150e+07	1.543142e+03
1.133472e+07	1.543142e+03
1.141856e+07	1.543142e+03
1.150303e+07	1.543142e+03
1.158812e+07	1.543142e+03
1.167383e+07	1.543142e+03
1.176018e+07	1.543142e+03
1.184717e+07	1.543142e+03
1.193481e+07	1.543142e+03
1.202309e+07	1.543142e+03
1.211202e+07	1.543142e+03
1.220161e+07	1.543142e+03
1.229187e+07	1.543142e+03
1.238279e+07	1.543142e+03
1.247439e+07	1.543142e+03
1.256666e+07	1.543142e+03
1.265961e+07	1.543142e+03
1.275326e+07	1.543142e+03
1.284759e+07	1.543142e+03
1.294263e+07	1.543142e+03
1.303836e+07	1.543142e+03
1.313481e+07	1.543142e+03
1.323196e+07	1.543142e+03
1.332984e+07	1.543142e+03
1.342844e+07	1.543142e+03
1.352777e+07	1.543142e+03
1.362784e+07	1.543142e+03
1.372864e+07	1.543142e+03
1.383019e+07	1.543142e+03
1.393249e+07	1.543142e+03
1.403555e+07	1.543142e+03
1.413937e+07	1.543142e+03
1.424396e+07	1.543142e+03
1.434932e+07	1.543142e+03
1.445546e+07	1.543142e+03
1.456239e+07	1.543142e+03
1.467011e+07	1.543142e+03
1.477862e+07	1.543142e+03
1.488794e+07	1.543142e+03
1.499806e+07	1.543142e+03
1.510900e+07	1.543142e+03
1.522077e+07	1.543142e+03
1.533335e+07	1.543142e+03
1.544677e+07	1.543142e+03
1.556103e+07	1.543142e+03
1.567614e+07	1.543142e+03
1.579209e+07	1.543142e+03
1.590891e+07	1.543142e+03
1.602658e+07	1.543142e+03
1.614513e+07	1.543142e+03
1.626456e+07	1.543142e+03
1.638487e+07	1.543142e+03
1.650606e+07	1.543142e+03
1.662816e+07	1.543142e+03
1.675116e+07	1.543142e+03
1.687506e+07	1.543142e+03
1.699989e+07	1.543142e+03
1.712564e+07	1.543142e+03
1.725231e+07	1.543142e+03
1.737993e+07	1.543142e+03
1.750849e+07	1.543142e+03
1.763800e+07	1.543142e+03
1.776847e+07	1.543142e+03
1.789990e+07	1.543142e+03
1.803230e+07	1.543142e+03
1.816569e+07	1.543142e+03
1.830006e+07	1.543142e+03
1.843542e+07	1.543142e+03
1.857179e+07	1.543142e+03
1.870917e+07	1.543142e+03
1.884756e+07	1.543142e+03
1.898697e+07	1.543142e+03
1.912742e+07	1.543142e+03
1.926890e+07	1.543142e+03
1.941143e+07	1.543142e+03
1.955502e+07	1.543142e+03
1.969967e+07	1.543142e+03
1.984539e+07	1.543142e+03
1.999218e+07	1.543142e+03
2.014006e+07	1.543142e+03
2.028904e+07	1.543142e+03
2.043912e+07	1.543142e+03
2.059030e+07	1.543142e+03
2.074261e+07	1.543142e+03
2.089604e+07	1.543142e+03
2.105061e+07	1.543142e+03
2.120632e+07	1.543142e+03
2.136318e+07	1.543142e+03
2.152120e+07	1.543142e+03
2.168040e+07	1.543142e+03
2.184077e+07	1.543142e+03
2.200232e+07	1.543142e+03
2.216507e+07	1.543142e+03
2.232903e+07	1.543142e+03
2.249419e+07	1.543142e+03
2.266058e+07	1.543142e+03
2.282820e+07	1.543142e+03
2.299706e+07	1.543142e+03
2.316717e+07	1.543142e+03
2.333854e+07	1.543142e+03
2.351117e+07	1.543142e+03
2.368508e+07	1.543142e+03
2.386028e+07	1.543142e+03
2.403677e+07	1.543142e+03
2.421457e+07	1.543142e+03
2.439369e+07	1.543142e+03
2.457413e+07	1.543142e+03
2.475590e+07	1.543142e+03
2.493902e+07	1.543142e+03
2.512349e+07	1.543142e+03
2.530933e+07	1.543142e+03
2.549654e+07	1.543142e+03
2.568514e+07	1.543142e+03
2.587513e+07	1.543142e+03
2.606653e+07	1.543142e+03
2.625934e+07	1.543142e+03
2.645358e+07	1.543142e+03
2.664926e+07	1.543142e+03
2.684638e+07	1.543142e+03
2.704496e+07	1.543142e+03
2.724502e+07	1.543142e+03
2.744655e+07	1.543142e+03
2.764957e+07	1.543142e+03
2.785409e+07	1.543142e+03
2.806013e+07	1.543142e+03
2.826769e+07	1.543142e+03
2.847678e+07	1.543142e+03
2.868742e+07	1.543142e+03
2.889962e+07	1.543142e+03
2.911339e+07	1.543142e+03
2.932874e+07	1.543142e+03
2.954569e+07	1.543142e+03
2.976424e+07	1.543142e+03
2.998440e+07	1.543142e+03
3.020619e+07	1.543142e+03
3.042963e+07	1.543142e+03
3.065472e+07	1.543142e+03
3.088147e+07	1.543142e+03
3.110990e+07	1.543142e+03
3.134002e+07	1.543142e+03
3.157184e+07	1.543142e+03
3.180537e+07	1.543142e+03
3.204064e+07	1.543142e+03
3.227764e+07	1.543142e+03
3.251640e+07	1.543142e+03
3.275692e+07	1.543142e+03
3.299922e+07	1.543142e+03
3.324332e+07	1.543142e+03
3.348922e+07	1.543142e+03
3.373693e+07	1.543142e+03
3.398649e+07	1.543142e+03
3.423788e+07	1.543142e+03
3.449114e+07	1.543142e+03
3.474627e+07	1.543142e+03
3.500329e+07	1.543142e+03
3.526220e+07	1.543142e+03
3.552304e+07	1.543142e+03
3.578580e+07	1.543142e+03
3.605051e+07	1.543142e+03
3.631717e+07	1.543142e+03
3.658581e+07	1.543142e+03
3.685643e+07	1.543142e+03
3.712906e+07	1.543142e+03
3.740370e+07	1.543142e+03
3.768038e+07	1.543142e+03
3.795910e+07	1.543142e+03
3.823988e+07	1.543142e+03
3.852274e+07	1.543142e+03
3.880769e+07	1.543142e+03
3.909475e+07	1.543142e+03
3.938393e+07	1.543142e+03
3.967525e+07	1.543142e+03
3.996873e+07	1.543142e+03
4.026438e+07	1.543142e+03
4.056221e+07	1.543142e+03
4.086225e+07	1.543142e+03
4.116451e+07	1.543142e+03
4.146900e+07	1.543142e+03
4.177574e+07	1.543142e+03
4.208476e+07	1.543142e+03
4.239606e+07	1.543142e+03
4.270966e+07	1.543142e+03
4.302558e+07	1.543142e+03
4.334384e+07	1.543142e+03
4.366445e+07	1.543142e+03
4.398744e+07	1.543142e+03
4.431281e+07	1.543142e+03
4.464059e+07	1.543142e+03
4.497080e+07	1.543142e+03
4.530344e+07	1.543142e+03
4.563855e+07	1.543142e+03
4.597614e+07	1.543142e+03
4.631622e+07	1.543142e+03
4.665882e+07	1.543142e+03
4.700396e+07	1.543142e+03
4.735164e+07	1.543142e+03
4.770190e+07	1.543142e+03
4.805475e+07	1.543142e+03
4.841021e+07	1.543142e+03
4.876830e+07	1.543142e+03
4.912904e+07	1.543142e+03
4.949244e+07	1.543142e+03
4.985854e+07	1.543142e+03
5.022734e+07	1.543142e+03
5.059887e+07	1.543142e+03
5.097315e+07	1.543142e+03
5.135020e+07	1.543142e+03
5.173003e+07	1.543142e+03
5.211268e+07	1.543142e+03
5.249815e+07	1.543142e+03
5.288648e+07	1.543142e+03
5.327768e+07	1.543142e+03
5.367177e+07	1.543142e+03
5.406878e+07	1.543142e+03
5.446873e+07	1.543142e+03
5.487163e+07	1.543142e+03
5.527751e+07	1.543142e+03
5.568640e+07	1.543142e+03
5.609831e+07	1.543142e+03
5.651327e+07	1.543142e+03
5.693130e+07	1.543142e+03
5.735242e+07	1.543142e+03
5.777665e+07	1.543142e+03
5.820402e+07	1.543142e+03
5.863455e+07	1.543142e+03
5.906827e+07	1.543142e+03
5.950520e+07	1.543142e+03
5.994536e+07	1.543142e+03
6.038877e+07	1.543142e+03
6.083546e+07	1.543142e+03
6.128546e+07	1.543142e+03
6.173879e+07	1.543142e+03
6.219547e+07	1.543142e+03
6.265553e+07	1.543142e+03
6.311899e+07	1.543142e+03
6.358588e+07	1.543142e+03
6.405622e+07	1.543142e+03
6.453004e+07	1.543142e+03
6.500737e+07	1.543142e+03
6.548823e+07	1.543142e+03
6.597264e+07	1.543142e+03
6.646064e+07	1.543142e+03
6.695225e+07	1.543142e+03
6.744749e+07	1.543142e+03
6.794640e+07	1.543142e+03
6.844899e+07	1.543142e+03
6.895531e+07	1.543142e+03
6.946537e+07	1.543142e+03
6.997920e+07	1.543142e+03
7.049684e+07	1.543142e+03
7.101830e+07	1.543142e+03
7.154362e+07	1.543142e+03
7.207283e+07	1.543142e+03
7.260595e+07	1.543142e+03
7.314301e+07	1.543142e+03
7.368405e+07	1.543142e+03
7.422909e+07	1.543142e+03
7.477816e+07	1.543142e+03
7.533129e+07	1.543142e+03
7.588851e+07	1.543142e+03
7.644986e+07	1.543142e+03
7.701535e+07	1.543142e+03
7.758503e+07	1.543142e+03
7.815893e+07	1.543142e+03
7.873707e+07	1.543142e+03
7.931948e+07	1.543142e+03
7.990621e+07	1.543142e+03
8.049727e+07	1.543142e+03
8.109271e+07	1.543142e+03
8.169255e+07	1.543142e+03
8.229682e+07	1.543142e+03
8.290557e+07	1.543142e+03
8.351882e+07	1.543142e+03
8.413661e+07	1.543142e+03
8.475896e+07	1.543142e+03
8.538592e+07	1.543142e+03
8.601752e+07	1.543142e+03
8.665379e+07	1.543142e+03
8.729476e+07	1.543142e+03
8.794048e+07	1.543142e+03
8.859097e+07	1.543142e+03
8.924628e+07	1.543142e+03
8.990643e+07	1.543142e+03
9.057147e+07	1.543142e+03
9.124142e+07	1.543142e+03
9.191633e+07	1.543142e+03
9.259623e+07	1.543142e+03
9.328116e+07	1.543142e+03
9.397116e+07	1.543142e+03
9.466626e+07	1.543142e+03
9.536651e+07	1.543142e+03
9.607193e+07	1.543142e+03
9.678257e+07	1.543142e+03
9.749847e+07	1.543142e+03
9.821966e+07	1.543142e+03
9.894619e+07	1.543142e+03
9.967809e+07	1.543142e+03
1.004154e+08	1.543142e+03
1.011582e+08	1.543142e+03
1.019064e+08	1.543142e+03
1.026602e+08	1.543142e+03
1.034196e+08	1.543142e+03
1.041846e+08	1.543142e+03
1.049553e+08	1.543142e+03
1.057316e+08	1.543142e+03
1.065137e+08	1.543142e+03
1.073016e+08	1.543142e+03
1.080953e+08	1.543142e+03
1.088949e+08	1.543142e+03
1.097004e+08	1.543142e+03
1.105118e+08	1.543142e+03
1.113293e+08	1.543142e+03
1.121528e+08	1.543142e+03
1.129823e+08	1.543142e+03
1.138181e+08	1.543142e+03
1.146600e+08	1.543142e+03
1.155081e+08	1.543142e+03
1.163625e+08	1.543142e+03
1.172233e+08	1.543142e+03
1.180904e+08	1.543142e+03
1.189639e+08	1.543142e+03
1.198438e+08	1.543142e+03
1.207303e+08	1.543142e+03
1.216234e+08	1.543142e+03
1.225230e+08	1.543142e+03
1.234293e+08	1.543142e+03
1.243423e+08	1.543142e+03
1.252621e+08	1.543142e+03
1.261886e+08	1.543142e+03
1.271220e+08	1.543142e+03
1.280624e+08	1.543142e+03
1.290096e+08	1.543142e+03
1.299639e+08	1.543142e+03
1.309252e+08	1.543142e+03
1.318937e+08	1.543142e+03
1.328693e+08	1.543142e+03
1.338521e+08	1.543142e+03
1.348422e+08	1.543142e+03
1.358397e+08	1.543142e+03
1.368445e+08	1.543142e+03
1.378567e+08	1.543142e+03
1.388764e+08	1.543142e+03
1.399037e+08	1.543142e+03
1.409386e+08	1.543142e+03
1.419811e+08	1.543142e+03
1.430313e+08	1.543142e+03
1.440893e+08	1.543142e+03
1.451551e+08	1.543142e+03
1.462288e+08	1.543142e+03
1.473105e+08	1.543142e+03
1.484001e+08	1.543142e+03
1.494978e+08	1.543142e+03
1.506037e+08	1.543142e+03
1.517177e+08	1.543142e+03
1.528399e+08	1.543142e+03
1.539705e+08	1.543142e+03
1.551094e+08	1.543142e+03
1.562567e+08	1.543142e+03
1.574126e+08	1.543142e+03
1.585769e+08	1.543142e+03
1.597499e+08	1.543142e+03
1.609316e+08	1.543142e+03
1.621220e+08	1.543142e+03
1.633212e+08	1.543142e+03
1.645293e+08	1.543142e+03
1.657463e+08	1.543142e+03
1.669723e+08	1.543142e+03
1.682074e+08	1.543142e+03
1.694517e+08	1.543142e+03
1.707051e+08	1.543142e+03
1.719678e+08	1.543142e+03
1.732398e+08	1.543142e+03
1.745213e+08	1.543142e+03
1.758122e+08	1.543142e+03
1.771127e+08	1.543142e+03
1.784228e+08	1.543142e+03
1.797426e+08	1.543142e+03
1.810721e+08	1.543142e+03
1.824115e+08	1.543142e+03
1.837608e+08	1.543142e+03
1.851201e+08	1.543142e+03
1.864894e+08	1.543142e+03
1.878688e+08	1.543142e+03
1.892585e+08	1.543142e+03
1.906584e+08	1.543142e+03
1.920687e+08	1.543142e+03
1.934895e+08	1.543142e+03
1.949207e+08	1.543142e+03
1.963625e+08	1.543142e+03
1.978150e+08	1.543142e+03
1.992782e+08	1.543142e+03
2.007523e+08	1.543142e+03
2.022373e+08	1.543142e+03
2.037332e+08	1.543142e+03
2.052402e+08	1.543142e+03
2.067584e+08	1.543142e+03
2.082878e+08	1.543142e+03
2.098285e+08	1.543142e+03
2.113805e+08	1.543142e+03
2.129441e+08	1.543142e+03
2.145193e+08	1.543142e+03
2.161061e+08	1.543142e+03
2.177046e+08	1.543142e+03
2.193149e+08	1.543142e+03
2.209372e+08	1.543142e+03
2.225715e+08	1.543142e+03
2.242178e+08	1.543142e+03
2.258764e+08	1.543142e+03
2.275472e+08	1.543142e+03
2.292303e+08	1.543142e+03
2.309259e+08	1.543142e+03
2.326341e+08	1.543142e+03
2.343549e+08	1.543142e+03
2.360884e+08	1.543142e+03
2.378347e+08	1.543142e+03
2.395940e+08	1.543142e+03
2.413662e+08	1.543142e+03
2.431516e+08	1.543142e+03
2.449502e+08	1.543142e+03
2.467621e+08	1.543142e+03
2.485874e+08	1.543142e+03
2.504262e+08	1.543142e+03
2.522786e+08	1.543142e+03
2.541447e+08	1.543142e+03
2.560246e+08	1.543142e+03
2.579184e+08	1.543142e+03
2.598262e+08	1.543142e+03
2.617481e+08	1.543142e+03
2.636843e+08	1.543142e+03
2.656347e+08	1.543142e+03
2.675996e+08	1.543142e+03
2.695790e+08	1.543142e+03
2.715731e+08	1.543142e+03
2.735819e+08	1.543142e+03
2.756056e+08	1.543142e+03
2.776443e+08	1.543142e+03
2.796980e+08	1.543142e+03
2.817669e+08	1.543142e+03
2.838511e+08	1.543142e+03
2.859508e+08	1.543142e+03
2.880659e+08	1.543142e+03
2.901967e+08	1.543142e+03
2.923433e+08	1.543142e+03
2.945058e+08	1.543142e+03
2.966842e+08	1.543142e+03
2.988788e+08	1.543142e+03
3.010896e+08	1.543142e+03
3.033167e+08	1.543142e+03
3.055604e+08	1.543142e+03
3.078206e+08	1.543142e+03
3.100975e+08	1.543142e+03
3.123913e+08	1.543142e+03
3.147021e+08	1.543142e+03
3.170299e+08	1.543142e+03
3.193750e+08	1.543142e+03
3.217374e+08	1.543142e+03
3.241172e+08	1.543142e+03
3.265147e+08	1.543142e+03
3.289300e+08	1.543142e+03
3.313630e+08	1.543142e+03
3.338141e+08	1.543142e+03
3.362833e+08	1.543142e+03
3.387708e+08	1.543142e+03
3.412767e+08	1.543142e+03
3.438011e+08	1.543142e+03
3.463442e+08	1.543142e+03
3.489061e+08	1.543142e+03
3.514869e+08	1.543142e+03
3.540869e+08	1.543142e+03
3.567060e+08	1.543142e+03
3.593446e+08	1.543142e+03
3.620026e+08	1.543142e+03
3.646804e+08	1.543142e+03
3.673779e+08	1.543142e+03
3.700954e+08	1.543142e+03
3.728330e+08	1.543142e+03
3.755908e+08	1.543142e+03
3.783690e+08	1.543142e+03
3.811678e+08	1.543142e+03
3.839873e+08	1.543142e+03
3.868276e+08	1.543142e+03
3.896890e+08	1.543142e+03
3.925715e+08	1.543142e+03
3.954754e+08	1.543142e+03
3.984007e+08	1.543142e+03
4.013476e+08	1.543142e+03
4.043164e+08	1.543142e+03
4.073071e+08	1.543142e+03
4.103199e+08	1.543142e+03
4.133551e+08	1.543142e+03
4.164126e+08	1.543142e+03
4.194928e+08	1.543142e+03
4.225958e+08	1.543142e+03
4.257217e+08	1.543142e+03
4.288708e+08	1.543142e+03
4.320431e+08	1.543142e+03
4.352389e+08	1.543142e+03
4.384584e+08	1.543142e+03
4.417017e+08	1.543142e+03
4.449689e+08	1.543142e+03
4.482603e+08	1.543142e+03
4.515761e+08	1.543142e+03
4.549164e+08	1.543142e+03
4.582814e+08	1.543142e+03
4.616713e+08	1.543142e+03
4.650863e+08	1.543142e+03
4.685265e+08	1.543142e+03
4.719922e+08	1.543142e+03
4.754835e+08	1.543142e+03
4.790006e+08	1.543142e+03
4.825438e+08	1.543142e+03
4.861131e+08	1.543142e+03
4.897089e+08	1.543142e+03
4.933313e+08	1.543142e+03
4.969804e+08	1.543142e+03
5.006566e+08	1.543142e+03
5.043599e+08	1.543142e+03
5.080906e+08	1.543142e+03
5.118490e+08	1.543142e+03
5.156351e+08	1.543142e+03
5.194492e+08	1.543142e+03
5.232916e+08	1.543142e+03
5.271624e+08	1.543142e+03
5.310618e+08	1.543142e+03
5.349900e+08	1.543142e+03
5.389473e+08	1.543142e+03
5.429339e+08	1.543142e+03
5.469500e+08	1.543142e+03
5.509957e+08	1.543142e+03
5.550714e+08	1.543142e+03
5.591773e+08	1.543142e+03
5.633135e+08	1.543142e+03
5.674803e+08	1.543142e+03
5.716779e+08	1.543142e+03
5.759066e+08	1.543142e+03
5.801666e+08	1.543142e+03
5.844581e+08	1.543142e+03
5.887813e+08	1.543142e+03
5.931365e+08	1.543142e+03
5.975239e+08	1.543142e+03
6.019438e+08	1.543142e+03
6.063963e+08	1.543142e+03
6.108818e+08	1.543142e+03
6.154005e+08	1.543142e+03
6.199526e+08	1.543142e+03
6.245384e+08	1.543142e+03
6.291580e+08	1.543142e+03
6.338119e+08	1.543142e+03
6.385002e+08	1.543142e+03
6.432232e+08	1.543142e+03
6.479811e+08	1.543142e+03
6.527742e+08	1.543142e+03
6.576027e+08	1.543142e+03
6.624670e+08	1.543142e+03
6.673672e+08	1.543142e+03
6.723037e+08	1.543142e+03
6.772767e+08	1.543142e+03
6.822865e+08	1.543142e+03
6.873334e+08	1.543142e+03
6.924176e+08	1.543142e+03
6.975394e+08	1.543142e+03
7.026990e+08	1.543142e+03
7.078969e+08	1.543142e+03
7.131332e+08	1.543142e+03
7.184082e+08	1.543142e+03
7.237222e+08	1.543142e+03
7.290756e+08	1.543142e+03
7.344685e+08	1.543142e+03
7.399014e+08	1.543142e+03
7.453744e+08	1.543142e+03
7.508879e+08	1.543142e+03
7.564422e+08	1.543142e+03
7.620376e+08	1.543142e+03
7.676744e+08	1.543142e+03
7.733528e+08	1.543142e+03
7.790733e+08	1.543142e+03
7.848361e+08	1.543142e+03
7.906415e+08	1.543142e+03
7.964898e+08	1.543142e+03
8.023814e+08	1.543142e+03
8.083166e+08	1.543142e+03
8.142957e+08	1.543142e+03
8.203190e+08	1.543142e+03
8.263869e+08	1.543142e+03
8.324997e+08	1.543142e+03
8.386577e+08	1.543142e+03
8.448612e+08	1.543142e+03
8.511106e+08	1.543142e+03
8.574062e+08	1.543142e+03
8.637484e+08	1.543142e+03
8.701376e+08	1.543142e+03
8.765739e+08	1.543142e+03
8.830579e+08	1.543142e+03
8.895899e+08	1.543142e+03
8.961702e+08	1.543142e+03
9.027991e+08	1.543142e+03
9.094771e+08	1.543142e+03
9.162045e+08	1.543142e+03
9.229816e+08	1.543142e+03
9.298089e+08	1.543142e+03
9.366866e+08	1.543142e+03
9.436153e+08	1.543142e+03
9.505952e+08	1.543142e+03
9.576267e+08	1.543142e+03
9.647102e+08	1.543142e+03
9.718462e+08	1.543142e+03
9.790349e+08	1.543142e+03
9.862768e+08	1.543142e+03
9.935722e+08	1.543142e+03
1.000922e+09	1.543142e+03
1.008325e+09	1.543142e+03
1.015784e+09	1.543142e+03
1.023298e+09	1.543142e+03
1.030867e+09	1.543142e+03
1.038492e+09	1.543142e+03
1.046174e+09	1.543142e+03
1.053913e+09	1.543142e+03
1.061708e+09	1.543142e+03
1.069562e+09	1.543142e+03
1.077473e+09	1.543142e+03
1.085443e+09	1.543142e+03
1.093472e+09	1.543142e+03
1.101561e+09	1.543142e+03
1.109709e+09	1.543142e+03
1.117917e+09	1.543142e+03
1.126187e+09	1.543142e+03
1.134517e+09	1.543142e+03
1.142909e+09	1.543142e+03
1.151363e+09	1.543142e+03
1.159880e+09	1.543142e+03
1.168459e+09	1.543142e+03
1.177102e+09	1.543142e+03
1.185809e+09	1.543142e+03
1.194581e+09	1.543142e+03
1.203417e+09	1.543142e+03
1.212318e+09	1.543142e+03
1.221286e+09	1.543142e+03
1.230320e+09	1.543142e+03
1.239420e+09	1.543142e+03
1.248588e+09	1.543142e+03
1.257824e+09	1.543142e+03
1.267128e+09	1.543142e+03
1.276501e+09	1.543142e+03
1.285943e+09	1.543142e+03
1.295455e+09	1.543142e+03
1.305038e+09	1.543142e+03
1.314691e+09	1.543142e+03
1.324416e+09	1.543142e+03
1.334213e+09	1.543142e+03
1.344082e+09	1.543142e+03
1.354024e+09	1.543142e+03
1.364040e+09	1.543142e+03
1.374129e+09	1.543142e+03
1.384294e+09	1.543142e+03
1.394533e+09	1.543142e+03
1.404849e+09	1.543142e+03
1.415240e+09	1.543142e+03
1.425709e+09	1.543142e+03
1.436255e+09	1.543142e+03
1.446879e+09	1.543142e+03
1.457581e+09	1.543142e+03
1.468363e+09	1.543142e+03
1.479224e+09	1.543484e+03
1.490166e+09	1.544053e+03
1.501189e+09	1.544625e+03
1.512293e+09	1.545201e+03
1.523479e+09	1.545781e+03
1.534748e+09	1.546364e+03
1.546101e+09	1.546951e+03
1.557537e+09	1.547541e+03
1.569058e+09	1.548136e+03
1.580665e+09	1.548734e+03
1.592357e+09	1.549335e+03
1.604135e+09	1.549941e+03
1.616001e+09	1.550550e+03
1.627955e+09	1.551163e+03
1.639997e+09	1.551780e+03
1.652128e+09	1.552400e+03
1.664348e+09	1.553025e+03
1.676660e+09	1.553653e+03
1.689062e+09	1.554286e+03
1.701556e+09	1.554922e+03
1.714142e+09	1.555562e+03
1.726822e+09	1.556206e+03
1.739595e+09	1.556854e+03
1.752462e+09	1.557506e+03
1.765425e+09	1.558163e+03
1.778484e+09	1.558823e+03
1.791640e+09	1.559487e+03
1.804892e+09	1.560155e+03
1.818243e+09	1.560828e+03
1.831693e+09	1.561504e+03
1.845241e+09	1.562185e+03
1.858891e+09	1.562870e+03
1.872641e+09	1.563559e+03
1.886493e+09	1.564252e+03
1.900447e+09	1.564949e+03
1.914505e+09	1.565651e+03
1.928666e+09	1.566357e+03
1.942932e+09	1.567067e+03
1.957304e+09	1.567782e+03
1.971782e+09	1.568501e+03
1.986368e+09	1.569224e+03
2.001061e+09	1.569952e+03
2.015862e+09	1.570684e+03
2.030774e+09	1.571420e+03
2.045795e+09	1.572161e+03
2.060928e+09	1.572906e+03
2.076173e+09	1.573656e+03
2.091530e+09	1.574410e+03
2.107001e+09	1.575169e+03
2.122586e+09	1.575933e+03
2.138287e+09	1.576701e+03
2.154104e+09	1.577473e+03
2.170038e+09	1.578250e+03
2.186089e+09	1.579032e+03
2.202260e+09	1.579819e+03
2.218550e+09	1.580610e+03
2.234961e+09	1.581406e+03
2.251492e+09	1.582206e+03
2.268147e+09	1.583012e+03
2.284924e+09	1.583822e+03
2.301826e+09	1.584637e+03
2.318852e+09	1.585456e+03
2.336005e+09	1.586281e+03
2.353284e+09	1.587110e+03
2.370691e+09	1.587944e+03
2.388227e+09	1.588784e+03
2.405893e+09	1.589628e+03
2.423689e+09	1.590477e+03
2.441617e+09	1.591331e+03
2.459678e+09	1.592190e+03
2.477872e+09	1.593054e+03
2.496200e+09	1.593923e+03
2.514665e+09	1.594797e+03
2.533266e+09	1.595677e+03
2.552004e+09	1.596561e+03
2.570881e+09	1.597450e+03
2.589898e+09	1.598345e+03
2.609055e+09	1.599245e+03
2.628354e+09	1.600150e+03
2.647796e+09	1.601060e+03
2.667382e+09	1.601976e+03
2.687113e+09	1.602897e+03
2.706989e+09	1.603823e+03
2.727013e+09	1.604754e+03
2.747184e+09	1.605691e+03
2.767505e+09	1.606633e+03
2.787976e+09	1.607581e+03
2.808599e+09	1.608534e+03
2.829374e+09	1.609492e+03
2.850303e+09	1.610456e+03
2.871386e+09	1.611425e+03
2.892626e+09	1.612400e+03
2.914022e+09	1.613381e+03
2.935577e+09	1.614366e+03
2.957292e+09	1.615358e+03
2.979167e+09	1.616355e+03
3.001204e+09	1.617358e+03
3.023403e+09	1.618366e+03
3.045767e+09	1.619380e+03
3.068297e+09	1.620400e+03
3.090993e+09	1.621426e+03
3.113857e+09	1.622457e+03
3.136890e+09	1.623494e+03
3.160094e+09	1.624537e+03
3.183469e+09	1.625586e+03
3.207017e+09	1.626640e+03
3.230739e+09	1.627701e+03
3.254637e+09	1.628767e+03
3.278711e+09	1.629839e+03
3.302964e+09	1.630917e+03
3.327395e+09	1.632002e+03
3.352008e+09	1.633092e+03
3.376803e+09	1.634188e+03
3.401781e+09	1.635290e+03
3.426944e+09	1.636398e+03
3.452293e+09	1.637513e+03
3.477829e+09	1.638633e+03
3.503555e+09	1.639760e+03
3.529470e+09	1.640893e+03
3.555578e+09	1.642032e+03
3.581878e+09	1.643177e+03
3.608373e+09	1.644329e+03
3.635064e+09	1.645486e+03
3.661953e+09	1.646650e+03
3.689040e+09	1.647821e+03
3.716328e+09	1.648997e+03
3.743817e+09	1.650181e+03
3.771510e+09	1.651370e+03
3.799408e+09	1.652566e+03
3.827512e+09	1.653768e+03
3.855824e+09	1.654977e+03
3.884346e+09	1.656192e+03
3.913078e+09	1.657414e+03
3.942023e+09	1.658642e+03
3.971182e+09	1.659877e+03
4.000557e+09	1.661119e+03
4.030149e+09	1.662367e+03
4.059960e+09	1.663622e+03
4.089991e+09	1.664883e+03
4.120244e+09	1.666151e+03
4.150722e+09	1.667426e+03
4.181425e+09	1.668708e+03
4.212354e+09	1.669996e+03
4.243513e+09	1.671291e+03
4.274902e+09	1.672594e+03
4.306524e+09	1.673902e+03
4.338379e+09	1.675218e+03
4.370470e+09	1.676541e+03
4.402798e+09	1.677870e+03
4.435365e+09	1.679207e+03
4.468173e+09	1.680550e+03
4.501224e+09	1.681901e+03
4.534520e+09	1.683258e+03
4.568062e+09	1.684623e+03
4.601851e+09	1.685995e+03
4.635891e+09	1.687373e+03
4.670183e+09	1.688759e+03
4.704728e+09	1.690152e+03
4.739529e+09	1.691552e+03
4.774587e+09	1.692960e+03
4.809904e+09	1.694375e+03
4.845483e+09	1.695796e+03
4.881325e+09	1.697226e+03
4.917432e+09	1.698662e+03
4.953806e+09	1.700106e+03
4.990449e+09	1.701557e+03
5.027363e+09	1.703016e+03
5.064551e+09	1.704482e+03
5.102013e+09	1.705955e+03
5.139752e+09	1.707436e+03
5.177771e+09	1.708925e+03
5.216071e+09	1.710421e+03
5.254654e+09	1.711924e+03
5.293522e+09	1.713435e+03
5.332678e+09	1.714954e+03
5.372124e+09	1.716480e+03
5.411861e+09	1.718014e+03
5.451893e+09	1.719556e+03
5.492220e+09	1.721105e+03
5.532846e+09	1.722662e+03
5.573772e+09	1.724227e+03
5.615001e+09	1.725799e+03
5.656535e+09	1.727380e+03
5.698377e+09	1.728968e+03
5.740527e+09	1.730564e+03
5.782990e+09	1.732168e+03
5.825766e+09	1.733780e+03
5.868859e+09	1.735400e+03
5.912271e+09	1.737027e+03
5.956004e+09	1.738663e+03
6.000061e+09	1.740307e+03
6.044443e+09	1.741959e+03
6.089153e+09	1.743619e+03
6.134195e+09	1.745287e+03
6.179569e+09	1.746963e+03
6.225279e+09	1.748647e+03
6.271327e+09	1.750339e+03
6.317716e+09	1.752040e+03
6.364448e+09	1.753749e+03
6.411526e+09	1.755466e+03
6.458952e+09	1.757191e+03
6.506728e+09	1.758925e+03
6.554858e+09	1.760667e+03
6.603344e+09	1.762417e+03
6.652189e+09	1.764176e+03
6.701395e+09	1.765943e+03
6.750965e+09	1.767719e+03
6.800902e+09	1.769503e+03
6.851208e+09	1.771295e+03
6.901886e+09	1.773096e+03
6.952939e+09	1.774906e+03
7.004370e+09	1.776724e+03
7.056181e+09	1.778551e+03
7.108375e+09	1.780386e+03
7.160956e+09	1.782230e+03
7.213925e+09	1.784083e+03
7.267286e+09	1.785944e+03
7.321042e+09	1.787815e+03
7.375196e+09	1.789693e+03
7.429750e+09	1.791581e+03
7.484708e+09	1.793478e+03
7.540072e+09	1.795383e+03
7.595845e+09	1.797297e+03
7.652032e+09	1.799220e+03
7.708633e+09	1.801152e+03
7.765654e+09	1.803093e+03
7.823096e+09	1.805043e+03
7.880963e+09	1.807002e+03
7.939259e+09	1.808970e+03
7.997985e+09	1.810947e+03
8.057146e+09	1.812933e+03
8.116745e+09	1.814928e+03
8.176784e+09	1.816933e+03
8.237267e+09	1.818946e+03
8.298198e+09	1.820969e+03
8.359580e+09	1.823001e+03
8.421415e+09	1.825042e+03
8.483708e+09	1.827092e+03
8.546462e+09	1.829152e+03
8.609680e+09	1.831221e+03
8.673365e+09	1.833299e+03
8.737522e+09	1.835387e+03
8.802153e+09	1.837484e+03
8.867262e+09	1.839590e+03
8.932853e+09	1.841706e+03
8.998929e+09	1.843832e+03
9.065494e+09	1.845967e+03
9.132551e+09	1.848111e+03
9.200104e+09	1.850265e+03
9.268157e+09	1.852429e+03
9.336714e+09	1.854602e+03
9.405777e+09	1.856785e+03
9.475351e+09	1.858978e+03
9.545440e+09	1.861180e+03
9.616047e+09	1.863392e+03
9.687177e+09	1.865614e+03
9.758833e+09	1.867846e+03
9.831019e+09	1.870087e+03
9.903738e+09	1.872338e+03
9.976996e+09	1.874599e+03
1.005080e+10	1.876870e+03
1.012514e+10	1.879151e+03
1.020004e+10	1.881442e+03
1.027549e+10	1.883743e+03
1.035149e+10	1.886053e+03
1.042806e+10	1.888374e+03
1.050520e+10	1.890705e+03
1.058291e+10	1.893046e+03
1.066119e+10	1.895397e+03
1.074005e+10	1.897758e+03
1.081949e+10	1.900130e+03
1.089952e+10	1.902511e+03
1.098015e+10	1.904903e+03
1.106137e+10	1.907305e+03
1.114319e+10	1.909718e+03
1.122561e+10	1.912140e+03
1.130865e+10	1.914573e+03
1.139230e+10	1.917016e+03
1.147657e+10	1.919470e+03
1.156146e+10	1.921934e+03
1.164698e+10	1.924409e+03
1.173313e+10	1.926894e+03
1.181992e+10	1.929389e+03
1.190735e+10	1.931896e+03
1.199543e+10	1.934412e+03
1.208416e+10	1.936939e+03
1.217355e+10	1.939477e+03
1.226359e+10	1.942026e+03
1.235431e+10	1.944585e+03
1.244569e+10	1.947155e+03
1.253775e+10	1.949735e+03
1.263049e+10	1.952326e+03
1.272392e+10	1.954928e+03
1.281804e+10	1.957541e+03
1.291285e+10	1.960165e+03
1.300837e+10	1.962800e+03
1.310459e+10	1.965445e+03
1.320153e+10	1.968102e+03
1.329918e+10	1.970769e+03
1.339755e+10	1.973447e+03
1.349665e+10	1.976137e+03
1.359649e+10	1.978837e+03
1.369706e+10	1.981548e+03
1.379838e+10	1.984271e+03
1.390044e+10	1.987005e+03
1.400326e+10	1.989749e+03
1.410684e+10	1.992505e+03
1.421119e+10	1.995273e+03
1.431631e+10	1.998051e+03
1.442221e+10	2.000841e+03
1.452889e+10	2.003642e+03
1.463636e+10	2.006454e+03
1.474462e+10	2.009278e+03
1.485369e+10	2.012113e+03
1.496356e+10	2.014959e+03
1.507425e+10	2.017817e+03
1.518575e+10	2.020686e+03
1.529808e+10	2.023567e+03
1.541124e+10	2.026460e+03
1.552524e+10	2.029364e+03
1.564008e+10	2.032279e+03
1.575576e+10	2.035206e+03
1.587231e+10	2.038145e+03
1.598972e+10	2.041095e+03
1.610799e+10	2.044058e+03
1.622714e+10	2.047031e+03
1.634717e+10	2.050017e+03
1.646809e+10	2.053015e+03
1.658991e+10	2.056024e+03
1.671262e+10	2.059045e+03
1.683625e+10	2.062078e+03
1.696078e+10	2.065123e+03
1.708624e+10	2.068180e+03
1.721263e+10	2.071249e+03
1.733995e+10	2.074329e+03
1.746821e+10	2.077422e+03
1.759742e+10	2.080527e+03
1.772759e+10	2.083644e+03
1.785872e+10	2.086773e+03
1.799082e+10	2.089915e+03
1.812390e+10	2.093068e+03
1.825796e+10	2.096234e+03
1.839302e+10	2.099412e+03
1.852907e+10	2.102602e+03
1.866613e+10	2.105804e+03
1.880420e+10	2.109019e+03
1.894329e+10	2.112246e+03
1.908342e+10	2.115486e+03
1.922458e+10	2.118738e+03
1.936678e+10	2.122002e+03
1.951004e+10	2.125279e+03
1.965435e+10	2.128569e+03
1.979973e+10	2.131871e+03
1.994619e+10	2.135185e+03
2.009373e+10	2.138512e+03
2.024237e+10	2.141852e+03
2.039210e+10	2.145205e+03
2.054294e+10	2.148570e+03
2.069489e+10	2.151948e+03
2.084797e+10	2.155339e+03
2.100218e+10	2.158742e+03
2.115754e+10	2.162159e+03
2.131404e+10	2.165588e+03
2.147170e+10	2.169030e+03
2.163052e+10	2.172485e+03
2.179052e+10	2.175953e+03
2.195171e+10	2.179434e+03
2.211408e+10	2.182928e+03
2.227766e+10	2.186435e+03
2.244245e+10	2.189955e+03
2.260845e+10	2.193488e+03
2.277569e+10	2.197035e+03
2.294416e+10	2.200594e+03
2.311388e+10	2.204167e+03
2.328485e+10	2.207753e+03
2.345709e+10	2.211352e+03
2.363060e+10	2.214965e+03
2.380539e+10	2.218591e+03
2.398148e+10	2.222230e+03
2.415887e+10	2.225883e+03
2.433757e+10	2.229549e+03
2.451760e+10	2.233229e+03
2.469895e+10	2.236922e+03
2.488165e+10	2.240628e+03
2.506570e+10	2.244349e+03
2.525111e+10	2.248083e+03
2.543789e+10	2.251830e+03
2.562605e+10	2.255591e+03
2.581561e+10	2.259366e+03
2.600657e+10	2.263155e+03
2.619894e+10	2.266957e+03
2.639273e+10	2.270773e+03
2.658796e+10	2.274603e+03
2.678463e+10	2.278447e+03
2.698275e+10	2.282305e+03
2.718234e+10	2.286177e+03
2.738341e+10	2.290062e+03
2.758596e+10	2.293962e+03
2.779001e+10	2.297876e+03
2.799558e+10	2.301804e+03
2.820266e+10	2.305746e+03
2.841127e+10	2.309702e+03
2.862143e+10	2.313672e+03
2.883314e+10	2.317657e+03
2.904642e+10	2.321655e+03
2.926128e+10	2.325668e+03
2.947772e+10	2.329696e+03
2.969577e+10	2.333737e+03
2.991543e+10	2.337793e+03
3.013671e+10	2.341864e+03
3.035963e+10	2.345949e+03
3.058420e+10	2.350048e+03
3.081043e+10	2.354162e+03
3.103833e+10	2.358291e+03
3.126792e+10	2.362434e+03
3.149921e+10	2.366592e+03
3.173221e+10	2.370764e+03
3.196693e+10	2.374952e+03
3.220339e+10	2.379153e+03
3.244160e+10	2.383370e+03
3.268157e+10	2.387602e+03
3.292331e+10	2.391848e+03
3.316684e+10	2.396109e+03
3.341218e+10	2.400385e+03
3.365933e+10	2.404676e+03
3.390830e+10	2.408983e+03
3.415912e+10	2.413304e+03
3.441180e+10	2.417640e+03
3.466634e+10	2.421991e+03
3.492277e+10	2.426358e+03
3.518109e+10	2.430739e+03
3.544132e+10	2.435136e+03
3.570348e+10	2.439548e+03
3.596758e+10	2.443976e+03
3.623363e+10	2.448419e+03
3.650165e+10	2.452877e+03
3.677165e+10	2.457350e+03
3.704365e+10	2.461839e+03
3.731766e+10	2.466344e+03
3.759370e+10	2.470863e+03
3.787178e+10	2.475399e+03
3.815191e+10	2.479950e+03
3.843412e+10	2.484517e+03
3.871842e+10	2.489099e+03
3.900482e+10	2.493697e+03
3.929333e+10	2.498311e+03
3.958398e+10	2.502941e+03
3.987679e+10	2.507586e+03
4.017175e+10	2.512248e+03
4.046890e+10	2.516925e+03
4.076825e+10	2.521618e+03
4.106981e+10	2.526327e+03
4.137360e+10	2.531052e+03
4.167964e+10	2.535793e+03
4.198795e+10	2.540551e+03
4.229853e+10	2.545324e+03
4.261141e+10	2.550114e+03
4.292661e+10	2.554920e+03
4.324413e+10	2.559742e+03
4.356401e+10	2.564580e+03
4.388625e+10	2.569435e+03
4.421087e+10	2.574306e+03
4.453790e+10	2.579193e+03
4.486735e+10	2.584097e+03
4.519923e+10	2.589018e+03
4.553357e+10	2.593955e+03
4.587038e+10	2.598908e+03
4.620968e+10	2.603879e+03
4.655149e+10	2.608865e+03
4.689583e+10	2.613869e+03
4.724272e+10	2.618889e+03
4.759217e+10	2.623926e+03
4.794421e+10	2.628980e+03
4.829885e+10	2.634051e+03
4.865611e+10	2.639139e+03
4.901602e+10	2.644243e+03
4.937859e+10	2.649365e+03
4.974384e+10	2.654504e+03
5.011180e+10	2.659659e+03
5.048247e+10	2.664832e+03
5.085589e+10	2.670022e+03
5.123207e+10	2.675230e+03
5.161103e+10	2.680454e+03
5.199280e+10	2.685696e+03
5.237739e+10	2.690955e+03
5.276482e+10	2.696231e+03
5.315512e+10	2.701525e+03
5.354831e+10	2.706837e+03
5.394440e+10	2.712165e+03
5.434343e+10	2.717512e+03
5.474540e+10	2.722876e+03
5.515035e+10	2.728257e+03
5.555830e+10	2.733657e+03
5.596926e+10	2.739074e+03
5.638327e+10	2.744508e+03
5.680033e+10	2.749961e+03
5.722048e+10	2.755431e+03
5.764374e+10	2.760920e+03
5.807013e+10	2.766426e+03
5.849967e+10	2.771950e+03
5.893239e+10	2.777493e+03
5.936831e+10	2.783053e+03
5.980746e+10	2.788632e+03
6.024985e+10	2.794228e+03
6.069552e+10	2.799843e+03
6.114448e+10	2.805476e+03
6.159677e+10	2.811128e+03
6.205240e+10	2.816798e+03
6.251140e+10	2.822486e+03
6.297379e+10	2.828192e+03
6.343961e+10	2.833918e+03
6.390887e+10	2.839661e+03
6.438160e+10	2.845423e+03
6.485783e+10	2.851204e+03
6.533758e+10	2.857004e+03
6.582088e+10	2.862822e+03
6.630775e+10	2.868659e+03
6.679823e+10	2.874515e+03
6.729233e+10	2.880390e+03
6.779009e+10	2.886283e+03
6.829153e+10	2.892196e+03
6.879669e+10	2.898128e+03
6.930557e+10	2.904078e+03
6.981822e+10	2.910048e+03
7.033467e+10	2.916037e+03
7.085493e+10	2.922045e+03
7.137904e+10	2.928072e+03
7.190703e+10	2.934119e+03
7.243892e+10	2.940185e+03
7.297475e+10	2.946270e+03
7.351455e+10	2.952375e+03
7.405833e+10	2.958499e+03
7.460614e+10	2.964643e+03
7.515800e+10	2.970807e+03
7.571394e+10	2.976990e+03
7.627399e+10	2.983192e+03
7.683819e+10	2.989415e+03
7.740656e+10	2.995657e+03
7.797913e+10	3.001919e+03
7.855594e+10	3.008201e+03
7.913702e+10	3.014503e+03
7.972239e+10	3.020825e+03
8.031210e+10	3.027167e+03
8.090616e+10	3.033529e+03
8.150462e+10	3.039911e+03
8.210751e+10	3.046313e+03
8.271486e+10	3.052736e+03
8.332670e+10	3.059179e+03
8.394306e+10	3.065642e+03
8.456398e+10	3.072126e+03
8.518950e+10	3.078630e+03
8.581965e+10	3.085154e+03
8.645445e+10	3.091699e+03
8.709395e+10	3.098265e+03
8.773818e+10	3.104851e+03
8.838718e+10	3.111459e+03
8.904098e+10	3.118086e+03
8.969961e+10	3.124735e+03
9.036312e+10	3.131405e+03
9.103153e+10	3.138095e+03
9.170489e+10	3.144806e+03
9.238322e+10	3.151539e+03
9.306658e+10	3.158292e+03
9.375499e+10	3.165067e+03
9.444849e+10	3.171863e+03
9.514713e+10	3.178680e+03
9.585093e+10	3.185518e+03
9.655993e+10	3.192378e+03
9.727418e+10	3.199259e+03
9.799372e+10	3.206162e+03
9.871858e+10	3.213086e+03
9.944879e+10	3.220032e+03
1.001844e+11	3.226999e+03
1.009255e+11	3.233988e+03
1.016720e+11	3.240999e+03
1.024241e+11	3.248031e+03
1.031817e+11	3.255085e+03
1.039449e+11	3.262162e+03
1.047138e+11	3.269260e+03
1.054884e+11	3.276380e+03
1.062687e+11	3.283522e+03
1.070547e+11	3.290687e+03
1.078466e+11	3.297874e+03
1.086444e+11	3.305082e+03
1.094480e+11	3.526503e+03
1.102576e+11	3.533761e+03
1.110732e+11	3.541046e+03
1.118948e+11	3.548359e+03
1.127224e+11	3.555698e+03
1.135562e+11	3.563065e+03
1.143962e+11	3.570459e+03
1.152424e+11	3.577881e+03
1.160949e+11	3.585330e+03
1.169536e+11	3.592807e+03
1.178187e+11	3.600312e+03
1.186902e+11	3.607845e+03
1.195682e+11	3.615406e+03
1.204526e+11	3.622995e+03
1.213436e+11	3.630612e+03
1.222412e+11	3.638257e+03
1.231454e+11	3.645931e+03
1.240563e+11	3.653633e+03
1.249739e+11	3.661364e+03
1.258983e+11	3.669123e+03
1.268296e+11	3.676911e+03
1.277678e+11	3.684729e+03
1.287129e+11	3.692575e+03
1.296649e+11	3.700450e+03
1.306241e+11	3.708354e+03
1.315903e+11	3.716288e+03
1.325637e+11	3.724251e+03
1.335442e+11	3.732244e+03
1.345321e+11	3.740266e+03
1.355272e+11	3.748318e+03
1.365297e+11	3.756400e+03
1.375396e+11	3.764511e+03
1.385570e+11	3.772653e+03
1.395819e+11	3.780825e+03
1.406143e+11	3.789027e+03
1.416545e+11	3.797259e+03
1.427023e+11	3.805522e+03
1.437578e+11	3.813815e+03
1.448212e+11	3.822139e+03
1.458924e+11	3.830494e+03
1.469716e+11	3.838880e+03
1.480588e+11	3.847296e+03
1.491539e+11	3.855744e+03
1.502572e+11	3.864223e+03
1.513687e+11	3.872733e+03
1.524883e+11	3.881274e+03
1.536163e+11	3.889847e+03
1.547526e+11	3.898452e+03
1.558973e+11	3.907088e+03
1.570505e+11	3.915757e+03
1.582122e+11	3.924457e+03
1.593824e+11	3.933189e+03
1.605614e+11	3.941953e+03
1.617491e+11	3.950750e+03
1.629455e+11	3.959579e+03
1.641508e+11	3.968441e+03
1.653650e+11	3.977335e+03
1.665882e+11	3.986262e+03
1.678205e+11	3.995222e+03
1.690618e+11	4.004215e+03
1.703124e+11	4.013240e+03
1.715722e+11	4.022299e+03
1.728413e+11	4.031392e+03
1.741198e+11	4.040518e+03
1.754078e+11	4.049677e+03
1.767052e+11	4.058870e+03
1.780123e+11	4.068096e+03
1.793291e+11	4.077357e+03
1.806556e+11	4.086651e+03
1.819919e+11	4.095980e+03
1.833381e+11	4.105343e+03
1.846942e+11	4.114740e+03
1.860604e+11	4.124172e+03
1.874367e+11	4.133638e+03
1.888231e+11	4.143139e+03
1.902199e+11	4.152675e+03
1.916269e+11	4.162245e+03
1.930444e+11	4.171851e+03
1.944723e+11	4.181492e+03
1.959108e+11	4.191168e+03
1.973600e+11	4.200880e+03
1.988198e+11	4.210627e+03
2.002905e+11	4.220410e+03
2.017720e+11	4.230228e+03
2.032645e+11	4.240083e+03
2.047681e+11	4.249973e+03
2.062827e+11	4.259900e+03
2.078086e+11	4.269863e+03
2.093458e+11	4.279862e+03
2.108943e+11	4.289898e+03
2.124543e+11	4.299971e+03
2.140258e+11	4.310080e+03
2.156089e+11	4.320226e+03
2.172038e+11	4.330409e+03
2.188104e+11	4.340629e+03
2.204290e+11	4.350887e+03
2.220595e+11	4.361182e+03
2.237020e+11	4.371514e+03
2.253568e+11	4.381884e+03
2.270237e+11	4.392292e+03
2.287030e+11	4.402738e+03
2.303947e+11	4.413221e+03
2.320989e+11	4.423743e+03
2.338158e+11	4.434303e+03
2.355453e+11	4.444902e+03
2.372876e+11	4.455539e+03
2.390428e+11	4.466215e+03
2.408110e+11	4.476929e+03
2.425923e+11	4.487683e+03
2.443867e+11	4.498476e+03
2.461944e+11	4.509307e+03
2.480155e+11	4.520178e+03
2.498501e+11	4.531089e+03
2.516982e+11	4.542039e+03
2.535600e+11	4.553029e+03
2.554356e+11	4.564059e+03
2.573251e+11	4.575128e+03
2.592285e+11	4.586238e+03
2.611460e+11	4.597388e+03
2.630777e+11	4.608578e+03
2.650237e+11	4.619809e+03
2.669840e+11	4.631081e+03
2.689589e+11	4.642393e+03
2.709484e+11	4.653747e+03
2.729526e+11	4.665141e+03
2.749716e+11	4.676577e+03
2.770056e+11	4.688054e+03
2.790546e+11	4.699572e+03
2.811187e+11	4.711132e+03
2.831982e+11	4.722734e+03
2.852930e+11	4.734377e+03
2.874033e+11	4.746063e+03
2.895292e+11	4.757791e+03
2.916708e+11	4.769561e+03
2.938283e+11	4.781374e+03
2.960017e+11	4.793229e+03
2.981913e+11	4.805127e+03
3.003970e+11	4.817068e+03
3.026190e+11	4.829051e+03
3.048575e+11	4.841078e+03
3.071125e+11	4.853149e+03
3.093842e+11	4.865262e+03
3.116727e+11	4.877420e+03
3.139781e+11	4.889621e+03
3.163006e+11	4.901866e+03
3.186403e+11	4.914155e+03
3.209972e+11	4.926488e+03
3.233716e+11	4.938865e+03
3.257636e+11	4.951287e+03
3.281733e+11	4.963753e+03
3.306008e+11	4.976264e+03
3.330462e+11	4.988820e+03
3.355097e+11	5.001421e+03
3.379915e+11	5.014068e+03
3.404916e+11	5.026759e+03
3.430102e+11	5.039496e+03
3.455475e+11	5.052279e+03
3.481035e+11	5.065108e+03
3.506784e+11	5.077982e+03
3.532723e+11	5.090903e+03
3.558855e+11	5.103869e+03
3.585179e+11	5.116883e+03
3.611699e+11	5.129942e+03
3.638415e+11	5.143048e+03
3.665328e+11	5.156202e+03
3.692440e+11	5.169402e+03
3.719753e+11	5.182649e+03
3.747268e+11	5.195944e+03
3.774986e+11	5.209286e+03
3.802910e+11	5.222675e+03
3.831040e+11	5.236113e+03
3.859378e+11	5.249598e+03
3.887926e+11	5.263132e+03
3.916684e+11	5.276713e+03
3.945656e+11	5.290343e+03
3.974842e+11	5.304022e+03
4.004244e+11	5.317749e+03
4.033863e+11	5.331525e+03
4.063701e+11	5.345350e+03
4.093760e+11	5.359224e+03
4.124042e+11	5.373148e+03
4.154547e+11	5.387121e+03
4.185278e+11	5.401144e+03
4.216237e+11	5.415216e+03
4.247424e+11	5.429339e+03
4.278842e+11	5.443511e+03
4.310493e+11	5.457734e+03
4.342377e+11	5.472007e+03
4.374498e+11	5.486331e+03
4.406856e+11	5.500706e+03
4.439453e+11	5.515132e+03
4.472292e+11	5.529608e+03
4.505373e+11	5.544137e+03
4.538699e+11	5.558716e+03
4.572272e+11	5.573347e+03
4.606093e+11	5.588030e+03
4.640164e+11	5.602765e+03
4.674487e+11	5.617551e+03
4.709064e+11	5.632390e+03
4.743897e+11	5.647282e+03
4.778987e+11	5.662226e+03
4.814337e+11	5.677223e+03
4.849949e+11	5.692273e+03
4.885824e+11	5.707376e+03
4.921964e+11	5.722532e+03
4.958372e+11	5.737741e+03
4.995048e+11	5.753005e+03
5.031997e+11	5.768322e+03
5.069218e+11	5.783693e+03
5.106715e+11	5.799118e+03
5.144489e+11	5.814597e+03
5.182543e+11	5.830131e+03
5.220878e+11	5.845719e+03
5.259497e+11	5.861363e+03
5.298401e+11	5.877061e+03
5.337593e+11	5.892815e+03
5.377075e+11	5.908623e+03
5.416849e+11	5.924488e+03
5.456918e+11	5.940408e+03
5.497282e+11	5.956384e+03
5.537945e+11	5.972415e+03
5.578909e+11	5.988504e+03
5.620176e+11	6.004648e+03
5.661749e+11	6.020849e+03
5.703628e+11	6.037107e+03
5.745818e+11	6.053422e+03
5.788320e+11	6.069794e+03
5.831136e+11	6.086223e+03
5.874268e+11	6.102710e+03
5.917720e+11	6.119254e+03
5.961493e+11	6.135857e+03
6.005590e+11	6.152517e+03
6.050014e+11	6.169235e+03
6.094765e+11	6.186012e+03
6.139848e+11	6.202848e+03
6.185264e+11	6.219742e+03
6.231017e+11	6.236695e+03
6.277107e+11	6.253707e+03
6.323539e+11	6.270779e+03
6.370314e+11	6.287910e+03
6.417435e+11	6.305101e+03
6.464904e+11	6.322352e+03
6.512725e+11	6.339663e+03
6.560900e+11	6.357034e+03
6.609430e+11	6.374465e+03
6.658320e+11	6.391957e+03
6.707572e+11	6.409510e+03
6.757187e+11	6.427124e+03
6.807170e+11	6.444800e+03
6.857522e+11	6.462536e+03
6.908247e+11	6.480334e+03
6.959347e+11	6.498194e+03
7.010825e+11	6.516116e+03
7.062684e+11	6.534101e+03
7.114927e+11	6.552147e+03
7.167556e+11	6.570256e+03
7.220574e+11	6.588428e+03
7.273984e+11	6.606663e+03
7.327790e+11	6.624961e+03
7.381993e+11	6.643323e+03
7.436597e+11	6.661748e+03
7.491606e+11	6.680236e+03
7.547021e+11	6.698789e+03
7.602846e+11	6.717406e+03
7.659084e+11	6.736087e+03
7.715738e+11	6.754833e+03
7.772811e+11	6.773643e+03
7.830306e+11	6.792519e+03
7.888227e+11	6.811460e+03
7.946576e+11	6.830466e+03
8.005356e+11	6.849537e+03
8.064572e+11	6.868675e+03
8.124225e+11	6.887878e+03
8.184320e+11	6.907148e+03
8.244859e+11	6.926484e+03
8.305846e+11	6.945886e+03
8.367284e+11	6.965356e+03
8.429177e+11	6.984892e+03
8.491527e+11	7.004496e+03
8.554339e+11	7.024167e+03
8.617615e+11	7.043906e+03
8.681359e+11	7.063713e+03
8.745575e+11	7.083588e+03
8.810266e+11	7.103531e+03
8.875435e+11	7.123543e+03
8.941086e+11	7.143623e+03
9.007223e+11	7.163772e+03
9.073849e+11	7.183991e+03
9.140968e+11	7.204279e+03
9.208584e+11	7.224636e+03
9.276699e+11	7.245064e+03
9.345319e+11	7.265561e+03
9.414446e+11	7.286128e+03
9.484084e+11	7.306766e+03
9.554238e+11	7.327475e+03
9.624910e+11	7.348255e+03
9.696105e+11	7.369106e+03
9.767827e+11	7.390028e+03
9.840079e+11	7.411021e+03
9.912866e+11	7.432087e+03
9.986191e+11	7.453225e+03
1.006006e+12	7.474434e+03
1.013447e+12	7.495717e+03
1.020944e+12	7.517072e+03
1.028496e+12	7.538500e+03
1.036103e+12	7.560001e+03
1.043767e+12	7.581575e+03
1.051488e+12	7.603224e+03
1.059266e+12	7.624946e+03
1.067101e+12	7.646742e+03
1.074995e+12	7.668612e+03
1.082946e+12	7.690557e+03
1.090957e+12	7.712577e+03
1.099027e+12	7.734672e+03
1.107156e+12	7.756842e+03
1.115346e+12	7.779088e+03
1.123596e+12	7.801409e+03
1.131907e+12	7.823806e+03
1.140280e+12	7.846280e+03
1.148714e+12	7.868830e+03
1.157211e+12	7.891456e+03
1.165771e+12	7.914160e+03
1.174394e+12	7.936941e+03
1.183081e+12	7.959799e+03
1.191833e+12	7.982735e+03
1.200649e+12	8.005749e+03
1.209530e+12	8.028841e+03
1.218477e+12	8.052011e+03
1.227490e+12	8.075261e+03
1.236569e+12	8.098589e+03
1.245716e+12	8.121996e+03
1.254931e+12	8.145482e+03
1.264213e+12	8.169049e+03
1.273565e+12	8.192695e+03
1.282985e+12	8.216421e+03
1.292475e+12	8.240228e+03
1.302036e+12	8.264115e+03
1.311667e+12	8.288084e+03
1.321369e+12	8.312133e+03
1.331143e+12	8.336264e+03
1.340990e+12	8.360477e+03
1.350909e+12	8.384771e+03
1.360902e+12	8.409148e+03
1.370968e+12	8.433608e+03
1.381109e+12	8.458150e+03
1.391325e+12	8.482775e+03
1.401617e+12	8.507483e+03
1.411985e+12	8.532275e+03
1.422429e+12	8.557151e+03
1.432951e+12	8.582111e+03
1.443550e+12	8.607155e+03
1.454228e+12	8.632284e+03
1.464985e+12	8.657498e+03
1.475821e+12	8.682797e+03
1.486738e+12	8.708181e+03
1.497735e+12	8.733651e+03
1.508814e+12	8.759207e+03
1.519975e+12	8.784850e+03
1.531218e+12	8.810579e+03
1.542544e+12	8.836394e+03
1.553954e+12	8.862297e+03
1.565449e+12	8.888287e+03
1.577029e+12	8.914365e+03
1.588694e+12	8.940531e+03
1.600445e+12	8.966785e+03
1.612284e+12	8.993128e+03
1.624210e+12	9.019559e+03
1.636224e+12	9.046080e+03
1.648327e+12	9.072689e+03
1.660520e+12	9.099389e+03
1.672803e+12	9.126178e+03
1.685176e+12	9.153058e+03
1.697641e+12	9.180028e+03
1.710199e+12	9.207090e+03
1.722849e+12	9.234242e+03
1.735593e+12	9.261486e+03
1.748431e+12	9.288821e+03
1.761364e+12	9.316248e+03
1.774393e+12	9.343768e+03
1.787518e+12	9.371381e+03
1.800740e+12	9.399086e+03
1.814060e+12	9.426885e+03
1.827479e+12	9.454777e+03
1.840997e+12	9.482763e+03
1.854614e+12	9.510843e+03
1.868333e+12	9.539018e+03
1.882153e+12	9.567288e+03
1.896075e+12	9.595652e+03
1.910100e+12	9.624112e+03
1.924229e+12	9.652668e+03
1.938463e+12	9.681320e+03
1.952802e+12	9.710068e+03
1.967246e+12	9.738913e+03
1.981798e+12	9.767855e+03
1.996457e+12	9.796894e+03
2.011225e+12	9.826031e+03
2.026102e+12	9.855266e+03
2.041089e+12	9.884599e+03
2.056187e+12	9.914031e+03
2.071397e+12	9.943561e+03
2.086719e+12	9.973191e+03
2.102154e+12	1.000292e+04
2.117704e+12	1.003275e+04
2.133368e+12	1.006268e+04
2.149149e+12	1.009271e+04
2.165046e+12	1.012284e+04
2.181061e+12	1.015308e+04
2.197194e+12	1.018341e+04
2.213446e+12	1.021385e+04
2.229819e+12	1.024439e+04
2.246313e+12	1.027503e+04
2.262929e+12	1.030577e+04
2.279668e+12	1.033662e+04
2.296530e+12	1.036757e+04
2.313518e+12	1.039863e+04
2.330631e+12	1.042979e+04
2.347870e+12	1.046105e+04
2.365238e+12	1.049242e+04
2.382733e+12	1.052390e+04
2.400358e+12	1.055548e+04
2.418114e+12	1.058717e+04
2.436000e+12	1.061896e+04
2.454019e+12	1.065086e+04
2.472172e+12	1.068287e+04
2.490458e+12	1.071499e+04
2.508880e+12	1.074721e+04
2.527438e+12	1.077954e+04
2.546134e+12	1.081199e+04
2.564967e+12	1.084454e+04
2.583940e+12	1.087720e+04
2.603054e+12	1.090997e+04
2.622308e+12	1.094285e+04
2.641705e+12	1.097584e+04
2.661246e+12	1.100894e+04
2.680931e+12	1.104216e+04
2.700762e+12	1.107548e+04
2.720739e+12	1.110892e+04
2.740865e+12	1.114247e+04
2.761139e+12	1.117613e+04
2.781563e+12	1.120991e+04
2.802138e+12	1.124380e+04
2.822865e+12	1.127781e+04
2.843746e+12	1.131193e+04
2.864781e+12	1.134616e+04
2.885972e+12	1.138051e+04
2.907319e+12	1.141498e+04
2.928824e+12	1.144956e+04
2.950489e+12	1.148426e+04
2.972314e+12	1.151908e+04
2.994300e+12	1.155401e+04
3.016448e+12	1.158906e+04
3.038761e+12	1.162423e+04
3.061239e+12	1.165952e+04
3.083882e+12	1.169493e+04
3.106694e+12	1.173046e+04
3.129674e+12	1.176610e+04
3.152824e+12	1.180187e+04
3.176145e+12	1.183776e+04
3.199639e+12	1.187377e+04
3.223307e+12	1.190990e+04
3.247150e+12	1.194616e+04
3.271169e+12	1.198253e+04
3.295365e+12	1.201903e+04
3.319741e+12	1.205566e+04
3.344297e+12	1.209240e+04
3.369035e+12	1.212927e+04
3.393955e+12	1.216627e+04
3.419060e+12	1.220339e+04
3.444351e+12	1.224064e+04
3.469829e+12	1.227801e+04
3.495495e+12	1.231552e+04
3.521351e+12	1.235314e+04
3.547399e+12	1.239090e+04
3.573639e+12	1.242878e+04
3.600073e+12	1.246679e+04
3.626702e+12	1.250494e+04
3.653529e+12	1.254321e+04
3.680554e+12	1.258161e+04
3.707779e+12	1.262014e+04
3.735205e+12	1.265880e+04
3.762834e+12	1.269759e+04
3.790668e+12	1.273652e+04
3.818707e+12	1.277558e+04
3.846954e+12	1.281477e+04
3.875410e+12	1.285409e+04
3.904076e+12	1.289355e+04
3.932955e+12	1.293314e+04
3.962047e+12	1.297287e+04
3.991354e+12	1.301273e+04
4.020878e+12	1.305273e+04
4.050620e+12	1.309286e+04
4.080582e+12	1.313313e+04
4.110766e+12	1.317354e+04
4.141173e+12	1.321409e+04
4.171806e+12	1.325478e+04
4.202664e+12	1.329560e+04
4.233751e+12	1.333656e+04
4.265068e+12	1.337767e+04
4.296617e+12	1.341891e+04
4.328399e+12	1.346030e+04
4.360416e+12	1.350182e+04
4.392670e+12	1.354349e+04
4.425162e+12	1.358531e+04
4.457895e+12	1.362726e+04
4.490870e+12	1.366936e+04
4.524089e+12	1.371160e+04
4.557553e+12	1.375399e+04
4.591265e+12	1.379652e+04
4.625227e+12	1.383920e+04
4.659439e+12	1.388203e+04
4.693905e+12	1.392500e+04
4.728626e+12	1.396812e+04
4.763603e+12	1.401139e+04
4.798840e+12	1.405481e+04
4.834336e+12	1.409838e+04
4.870096e+12	1.414210e+04
4.906120e+12	1.418596e+04
4.942410e+12	1.422998e+04
4.978969e+12	1.427415e+04
5.015798e+12	1.431848e+04
5.052900e+12	1.436295e+04
5.090276e+12	1.440758e+04
5.127929e+12	1.445236e+04
5.165860e+12	1.449730e+04
5.204072e+12	1.454240e+04
5.242566e+12	1.458764e+04
5.281345e+12	1.463305e+04
5.320411e+12	1.467861e+04
5.359766e+12	1.472433e+04
5.399412e+12	1.477021e+04
5.439351e+12	1.481625e+04
5.479586e+12	1.486245e+04
5.520118e+12	1.490880e+04
5.560951e+12	1.495532e+04
5.602085e+12	1.500200e+04
5.643523e+12	1.504884e+04
5.685268e+12	1.509585e+04
5.727322e+12	1.514302e+04
5.769687e+12	1.519035e+04
5.812365e+12	1.523785e+04
5.855359e+12	1.528551e+04
5.898671e+12	1.533334e+04
5.942303e+12	1.538133e+04
5.986258e+12	1.542949e+04
6.030538e+12	1.547782e+04
6.075146e+12	1.552632e+04
6.120084e+12	1.557499e+04
6.165354e+12	1.562383e+04
6.210959e+12	1.567284e+04
6.256901e+12	1.572202e+04
6.303183e+12	1.577137e+04
6.349807e+12	1.582089e+04
6.396777e+12	1.587059e+04
6.444093e+12	1.592046e+04
6.491760e+12	1.597051e+04
6.539780e+12	1.602073e+04
6.588154e+12	1.607113e+04
6.636887e+12	1.612171e+04
6.685979e+12	1.617246e+04
6.735435e+12	1.622339e+04
6.785257e+12	1.627451e+04
6.835448e+12	1.632580e+04
6.886009e+12	1.637727e+04
6.936945e+12	1.642892e+04
6.988257e+12	1.648076e+04
7.039949e+12	1.653277e+04
7.092023e+12	1.658498e+04
7.144483e+12	1.663736e+04
7.197330e+12	1.668993e+04
7.250569e+12	1.674269e+04
7.304201e+12	1.679563e+04
7.358230e+12	1.684876e+04
7.412659e+12	1.690208e+04
7.467490e+12	1.695559e+04
7.522727e+12	1.700928e+04
7.578372e+12	1.706317e+04
7.634429e+12	1.711725e+04
7.690901e+12	1.717152e+04
7.747790e+12	1.722598e+04
7.805100e+12	1.728064e+04
7.862834e+12	1.733549e+04
7.920995e+12	1.739053e+04
7.979587e+12	1.744578e+04
8.038611e+12	1.750121e+04
8.098073e+12	1.755685e+04
8.157974e+12	1.761268e+04
8.218318e+12	1.766872e+04
8.279109e+12	1.772495e+04
8.340349e+12	1.778139e+04
8.402043e+12	1.783802e+04
8.464192e+12	1.789486e+04
8.526802e+12	1.795190e+04
8.589874e+12	1.800915e+04
8.653413e+12	1.806660e+04
8.717422e+12	1.812426e+04
8.781905e+12	1.818212e+04
8.846864e+12	1.824019e+04
8.912304e+12	1.829847e+04
8.978228e+12	1.835696e+04
9.044640e+12	1.841566e+04
9.111543e+12	1.847457e+04
9.178941e+12	1.853369e+04
9.246837e+12	1.859303e+04
9.315235e+12	1.865258e+04
9.384140e+12	1.871234e+04
9.453554e+12	1.877232e+04
9.523482e+12	1.883252e+04
9.593927e+12	1.889293e+04
9.664893e+12	1.895356e+04
9.736384e+12	1.901441e+04
9.808403e+12	1.907548e+04
9.880956e+12	1.913677e+04
9.954045e+12	1.919828e+04
1.002767e+13	1.926002e+04
1.010185e+13	1.932198e+04
1.017657e+13	1.938416e+04
1.025185e+13	1.944657e+04
1.032768e+13	1.950921e+04
1.040407e+13	1.957208e+04
1.048103e+13	1.963517e+04
1.055856e+13	1.969849e+04
1.063666e+13	1.976204e+04
1.071534e+13	1.982583e+04
1.079460e+13	1.988985e+04
1.087445e+13	1.995410e+04
1.095489e+13	2.001858e+04
1.103592e+13	2.008330e+04
1.111755e+13	2.014826e+04
1.119979e+13	2.021345e+04
1.128263e+13	2.027888e+04
1.136609e+13	2.034455e+04
1.145017e+13	2.041046e+04
1.153486e+13	2.047662e+04
1.162019e+13	2.054301e+04
1.170614e+13	2.060965e+04
1.179273e+13	2.067653e+04
1.187996e+13	2.074366e+04
1.196784e+13	2.081104e+04
1.205636e+13	2.087866e+04
1.214554e+13	2.094653e+04
1.223538e+13	2.101465e+04
1.232589e+13	2.108302e+04
1.241706e+13	2.115165e+04
1.250891e+13	2.122052e+04
1.260144e+13	2.128965e+04
1.269465e+13	2.135904e+04
1.278855e+13	2.142868e+04
1.288315e+13	2.149858e+04
1.297844e+13	2.156874e+04
1.307445e+13	2.163915e+04
1.317116e+13	2.170983e+04
1.326858e+13	2.178077e+04
1.336673e+13	2.185197e+04
1.346560e+13	2.192343e+04
1.356521e+13	2.199516e+04
1.366555e+13	2.206716e+04
1.376663e+13	2.213942e+04
1.386847e+13	2.221195e+04
1.397105e+13	2.228475e+04
1.407439e+13	2.235782e+04
1.417850e+13	2.243116e+04
1.428338e+13	2.250478e+04
1.438903e+13	2.257867e+04
1.449547e+13	2.265283e+04
1.460269e+13	2.272727e+04
1.471071e+13	2.280199e+04
1.481952e+13	2.287699e+04
1.492914e+13	2.295227e+04
1.503957e+13	2.302782e+04
1.515082e+13	2.310366e+04
1.526289e+13	2.317979e+04
1.537579e+13	2.325620e+04
1.548952e+13	2.333289e+04
1.560410e+13	2.340987e+04
1.571952e+13	2.348714e+04
1.583580e+13	2.356470e+04
1.595293e+13	2.364255e+04
1.607094e+13	2.372069e+04
1.618981e+13	2.379913e+04
1.630957e+13	2.387786e+04
1.643021e+13	2.395688e+04
1.655174e+13	2.403620e+04
1.667418e+13	2.411582e+04
1.679752e+13	2.419574e+04
1.692177e+13	2.427596e+04
1.704694e+13	2.435649e+04
1.717303e+13	2.443731e+04
1.730006e+13	2.451844e+04
1.742803e+13	2.459988e+04
1.755694e+13	2.468162e+04
1.768681e+13	2.476367e+04
1.781764e+13	2.484603e+04
1.794944e+13	2.492871e+04
1.808221e+13	2.501169e+04
1.821596e+13	2.509499e+04
1.835070e+13	2.517860e+04
1.848644e+13	2.526253e+04
1.862319e+13	2.534678e+04
1.876094e+13	2.543135e+04
1.889972e+13	2.551623e+04
1.903952e+13	2.560144e+04
1.918035e+13	2.568697e+04
1.932223e+13	2.577283e+04
1.946515e+13	2.585901e+04
1.960914e+13	2.594552e+04
1.975419e+13	2.603236e+04
1.990031e+13	2.611952e+04
2.004751e+13	2.620702e+04
2.019580e+13	2.629485e+04
2.034519e+13	2.638302e+04
2.049568e+13	2.647152e+04
2.064729e+13	2.656036e+04
2.080001e+13	2.664953e+04
2.095387e+13	2.673905e+04
2.110887e+13	2.682891e+04
2.126501e+13	2.691911e+04
2.142230e+13	2.700965e+04
2.158076e+13	2.710054e+04
2.174040e+13	2.719177e+04
2.190121e+13	2.728336e+04
2.206321e+13	2.737529e+04
2.222641e+13	2.746758e+04
2.239082e+13	2.756021e+04
2.255645e+13	2.765321e+04
2.272329e+13	2.774655e+04
2.289138e+13	2.784026e+04
2.306070e+13	2.793432e+04
2.323128e+13	2.802874e+04
2.340313e+13	2.812353e+04
2.357624e+13	2.821868e+04
2.375063e+13	2.831419e+04
2.392631e+13	2.841007e+04
2.410329e+13	2.850632e+04
2.428159e+13	2.860293e+04
2.446120e+13	2.869992e+04
2.464214e+13	2.879728e+04
2.482441e+13	2.889501e+04
2.500804e+13	2.899312e+04
2.519302e+13	2.909160e+04
2.537937e+13	2.919046e+04
2.556710e+13	2.928971e+04
2.575622e+13	2.938933e+04
2.594674e+13	2.948934e+04
2.613867e+13	2.958973e+04
2.633202e+13	2.969051e+04
2.652679e+13	2.979168e+04
2.672301e+13	2.989323e+04
2.692068e+13	2.999518e+04
2.711981e+13	3.009752e+04
2.732042e+13	3.020025e+04
2.752250e+13	3.030339e+04
2.772609e+13	3.040691e+04
2.793118e+13	3.051084e+04
2.813778e+13	3.061517e+04
2.834592e+13	3.071990e+04
2.855559e+13	3.082503e+04
2.876681e+13	3.093057e+04
2.897960e+13	3.103652e+04
2.919396e+13	3.114287e+04
2.940991e+13	3.124964e+04
2.962745e+13	3.135682e+04
2.984661e+13	3.146441e+04
3.006738e+13	3.157242e+04
3.028979e+13	3.168085e+04
3.051384e+13	3.178970e+04
3.073955e+13	3.189896e+04
3.096693e+13	3.200865e+04
3.119599e+13	3.211876e+04
3.142675e+13	3.222930e+04
3.165921e+13	3.234027e+04
3.189339e+13	3.245167e+04
3.212931e+13	3.256349e+04
3.236697e+13	3.267575e+04
3.260639e+13	3.278845e+04
3.284757e+13	3.290158e+04
3.309055e+13	3.301515e+04
3.333532e+13	3.312916e+04
3.358190e+13	3.324361e+04
3.383030e+13	3.335850e+04
3.408054e+13	3.347384e+04
3.433264e+13	3.358963e+04
3.458659e+13	3.370586e+04
3.484243e+13	3.382255e+04
3.510016e+13	3.393969e+04
3.535979e+13	3.405728e+04
3.562135e+13	3.417533e+04
3.588484e+13	3.429383e+04
3.615028e+13	3.441280e+04
3.641768e+13	3.453222e+04
3.668706e+13	3.465211e+04
3.695843e+13	3.477247e+04
3.723181e+13	3.489329e+04
3.750722e+13	3.501458e+04
3.778466e+13	3.513634e+04
3.806415e+13	3.525858e+04
3.834571e+13	3.538128e+04
3.862935e+13	3.550447e+04
3.891509e+13	3.562813e+04
3.920294e+13	3.575227e+04
3.949293e+13	3.587690e+04
3.978505e+13	3.600200e+04
4.007934e+13	3.612760e+04
4.037581e+13	3.625368e+04
4.067447e+13	3.638025e+04
4.097533e+13	3.650731e+04
4.127843e+13	3.663487e+04
4.158376e+13	3.676292e+04
4.189136e+13	3.689146e+04
4.220123e+13	3.702051e+04
4.251339e+13	3.715006e+04
4.282786e+13	3.728011e+04
4.314465e+13	3.741066e+04
4.346379e+13	3.754173e+04
4.378529e+13	3.767330e+04
4.410917e+13	3.780538e+04
4.443545e+13	3.793797e+04
4.476413e+13	3.807108e+04
4.509525e+13	3.820471e+04
4.542882e+13	3.833886e+04
4.576486e+13	3.847352e+04
4.610338e+13	3.860871e+04
4.644440e+13	3.874442e+04
4.678795e+13	3.888066e+04
4.713404e+13	3.901743e+04
4.748269e+13	3.915473e+04
4.783392e+13	3.929257e+04
4.818774e+13	3.943093e+04
4.854419e+13	3.956984e+04
4.890327e+13	3.970928e+04
4.926500e+13	3.984927e+04
4.962941e+13	3.998979e+04
4.999652e+13	4.013087e+04
5.036634e+13	4.027249e+04
5.073890e+13	4.041466e+04
5.111422e+13	4.055738e+04
5.149231e+13	4.070065e+04
5.187319e+13	4.084448e+04
5.225690e+13	4.098887e+04
5.264344e+13	4.113382e+04
5.303284e+13	4.127933e+04
5.342513e+13	4.142540e+04
5.382031e+13	4.157204e+04
5.421842e+13	4.171925e+04
5.461947e+13	4.186703e+04
5.502349e+13	4.201538e+04
5.543049e+13	4.216431e+04
5.584051e+13	4.231381e+04
5.625356e+13	4.246390e+04
5.666967e+13	4.261456e+04
5.708885e+13	4.276581e+04
5.751114e+13	4.291764e+04
5.793654e+13	4.307006e+04
5.836510e+13	4.322307e+04
5.879682e+13	4.337668e+04
5.923174e+13	4.353087e+04
5.966988e+13	4.368567e+04
6.011125e+13	4.384106e+04
6.055590e+13	4.399705e+04
6.100383e+13	4.415365e+04
6.145507e+13	4.431085e+04
6.190965e+13	4.446866e+04
6.236759e+13	4.462708e+04
6.282893e+13	4.478612e+04
6.329367e+13	4.494576e+04
6.376185e+13	4.510603e+04
6.423349e+13	4.526691e+04
6.470863e+13	4.542841e+04
6.518728e+13	4.559054e+04
6.566946e+13	4.575330e+04
6.615522e+13	4.591668e+04
6.664457e+13	4.608069e+04
6.713754e+13	4.624534e+04
6.763415e+13	4.641062e+04
6.813444e+13	4.657653e+04
6.863843e+13	4.674309e+04
6.914614e+13	4.691029e+04
6.965761e+13	4.707814e+04
7.017287e+13	4.724663e+04
7.069194e+13	4.741577e+04
7.121484e+13	4.758556e+04
7.174162e+13	4.775600e+04
7.227229e+13	4.792711e+04
7.280688e+13	4.809887e+04
7.334543e+13	4.827129e+04
7.388797e+13	4.844437e+04
7.443451e+13	4.861812e+04
7.498510e+13	4.879254e+04
7.553977e+13	4.896763e+04
7.609853e+13	4.914339e+04
7.666143e+13	4.931983e+04
7.722849e+13	4.949695e+04
7.779975e+13	4.967474e+04
7.837523e+13	4.985322e+04
7.895497e+13	5.003239e+04
7.953900e+13	5.021224e+04
8.012735e+13	5.039278e+04
8.072005e+13	5.057402e+04
8.131713e+13	5.075595e+04
8.191863e+13	5.093857e+04
8.252458e+13	5.112190e+04
8.313501e+13	5.130593e+04
8.374996e+13	5.149067e+04
8.436945e+13	5.167611e+04
8.499353e+13	5.186226e+04
8.562223e+13	5.204913e+04
8.625557e+13	5.223671e+04
8.689360e+13	5.242501e+04
8.753635e+13	5.261403e+04
8.818385e+13	5.280377e+04
8.883615e+13	5.299424e+04
8.949327e+13	5.318543e+04
9.015525e+13	5.337736e+04
9.082212e+13	5.357002e+04
9.149393e+13	5.376341e+04
9.217071e+13	5.395755e+04
9.285249e+13	5.415242e+04
9.353932e+13	5.434804e+04
9.423123e+13	5.454440e+04
9.492825e+13	5.474152e+04
9.563043e+13	5.493938e+04
9.633781e+13	5.513800e+04
9.705042e+13	5.533738e+04
9.776829e+13	5.553751e+04
9.849148e+13	5.573841e+04
9.922002e+13	5.594007e+04
9.995395e+13	5.614250e+04
1.006933e+14	5.634570e+04
1.014381e+14	5.654968e+04
1.021885e+14	5.675443e+04
1.029444e+14	5.695995e+04
1.037058e+14	5.716626e+04
1.044729e+14	5.737336e+04
1.052457e+14	5.758123e+04
1.060242e+14	5.778990e+04
1.068085e+14	5.799936e+04
1.075985e+14	5.820962e+04
1.083944e+14	5.842067e+04
1.091962e+14	5.863253e+04
1.100040e+14	5.884519e+04
1.108176e+14	5.905865e+04
1.116374e+14	5.927292e+04
1.124631e+14	5.948801e+04
1.132950e+14	5.970391e+04
1.141331e+14	5.992062e+04
1.149773e+14	6.013816e+04
1.158278e+14	6.035652e+04
1.166846e+14	6.057571e+04
1.175477e+14	6.079572e+04
1.184172e+14	6.101657e+04
1.192931e+14	6.123825e+04
1.201755e+14	6.146077e+04
1.210644e+14	6.168413e+04
1.219600e+14	6.190833e+04
1.228621e+14	6.213338e+04
1.237709e+14	6.235928e+04
1.246864e+14	6.258603e+04
1.256087e+14	6.281364e+04
1.265378e+14	6.304211e+04
1.274738e+14	6.327143e+04
1.284168e+14	6.350163e+04
1.293667e+14	6.373268e+04
1.303236e+14	6.396461e+04
1.312876e+14	6.419742e+04
1.322587e+14	6.443110e+04
1.332370e+14	6.466565e+04
1.342226e+14	6.490109e+04
1.352154e+14	6.513742e+04
1.362156e+14	6.537464e+04
1.372232e+14	6.561274e+04
1.382382e+14	6.585175e+04
1.392608e+14	6.609165e+04
1.402909e+14	6.633245e+04
1.413286e+14	6.657415e+04
1.423740e+14	6.681677e+04
1.434271e+14	6.706029e+04
1.444881e+14	6.730473e+04
1.455568e+14	6.755009e+04
1.466335e+14	6.779636e+04
1.477182e+14	6.804356e+04
1.488108e+14	6.829169e+04
1.499116e+14	6.854074e+04
1.510205e+14	6.879073e+04
1.521376e+14	6.904165e+04
1.532629e+14	6.929352e+04
1.543966e+14	6.954633e+04
1.555387e+14	6.980008e+04
1.566892e+14	7.005479e+04
1.578482e+14	7.031044e+04
1.590158e+14	7.056705e+04
1.601920e+14	7.082463e+04
1.613770e+14	7.108316e+04
1.625707e+14	7.134267e+04
1.637732e+14	7.160314e+04
1.649846e+14	7.186458e+04
1.662050e+14	7.212700e+04
1.674344e+14	7.239040e+04
1.686729e+14	7.265479e+04
1.699206e+14	7.292016e+04
1.711775e+14	7.318652e+04
1.724437e+14	7.345388e+04
1.737193e+14	7.372223e+04
1.750043e+14	7.399159e+04
1.762988e+14	7.426195e+04
1.776028e+14	7.453331e+04
1.789166e+14	7.480569e+04
1.802400e+14	7.507909e+04
1.815732e+14	7.535350e+04
1.829163e+14	7.562893e+04
1.842693e+14	7.590539e+04
1.856324e+14	7.618288e+04
1.870055e+14	7.646140e+04
1.883888e+14	7.674096e+04
1.897823e+14	7.702156e+04
1.911861e+14	7.730321e+04
1.926003e+14	7.758590e+04
1.940249e+14	7.786965e+04
1.954601e+14	7.815445e+04
1.969060e+14	7.844030e+04
1.983625e+14	7.872723e+04
1.998297e+14	7.901521e+04
2.013079e+14	7.930427e+04
2.027969e+14	7.959441e+04
2.042970e+14	7.988562e+04
2.058082e+14	8.017791e+04
2.073306e+14	8.047129e+04
2.088642e+14	8.076576e+04
2.104091e+14	8.106132e+04
2.119655e+14	8.135798e+04
2.135334e+14	8.165575e+04
2.151129e+14	8.195461e+04
2.167041e+14	8.225459e+04
2.183071e+14	8.255568e+04
2.199219e+14	8.285789e+04
2.215486e+14	8.316122e+04
2.231874e+14	8.346568e+04
2.248383e+14	8.377126e+04
2.265015e+14	8.407798e+04
2.281769e+14	8.438584e+04
2.298647e+14	8.469484e+04
2.315650e+14	8.500498e+04
2.332779e+14	8.531628e+04
2.350034e+14	8.562873e+04
2.367418e+14	8.594234e+04
2.384929e+14	8.625711e+04
2.402570e+14	8.657305e+04
2.420342e+14	8.689016e+04
2.438245e+14	8.720845e+04
2.456281e+14	8.752792e+04
2.474450e+14	8.784857e+04
2.492754e+14	8.817041e+04
2.511192e+14	8.849344e+04
2.529768e+14	8.881767e+04
2.548480e+14	8.914310e+04
2.567331e+14	8.946974e+04
2.586322e+14	8.979759e+04
2.605453e+14	9.012666e+04
2.624725e+14	9.045694e+04
2.644140e+14	9.078845e+04
2.663699e+14	9.112119e+04
2.683402e+14	9.145516e+04
2.703251e+14	9.179037e+04
2.723247e+14	9.212682e+04
2.743391e+14	9.246452e+04
2.763683e+14	9.280347e+04
2.784126e+14	9.314368e+04
2.804720e+14	9.348515e+04
2.825467e+14	9.382788e+04
2.846367e+14	9.417189e+04
2.867421e+14	9.451717e+04
2.888631e+14	9.486373e+04
2.909999e+14	9.521158e+04
2.931524e+14	9.556072e+04
2.953208e+14	9.591115e+04
2.975053e+14	9.626288e+04
2.997059e+14	9.661591e+04
3.019228e+14	9.697026e+04
3.041562e+14	9.732592e+04
3.064060e+14	9.768290e+04
3.086725e+14	9.804120e+04
3.109557e+14	9.840084e+04
3.132558e+14	9.876180e+04
3.155730e+14	9.912411e+04
3.179073e+14	9.948776e+04
3.202588e+14	9.985277e+04
3.226278e+14	1.002191e+05
3.250142e+14	1.005868e+05
3.274184e+14	1.009559e+05
3.298403e+14	1.013264e+05
3.322801e+14	1.016982e+05
3.347379e+14	1.020714e+05
3.372140e+14	1.024460e+05
3.397083e+14	1.028220e+05
3.422212e+14	1.031994e+05
3.447526e+14	1.035782e+05
3.473027e+14	1.039584e+05
3.498717e+14	1.043400e+05
3.524597e+14	1.047230e+05
3.550668e+14	1.051075e+05
3.576932e+14	1.054934e+05
3.603391e+14	1.058807e+05
3.630045e+14	1.062695e+05
3.656896e+14	1.066597e+05
3.683946e+14	1.070514e+05
3.711196e+14	1.074445e+05
3.738648e+14	1.078391e+05
3.766302e+14	1.082351e+05
3.794162e+14	1.086327e+05
3.822227e+14	1.090317e+05
3.850500e+14	1.094322e+05
3.878982e+14	1.098342e+05
3.907675e+14	1.102377e+05
3.936579e+14	1.106427e+05
3.965698e+14	1.110492e+05
3.995032e+14	1.114572e+05
4.024584e+14	1.118668e+05
4.054353e+14	1.122779e+05
4.084343e+14	1.126905e+05
4.114555e+14	1.131046e+05
4.144990e+14	1.135204e+05
4.175651e+14	1.139376e+05
4.206538e+14	1.143564e+05
4.237653e+14	1.147768e+05
4.268999e+14	1.151988e+05
4.300577e+14	1.156223e+05
4.332388e+14	1.160475e+05
4.364435e+14	1.164742e+05
4.396718e+14	1.169025e+05
4.429241e+14	1.173324e+05
4.462003e+14	1.177640e+05
4.495009e+14	1.181971e+05
4.528258e+14	1.186319e+05
4.561754e+14	1.190683e+05
4.595497e+14	1.195063e+05
4.629490e+14	1.199460e+05
4.663734e+14	1.203874e+05
4.698231e+14	1.208304e+05
4.732984e+14	1.212750e+05
4.767994e+14	1.217214e+05
4.803262e+14	1.221694e+05
4.838792e+14	1.226191e+05
4.874584e+14	1.230705e+05
4.910641e+14	1.235236e+05
4.946965e+14	1.239784e+05
4.983558e+14	1.244349e+05
5.020421e+14	1.248931e+05
5.057557e+14	1.253531e+05
5.094968e+14	1.258148e+05
5.132655e+14	1.262782e+05
5.170621e+14	1.267434e+05
5.208868e+14	1.272103e+05
5.247398e+14	1.276790e+05
5.286213e+14	1.281495e+05
5.325315e+14	1.286218e+05
5.364706e+14	1.290958e+05
5.404388e+14	1.295716e+05
5.444364e+14	1.300493e+05
5.484636e+14	1.305287e+05
5.525206e+14	1.310100e+05
5.566076e+14	1.314930e+05
5.607248e+14	1.319779e+05
5.648724e+14	1.324647e+05
5.690508e+14	1.329533e+05
5.732600e+14	1.334437e+05
5.775004e+14	1.339361e+05
5.817722e+14	1.344302e+05
5.860755e+14	1.349263e+05
5.904107e+14	1.354242e+05
5.947780e+14	1.359241e+05
5.991775e+14	1.364258e+05
6.036096e+14	1.369295e+05
6.080745e+14	1.374351e+05
6.125724e+14	1.379426e+05
6.171036e+14	1.384520e+05
6.216683e+14	1.389634e+05
6.262667e+14	1.394767e+05
6.308992e+14	1.399920e+05
6.355660e+14	1.405092e+05
6.402672e+14	1.410284e+05
6.450033e+14	1.415497e+05
6.497743e+14	1.420729e+05
6.545807e+14	1.425981e+05
6.594226e+14	1.431253e+05
6.643003e+14	1.436545e+05
6.692141e+14	1.441858e+05
6.741643e+14	1.447191e+05
6.791511e+14	1.452544e+05
6.841747e+14	1.457918e+05
6.892356e+14	1.463313e+05
6.943338e+14	1.468728e+05
6.994698e+14	1.474164e+05
7.046437e+14	1.479621e+05
7.098560e+14	1.485099e+05
7.151067e+14	1.490598e+05
7.203964e+14	1.496119e+05
7.257251e+14	1.501660e+05
7.310933e+14	1.507223e+05
7.365012e+14	1.512807e+05
7.419490e+14	1.518413e+05
7.474372e+14	1.524041e+05
7.529660e+14	1.529690e+05
7.585356e+14	1.535361e+05
7.641465e+14	1.541054e+05
7.697989e+14	1.546769e+05
7.754931e+14	1.552506e+05
7.812294e+14	1.558265e+05
7.870081e+14	1.564047e+05
7.928296e+14	1.569850e+05
7.986941e+14	1.575677e+05
8.046020e+14	1.581526e+05
8.105536e+14	1.587398e+05
8.165493e+14	1.593292e+05
8.225893e+14	1.599210e+05
8.286739e+14	1.605150e+05
8.348036e+14	1.611113e+05
8.409786e+14	1.617100e+05
8.471993e+14	1.623110e+05
8.534660e+14	1.629144e+05
8.597791e+14	1.635200e+05
8.661388e+14	1.641281e+05
8.725456e+14	1.647385e+05
8.789998e+14	1.653513e+05
8.855018e+14	1.659665e+05
8.920518e+14	1.665841e+05
8.986503e+14	1.672041e+05
9.052976e+14	1.678265e+05
9.119940e+14	1.684514e+05
9.187400e+14	1.690787e+05
9.255359e+14	1.697085e+05
9.323821e+14	1.703407e+05
9.392789e+14	1.709754e+05
9.462267e+14	1.716127e+05
9.532259e+14	1.722524e+05
9.602769e+14	1.728946e+05
9.673800e+14	1.735393e+05
9.745357e+14	1.741866e+05
9.817443e+14	1.748364e+05
9.890063e+14	1.754888e+05
9.963219e+14	1.761437e+05
1.003692e+15	1.768012e+05
1.011116e+15	1.774613e+05
1.018595e+15	1.781240e+05
1.026130e+15	1.787893e+05
1.033720e+15	1.794573e+05
1.041366e+15	1.801279e+05
1.049069e+15	1.808011e+05
1.056829e+15	1.814770e+05
1.064647e+15	1.821555e+05
1.072522e+15	1.828368e+05
1.080455e+15	1.835207e+05
1.088447e+15	1.842074e+05
1.096498e+15	1.848967e+05
1.104609e+15	1.855888e+05
1.112780e+15	1.862837e+05
1.121011e+15	1.869813e+05
1.129303e+15	1.876817e+05
1.137657e+15	1.883848e+05
1.146072e+15	1.890907e+05
1.154549e+15	1.897995e+05
1.163089e+15	1.905111e+05
1.171693e+15	1.912255e+05
1.180360e+15	1.919427e+05
1.189091e+15	1.926628e+05
1.197887e+15	1.933858e+05
1.206747e+15	1.941116e+05
1.215674e+15	1.948404e+05
1.224666e+15	1.955720e+05
1.233725e+15	1.963066e+05
1.242850e+15	1.970441e+05
1.252044e+15	1.977845e+05
1.261305e+15	1.985280e+05
1.270635e+15	1.992744e+05
1.280034e+15	2.000237e+05
1.289502e+15	2.007761e+05
1.299041e+15	2.015315e+05
1.308650e+15	2.022899e+05
1.318330e+15	2.030514e+05
1.328081e+15	2.038159e+05
1.337905e+15	2.045834e+05
1.347801e+15	2.053541e+05
1.357771e+15	2.061279e+05
1.367815e+15	2.069047e+05
1.377932e+15	2.076847e+05
1.388125e+15	2.084678e+05
1.398393e+15	2.092541e+05
1.408736e+15	2.100435e+05
1.419157e+15	2.108362e+05
1.429654e+15	2.116320e+05
1.440229e+15	2.124310e+05
1.450883e+15	2.132332e+05
1.461615e+15	2.140387e+05
1.472426e+15	2.148475e+05
1.483318e+15	2.156595e+05
1.494290e+15	2.164747e+05
1.505343e+15	2.172933e+05
1.516478e+15	2.181152e+05
1.527696e+15	2.189404e+05
1.538996e+15	2.197689e+05
1.550380e+15	2.206008e+05
1.561848e+15	2.214361e+05
1.573401e+15	2.222748e+05
1.585039e+15	2.231168e+05
1.596764e+15	2.239623e+05
1.608575e+15	2.248112e+05
1.620473e+15	2.256636e+05
1.632460e+15	2.265194e+05
1.644535e+15	2.273786e+05
1.656700e+15	2.282414e+05
1.668954e+15	2.291077e+05
1.681300e+15	2.299775e+05
1.693736e+15	2.308509e+05
1.706265e+15	2.317278e+05
1.718886e+15	2.326082e+05
1.731600e+15	2.334923e+05
1.744409e+15	2.343799e+05
1.757312e+15	2.352712e+05
1.770311e+15	2.361661e+05
1.783406e+15	2.370647e+05
1.796598e+15	2.379669e+05
1.809887e+15	2.388729e+05
1.823275e+15	2.397825e+05
1.836762e+15	2.406958e+05
1.850348e+15	2.416129e+05
1.864035e+15	2.425337e+05
1.877823e+15	2.434583e+05
1.891714e+15	2.443867e+05
1.905706e+15	2.453188e+05
1.919803e+15	2.462548e+05
1.934004e+15	2.471946e+05
1.948309e+15	2.481383e+05
1.962721e+15	2.490858e+05
1.977239e+15	2.500373e+05
1.991865e+15	2.509926e+05
2.006599e+15	2.519518e+05
2.021441e+15	2.529150e+05
2.036394e+15	2.538822e+05
2.051457e+15	2.548533e+05
2.066632e+15	2.558284e+05
2.081918e+15	2.568075e+05
2.097318e+15	2.577907e+05
2.112832e+15	2.587778e+05
2.128461e+15	2.597691e+05
2.144205e+15	2.607644e+05
2.160065e+15	2.617638e+05
2.176043e+15	2.627674e+05
2.192139e+15	2.637751e+05
2.208355e+15	2.647869e+05
2.224690e+15	2.658029e+05
2.241146e+15	2.668231e+05
2.257723e+15	2.678475e+05
2.274424e+15	2.688761e+05
2.291248e+15	2.699090e+05
2.308196e+15	2.709461e+05
2.325269e+15	2.719875e+05
2.342469e+15	2.730332e+05
2.359797e+15	2.740833e+05
2.377252e+15	2.751377e+05
2.394836e+15	2.761964e+05
2.412551e+15	2.772595e+05
2.430397e+15	2.783270e+05
2.448374e+15	2.793990e+05
2.466485e+15	2.804754e+05
2.484729e+15	2.815562e+05
2.503109e+15	2.826415e+05
2.521624e+15	2.837313e+05
2.540276e+15	2.848256e+05
2.559067e+15	2.859245e+05
2.577996e+15	2.870279e+05
2.597065e+15	2.881359e+05
2.616276e+15	2.892484e+05
2.635628e+15	2.903656e+05
2.655124e+15	2.914875e+05
2.674764e+15	2.926140e+05
2.694549e+15	2.937451e+05
2.714481e+15	2.948810e+05
2.734560e+15	2.960216e+05
2.754787e+15	2.971669e+05
2.775164e+15	2.983170e+05
2.795692e+15	2.994719e+05
2.816371e+15	3.006316e+05
2.837204e+15	3.017960e+05
2.858191e+15	3.029654e+05
2.879333e+15	3.041396e+05
2.900631e+15	3.053187e+05
2.922087e+15	3.065027e+05
2.943702e+15	3.076916e+05
2.965476e+15	3.088855e+05
2.987412e+15	3.100843e+05
3.009509e+15	3.112882e+05
3.031771e+15	3.124970e+05
3.054197e+15	3.137109e+05
3.076788e+15	3.149299e+05
3.099547e+15	3.161540e+05
3.122474e+15	3.173831e+05
3.145571e+15	3.186174e+05
3.168839e+15	3.198568e+05
3.192279e+15	3.211014e+05
3.215892e+15	3.223512e+05
3.239680e+15	3.236062e+05
3.263644e+15	3.248665e+05
3.287785e+15	3.261320e+05
3.312104e+15	3.274028e+05
3.336604e+15	3.286789e+05
3.361285e+15	3.299603e+05
3.386148e+15	3.312471e+05
3.411195e+15	3.325393e+05
3.436428e+15	3.338369e+05
3.461847e+15	3.351399e+05
3.487454e+15	3.364483e+05
3.513251e+15	3.377622e+05
3.539238e+15	3.390817e+05
3.565418e+15	3.404066e+05
3.591791e+15	3.417371e+05
3.618359e+15	3.430731e+05
3.645124e+15	3.444148e+05
3.672087e+15	3.457620e+05
3.699249e+15	3.471149e+05
3.726613e+15	3.484735e+05
3.754178e+15	3.498378e+05
3.781948e+15	3.512077e+05
3.809923e+15	3.525835e+05
3.838105e+15	3.539649e+05
3.866495e+15	3.553522e+05
3.895095e+15	3.567453e+05
3.923907e+15	3.581442e+05
3.952932e+15	3.595490e+05
3.982172e+15	3.609596e+05
4.011628e+15	3.623762e+05
4.041302e+15	3.637988e+05
4.071195e+15	3.652273e+05
4.101310e+15	3.666617e+05
4.131647e+15	3.681022e+05
4.162209e+15	3.695488e+05
4.192997e+15	3.710014e+05
4.224012e+15	3.724601e+05
4.255257e+15	3.739250e+05
4.286733e+15	3.753960e+05
4.318442e+15	3.768731e+05
4.350385e+15	3.783565e+05
4.382565e+15	3.798461e+05
4.414982e+15	3.813419e+05
4.447640e+15	3.828441e+05
4.480539e+15	3.843525e+05
4.513681e+15	3.858673e+05
4.547069e+15	3.873884e+05
4.580704e+15	3.889160e+05
4.614587e+15	3.904499e+05
4.648721e+15	3.919903e+05
4.683107e+15	3.935372e+05
4.717748e+15	3.950906e+05
4.752645e+15	3.966505e+05
4.787800e+15	3.982169e+05
4.823216e+15	3.997900e+05
4.858893e+15	4.013696e+05
4.894834e+15	4.029559e+05
4.931041e+15	4.045489e+05
4.967515e+15	4.061486e+05
5.004260e+15	4.077550e+05
5.041276e+15	4.093681e+05
5.078567e+15	4.109881e+05
5.116133e+15	4.126148e+05
5.153976e+15	4.142484e+05
5.192100e+15	4.158889e+05
5.230506e+15	4.175363e+05
5.269196e+15	4.191906e+05
5.308172e+15	4.208519e+05
5.347436e+15	4.225202e+05
5.386991e+15	4.241954e+05
5.426839e+15	4.258778e+05
5.466981e+15	4.275672e+05
5.507420e+15	4.292637e+05
5.548158e+15	4.309674e+05
5.589198e+15	4.326783e+05
5.630541e+15	4.343963e+05
5.672190e+15	4.361216e+05
5.714147e+15	4.378541e+05
5.756414e+15	4.395940e+05
5.798994e+15	4.413412e+05
5.841889e+15	4.430957e+05
5.885101e+15	4.448576e+05
5.928633e+15	4.466270e+05
5.972487e+15	4.484038e+05
6.016666e+15	4.501880e+05
6.061171e+15	4.519798e+05
6.106005e+15	4.537792e+05
6.151171e+15	4.555861e+05
6.196671e+15	4.574006e+05
6.242507e+15	4.592228e+05
6.288683e+15	4.610527e+05
6.335200e+15	4.628903e+05
6.382062e+15	4.647356e+05
6.429270e+15	4.665887e+05
6.476827e+15	4.684496e+05
6.524736e+15	4.703183e+05
6.572999e+15	4.721949e+05
6.621619e+15	4.740795e+05
6.670599e+15	4.759719e+05
6.719941e+15	4.778724e+05
6.769648e+15	4.797809e+05
6.819723e+15	4.816974e+05
6.870169e+15	4.836219e+05
6.920987e+15	4.855546e+05
6.972181e+15	4.874955e+05
7.023754e+15	4.894445e+05
7.075709e+15	4.914018e+05
7.128048e+15	4.933673e+05
7.180774e+15	4.953410e+05
7.233890e+15	4.973232e+05
7.287398e+15	4.993136e+05
7.341303e+15	5.013125e+05
7.395606e+15	5.033198e+05
7.450312e+15	5.053355e+05
7.505421e+15	5.073598e+05
7.560939e+15	5.093925e+05
7.616867e+15	5.114339e+05
7.673208e+15	5.134839e+05
7.729967e+15	5.155425e+05
7.787145e+15	5.176098e+05
7.844747e+15	5.196858e+05
7.902774e+15	5.217706e+05
7.961230e+15	5.238641e+05
8.020119e+15	5.259665e+05
8.079444e+15	5.280778e+05
8.139207e+15	5.301979e+05
8.199413e+15	5.323270e+05
8.260064e+15	5.344651e+05
8.321163e+15	5.366122e+05
8.382715e+15	5.387684e+05
8.444721e+15	5.409337e+05
8.507187e+15	5.431080e+05
8.570114e+15	5.452916e+05
8.633507e+15	5.474844e+05
8.697369e+15	5.496864e+05
8.761703e+15	5.518977e+05
8.826513e+15	5.541184e+05
8.891802e+15	5.563484e+05
8.957575e+15	5.585878e+05
9.023834e+15	5.608367e+05
9.090583e+15	5.630950e+05
9.157825e+15	5.653629e+05
9.225566e+15	5.676404e+05
9.293807e+15	5.699275e+05
9.362553e+15	5.722242e+05
9.431807e+15	5.745306e+05
9.501574e+15	5.768467e+05
9.571857e+15	5.791726e+05
9.642660e+15	5.815083e+05
9.713986e+15	5.838539e+05
9.785840e+15	5.862094e+05
9.858226e+15	5.885748e+05
9.931147e+15	5.909502e+05
1.000461e+16	5.933356e+05
1.007861e+16	5.957311e+05
1.015316e+16	5.981367e+05
1.022826e+16	6.005524e+05
1.030392e+16	6.029784e+05
1.038014e+16	6.054146e+05
1.045692e+16	6.078610e+05
1.053427e+16	6.103178e+05
1.061219e+16	6.127849e+05
1.069069e+16	6.152625e+05
1.076977e+16	6.177505e+05
1.084943e+16	6.202490e+05
1.092969e+16	6.227581e+05
1.101053e+16	6.252777e+05
1.109198e+16	6.278080e+05
1.117403e+16	6.303490e+05
1.125668e+16	6.329007e+05
1.133994e+16	6.354631e+05
1.142383e+16	6.380364e+05
1.150833e+16	6.406205e+05
1.159345e+16	6.432156e+05
1.167921e+16	6.458216e+05
1.176560e+16	6.484386e+05
1.185263e+16	6.510666e+05
1.194030e+16	6.537057e+05
1.202863e+16	6.563560e+05
1.211760e+16	6.590175e+05
1.220724e+16	6.616902e+05
1.229753e+16	6.643741e+05
1.238850e+16	6.670694e+05
1.248013e+16	6.697761e+05
1.257245e+16	6.724942e+05
1.266545e+16	6.752238e+05
1.275913e+16	6.779649e+05
1.285351e+16	6.807176e+05
1.294859e+16	6.834819e+05
1.304437e+16	6.862578e+05
1.314086e+16	6.890455e+05
1.323806e+16	6.918450e+05
1.333598e+16	6.946562e+05
1.343463e+16	6.974794e+05
1.353400e+16	7.003144e+05
1.363411e+16	7.031614e+05
1.373497e+16	7.060205e+05
1.383656e+16	7.088916e+05
1.393891e+16	7.117748e+05
1.404202e+16	7.146702e+05
1.414589e+16	7.175779e+05
1.425052e+16	7.204978e+05
1.435593e+16	7.234300e+05
1.446212e+16	7.263747e+05
1.456910e+16	7.293317e+05
1.467687e+16	7.323012e+05
1.478543e+16	7.352833e+05
1.489480e+16	7.382780e+05
1.500497e+16	7.412853e+05
1.511597e+16	7.443053e+05
1.522778e+16	7.473381e+05
1.534042e+16	7.503837e+05
1.545389e+16	7.534421e+05
1.556820e+16	7.565135e+05
1.568336e+16	7.595978e+05
1.579937e+16	7.626952e+05
1.591624e+16	7.658056e+05
1.603397e+16	7.689292e+05
1.615257e+16	7.720659e+05
1.627205e+16	7.752159e+05
1.639241e+16	7.783792e+05
1.651367e+16	7.815559e+05
1.663582e+16	7.847460e+05
1.675887e+16	7.879496e+05
1.688284e+16	7.911667e+05
1.700772e+16	7.943974e+05
1.713353e+16	7.976417e+05
1.726026e+16	8.008997e+05
1.738794e+16	8.041715e+05
1.751655e+16	8.074571e+05
1.764612e+16	8.107566e+05
1.777665e+16	8.140701e+05
1.790815e+16	8.173975e+05
1.804061e+16	8.207390e+05
1.817406e+16	8.240946e+05
1.830849e+16	8.274644e+05
1.844392e+16	8.308485e+05
1.858035e+16	8.342468e+05
1.871778e+16	8.376595e+05
1.885624e+16	8.410866e+05
1.899572e+16	8.445282e+05
1.913623e+16	8.479843e+05
1.927778e+16	8.514550e+05
1.942038e+16	8.549404e+05
1.956403e+16	8.584405e+05
1.970874e+16	8.619555e+05
1.985453e+16	8.654852e+05
2.000139e+16	8.690299e+05
2.014934e+16	8.725896e+05
2.029839e+16	8.761643e+05
2.044853e+16	8.797541e+05
2.059979e+16	8.833591e+05
2.075217e+16	8.869794e+05
2.090567e+16	8.906149e+05
2.106031e+16	8.942658e+05
2.121609e+16	8.979322e+05
2.137302e+16	9.016140e+05
2.153112e+16	9.053114e+05
2.169038e+16	9.090244e+05
2.185083e+16	9.127532e+05
2.201246e+16	9.164977e+05
2.217528e+16	9.202580e+05
2.233931e+16	9.240342e+05
2.250456e+16	9.278264e+05
2.267102e+16	9.316346e+05
2.283872e+16	9.354590e+05
2.300766e+16	9.392995e+05
2.317784e+16	9.431562e+05
2.334929e+16	9.470292e+05
2.352200e+16	9.509187e+05
2.369599e+16	9.548245e+05
2.387127e+16	9.587469e+05
2.404785e+16	9.626859e+05
2.422573e+16	9.666416e+05
2.440493e+16	9.706139e+05
2.458545e+16	9.746031e+05
2.476731e+16	9.786092e+05
2.495051e+16	9.826322e+05
2.513507e+16	9.866722e+05
2.532099e+16	9.907293e+05
2.550829e+16	9.948036e+05
2.569697e+16	9.988951e+05
2.588705e+16	1.003004e+06
2.607854e+16	1.007130e+06
2.627144e+16	1.011274e+06
2.646577e+16	1.015435e+06
2.666154e+16	1.019614e+06
2.685875e+16	1.023810e+06
2.705742e+16	1.028024e+06
2.725757e+16	1.032257e+06
2.745919e+16	1.036507e+06
2.766231e+16	1.040775e+06
2.786692e+16	1.045061e+06
2.807305e+16	1.049365e+06
2.828071e+16	1.053687e+06
2.848990e+16	1.058028e+06
2.870064e+16	1.062387e+06
2.891294e+16	1.066764e+06
2.912681e+16	1.071160e+06
2.934226e+16	1.075575e+06
2.955930e+16	1.080008e+06
2.977795e+16	1.084461e+06
2.999822e+16	1.088932e+06
3.022011e+16	1.093421e+06
3.044365e+16	1.097930e+06
3.066884e+16	1.102458e+06
3.089570e+16	1.107006e+06
3.112423e+16	1.111572e+06
3.135446e+16	1.116158e+06
3.158638e+16	1.120763e+06
3.182003e+16	1.125388e+06
3.205540e+16	1.130032e+06
3.229251e+16	1.134696e+06
3.253138e+16	1.139380e+06
3.277201e+16	1.144083e+06
3.301443e+16	1.148807e+06
3.325863e+16	1.153550e+06
3.350465e+16	1.158314e+06
3.375248e+16	1.163098e+06
3.400214e+16	1.167902e+06
3.425366e+16	1.172726e+06
3.450703e+16	1.177571e+06
3.476228e+16	1.182436e+06
3.501941e+16	1.187322e+06
3.527845e+16	1.192229e+06
3.553940e+16	1.197157e+06
3.580229e+16	1.202105e+06
3.606712e+16	1.207074e+06
3.633390e+16	1.212065e+06
3.660266e+16	1.217076e+06
3.687341e+16	1.222109e+06
3.714616e+16	1.227163e+06
3.742093e+16	1.232239e+06
3.769774e+16	1.237336e+06
3.797658e+16	1.242455e+06
3.825750e+16	1.247595e+06
3.854049e+16	1.252758e+06
3.882557e+16	1.257942e+06
3.911276e+16	1.263148e+06
3.940208e+16	1.268376e+06
3.969353e+16	1.273626e+06
3.998714e+16	1.278899e+06
4.028293e+16	1.284194e+06
4.058090e+16	1.289511e+06
4.088107e+16	1.294851e+06
4.118347e+16	1.300214e+06
4.148810e+16	1.305600e+06
4.179499e+16	1.311008e+06
4.210415e+16	1.316439e+06
4.241559e+16	1.321893e+06
4.272934e+16	1.327371e+06
4.304540e+16	1.332871e+06
4.336381e+16	1.338395e+06
4.368457e+16	1.343943e+06
4.400770e+16	1.349514e+06
4.433323e+16	1.355108e+06
4.466116e+16	1.360727e+06
4.499152e+16	1.366369e+06
4.532432e+16	1.372035e+06
4.565958e+16	1.377725e+06
4.599732e+16	1.383440e+06
4.633756e+16	1.389178e+06
4.668032e+16	1.394941e+06
4.702561e+16	1.400729e+06
4.737346e+16	1.406541e+06
4.772388e+16	1.412378e+06
4.807689e+16	1.418239e+06
4.843252e+16	1.424125e+06
4.879077e+16	1.430037e+06
4.915167e+16	1.435973e+06
4.951525e+16	1.441935e+06
4.988151e+16	1.447922e+06
5.025048e+16	1.453935e+06
5.062218e+16	1.459973e+06
5.099663e+16	1.466036e+06
5.137385e+16	1.472126e+06
5.175386e+16	1.478241e+06
5.213669e+16	1.484382e+06
5.252234e+16	1.490550e+06
5.291085e+16	1.496743e+06
5.330223e+16	1.502963e+06
5.369650e+16	1.509210e+06
5.409369e+16	1.515483e+06
5.449382e+16	1.521782e+06
5.489691e+16	1.528108e+06
5.530298e+16	1.534462e+06
5.571206e+16	1.540842e+06
5.612416e+16	1.547249e+06
5.653931e+16	1.553684e+06
5.695753e+16	1.560146e+06
5.737884e+16	1.566635e+06
5.780327e+16	1.573152e+06
5.823084e+16	1.579697e+06
5.866157e+16	1.586270e+06
5.909549e+16	1.592870e+06
5.953261e+16	1.599499e+06
5.997297e+16	1.606155e+06
6.041659e+16	1.612841e+06
6.086349e+16	1.619554e+06
6.131370e+16	1.626296e+06
6.176723e+16	1.633067e+06
6.222412e+16	1.639867e+06
6.268439e+16	1.646695e+06
6.314807e+16	1.653553e+06
6.361517e+16	1.660439e+06
6.408573e+16	1.667355e+06
6.455977e+16	1.674301e+06
6.503732e+16	1.681276e+06
6.551840e+16	1.688281e+06
6.600304e+16	1.695315e+06
6.649126e+16	1.702380e+06
6.698309e+16	1.709474e+06
6.747856e+16	1.716599e+06
6.797770e+16	1.723754e+06
6.848053e+16	1.730939e+06
6.898708e+16	1.738156e+06
6.949737e+16	1.745402e+06
7.001144e+16	1.752680e+06
7.052932e+16	1.759989e+06
7.105102e+16	1.767329e+06
7.157658e+16	1.774700e+06
7.210603e+16	1.782102e+06
7.263940e+16	1.789536e+06
7.317671e+16	1.797002e+06
7.371800e+16	1.804499e+06
7.426328e+16	1.812029e+06
7.481261e+16	1.819590e+06
7.536599e+16	1.827184e+06
7.592347e+16	1.834810e+06
7.648508e+16	1.842468e+06
7.705084e+16	1.850159e+06
7.762078e+16	1.857883e+06
7.819494e+16	1.865640e+06
7.877334e+16	1.873430e+06
7.935603e+16	1.881253e+06
7.994302e+16	1.889109e+06
8.053436e+16	1.896999e+06
8.113007e+16	1.904923e+06
8.173018e+16	1.912880e+06
8.233474e+16	1.920871e+06
8.294377e+16	1.928897e+06
8.355730e+16	1.936956e+06
8.417537e+16	1.945050e+06
8.479801e+16	1.953179e+06
8.542526e+16	1.961342e+06
8.605715e+16	1.969539e+06
8.669371e+16	1.977772e+06
8.733498e+16	1.986040e+06
8.798100e+16	1.994343e+06
8.863179e+16	2.002682e+06
8.928740e+16	2.011056e+06
8.994785e+16	2.019466e+06
9.061319e+16	2.027912e+06
9.128346e+16	2.036393e+06
9.195868e+16	2.044911e+06
9.263889e+16	2.053466e+06
9.332414e+16	2.062056e+06
9.401446e+16	2.070684e+06
9.470988e+16	2.079348e+06
9.541044e+16	2.088049e+06
9.611619e+16	2.096788e+06
9.682716e+16	2.105563e+06
9.754339e+16	2.114377e+06
9.826491e+16	2.123227e+06
9.899178e+16	2.132116e+06
9.972402e+16	2.141042e+06
1.004617e+17	2.150007e+06
1.012048e+17	2.159010e+06
1.019534e+17	2.168051e+06
1.027075e+17	2.177131e+06
1.034673e+17	2.186249e+06
1.042326e+17	2.195407e+06
1.050036e+17	2.204604e+06
1.057803e+17	2.213839e+06
1.065628e+17	2.223115e+06
1.073510e+17	2.232430e+06
1.081451e+17	2.241785e+06
1.089450e+17	2.251179e+06
1.097509e+17	2.260614e+06
1.105627e+17	2.270089e+06
1.113806e+17	2.279605e+06
1.122044e+17	2.289161e+06
1.130344e+17	2.298758e+06
1.138705e+17	2.308397e+06
1.147128e+17	2.318076e+06
1.155613e+17	2.327796e+06
1.164161e+17	2.337559e+06
1.172773e+17	2.347363e+06
1.181448e+17	2.357208e+06
1.190187e+17	2.367096e+06
1.198991e+17	2.377026e+06
1.207859e+17	2.386999e+06
1.216794e+17	2.397014e+06
1.225795e+17	2.407072e+06
1.234862e+17	2.417173e+06
1.243996e+17	2.427317e+06
1.253198e+17	2.437505e+06
1.262468e+17	2.447736e+06
1.271806e+17	2.458011e+06
1.281214e+17	2.468330e+06
1.290691e+17	2.478693e+06
1.300238e+17	2.489100e+06
1.309856e+17	2.499552e+06
1.319545e+17	2.510048e+06
1.329305e+17	2.520590e+06
1.339138e+17	2.531176e+06
1.349044e+17	2.541808e+06
1.359022e+17	2.552485e+06
1.369075e+17	2.563208e+06
1.379202e+17	2.573977e+06
1.389404e+17	2.584792e+06
1.399681e+17	2.595653e+06
1.410035e+17	2.606560e+06
1.420465e+17	2.617514e+06
1.430972e+17	2.628516e+06
1.441557e+17	2.639564e+06
1.452220e+17	2.650659e+06
1.462962e+17	2.661802e+06
1.473783e+17	2.672993e+06
1.484685e+17	2.684231e+06
1.495667e+17	2.695518e+06
1.506731e+17	2.706853e+06
1.517876e+17	2.718236e+06
1.529104e+17	2.729669e+06
1.540414e+17	2.741150e+06
1.551809e+17	2.752680e+06
1.563287e+17	2.764260e+06
1.574851e+17	2.775889e+06
1.586500e+17	2.787568e+06
1.598235e+17	2.799297e+06
1.610057e+17	2.811077e+06
1.621967e+17	2.822906e+06
1.633965e+17	2.834787e+06
1.646051e+17	2.846718e+06
1.658227e+17	2.858701e+06
1.670493e+17	2.870734e+06
1.682849e+17	2.882820e+06
1.695297e+17	2.894957e+06
1.707837e+17	2.907146e+06
1.720470e+17	2.919387e+06
1.733196e+17	2.931681e+06
1.746017e+17	2.944027e+06
1.758932e+17	2.956426e+06
1.771943e+17	2.968879e+06
1.785050e+17	2.981385e+06
1.798254e+17	2.993944e+06
1.811555e+17	3.006557e+06
1.824955e+17	3.019225e+06
1.838455e+17	3.031946e+06
1.852054e+17	3.044722e+06
1.865753e+17	3.057553e+06
1.879554e+17	3.070439e+06
1.893457e+17	3.083380e+06
1.907463e+17	3.096377e+06
1.921572e+17	3.109429e+06
1.935786e+17	3.122537e+06
1.950105e+17	3.135702e+06
1.964530e+17	3.148923e+06
1.979062e+17	3.162200e+06
1.993701e+17	3.175535e+06
2.008448e+17	3.188927e+06
2.023304e+17	3.202376e+06
2.038271e+17	3.215883e+06
2.053348e+17	3.229448e+06
2.068536e+17	3.243071e+06
2.083837e+17	3.256752e+06
2.099251e+17	3.270492e+06
2.114779e+17	3.284291e+06
2.130422e+17	3.298149e+06
2.146181e+17	3.312067e+06
2.162056e+17	3.326045e+06
2.178049e+17	3.340082e+06
2.194160e+17	3.354180e+06
2.210390e+17	3.368338e+06
2.226740e+17	3.382557e+06
2.243211e+17	3.396837e+06
2.259804e+17	3.411178e+06
2.276520e+17	3.425581e+06
2.293359e+17	3.440045e+06
2.310323e+17	3.454572e+06
2.327413e+17	3.469161e+06
2.344628e+17	3.483812e+06
2.361972e+17	3.498527e+06
2.379443e+17	3.513305e+06
2.397044e+17	3.528146e+06
2.414774e+17	3.543051e+06
2.432636e+17	3.558020e+06
2.450631e+17	3.573053e+06
2.468758e+17	3.588150e+06
2.487019e+17	3.603313e+06
2.505416e+17	3.618541e+06
2.523948e+17	3.633834e+06
2.542618e+17	3.649192e+06
2.561425e+17	3.664617e+06
2.580372e+17	3.680108e+06
2.599459e+17	3.695666e+06
2.618687e+17	3.711290e+06
2.638057e+17	3.726981e+06
2.657571e+17	3.742740e+06
2.677229e+17	3.758567e+06
2.697032e+17	3.774461e+06
2.716982e+17	3.790424e+06
2.737080e+17	3.806456e+06
2.757326e+17	3.822556e+06
2.777722e+17	3.838725e+06
2.798268e+17	3.854964e+06
2.818967e+17	3.871273e+06
2.839819e+17	3.887652e+06
2.860825e+17	3.904101e+06
2.881986e+17	3.920621e+06
2.903304e+17	3.937212e+06
2.924780e+17	3.953874e+06
2.946415e+17	3.970608e+06
2.968209e+17	3.987414e+06
2.990165e+17	4.004292e+06
3.012283e+17	4.021243e+06
3.034565e+17	4.038266e+06
3.057011e+17	4.055363e+06
3.079624e+17	4.072533e+06
3.102404e+17	4.089777e+06
3.125352e+17	4.107096e+06
3.148470e+17	4.124488e+06
3.171760e+17	4.141956e+06
3.195221e+17	4.159498e+06
3.218856e+17	4.177117e+06
3.242666e+17	4.194810e+06
3.266652e+17	4.212580e+06
3.290815e+17	4.230427e+06
3.315157e+17	4.248350e+06
3.339679e+17	4.266350e+06
3.364383e+17	4.284428e+06
3.389269e+17	4.302583e+06
3.414339e+17	4.320817e+06
3.439595e+17	4.339129e+06
3.465038e+17	4.357520e+06
3.490668e+17	4.375990e+06
3.516489e+17	4.394539e+06
3.542500e+17	4.413168e+06
3.568704e+17	4.431878e+06
3.595101e+17	4.450668e+06
3.621694e+17	4.469538e+06
3.648484e+17	4.488490e+06
3.675472e+17	4.507524e+06
3.702659e+17	4.526639e+06
3.730047e+17	4.545837e+06
3.757638e+17	4.565118e+06
3.785434e+17	4.584481e+06
3.813434e+17	4.603928e+06
3.841642e+17	4.623458e+06
3.870059e+17	4.643073e+06
3.898685e+17	4.662772e+06
3.927524e+17	4.682556e+06
3.956576e+17	4.702425e+06
3.985842e+17	4.722380e+06
4.015325e+17	4.742420e+06
4.045027e+17	4.762547e+06
4.074948e+17	4.782761e+06
4.105090e+17	4.803061e+06
4.135455e+17	4.823449e+06
4.166045e+17	4.843925e+06
4.196861e+17	4.864489e+06
4.227905e+17	4.885142e+06
4.259179e+17	4.905883e+06
4.290684e+17	4.926714e+06
4.322422e+17	4.947635e+06
4.354395e+17	4.968646e+06
4.386604e+17	4.989747e+06
4.419052e+17	5.010939e+06
4.451739e+17	5.032223e+06
4.484668e+17	5.053598e+06
4.517841e+17	5.075065e+06
4.551260e+17	5.096625e+06
4.584925e+17	5.118278e+06
4.618840e+17	5.140024e+06
4.653005e+17	5.161864e+06
4.687423e+17	5.183798e+06
4.722096e+17	5.205827e+06
4.757025e+17	5.227950e+06
4.792213e+17	5.250169e+06
4.827661e+17	5.272483e+06
4.863371e+17	5.294894e+06
4.899345e+17	5.317402e+06
4.935585e+17	5.340006e+06
4.972094e+17	5.362708e+06
5.008872e+17	5.385508e+06
5.045923e+17	5.408406e+06
5.083247e+17	5.431402e+06
5.120848e+17	5.454498e+06
5.158727e+17	5.477694e+06
5.196886e+17	5.500990e+06
5.235327e+17	5.524386e+06
5.274052e+17	5.547882e+06
5.313064e+17	5.571481e+06
5.352365e+17	5.595181e+06
5.391956e+17	5.618983e+06
5.431840e+17	5.642888e+06
5.472019e+17	5.666896e+06
5.512496e+17	5.691008e+06
5.553272e+17	5.715223e+06
5.594349e+17	5.739543e+06
5.635730e+17	5.763968e+06
5.677417e+17	5.788499e+06
5.719413e+17	5.813135e+06
5.761719e+17	5.837878e+06
5.804339e+17	5.862727e+06
5.847273e+17	5.887683e+06
5.890525e+17	5.912748e+06
5.934097e+17	5.937920e+06
5.977992e+17	5.963201e+06
6.022211e+17	5.988591e+06
6.066757e+17	6.014091e+06
6.111632e+17	6.039701e+06
6.156840e+17	6.065421e+06
6.202382e+17	6.091252e+06
6.248261e+17	6.117195e+06
6.294479e+17	6.143250e+06
6.341039e+17	6.169417e+06
6.387944e+17	6.195697e+06
6.435195e+17	6.222091e+06
6.482796e+17	6.248598e+06
6.530749e+17	6.275221e+06
6.579057e+17	6.301958e+06
6.627722e+17	6.328810e+06
6.676747e+17	6.355778e+06
6.726135e+17	6.382863e+06
6.775888e+17	6.410065e+06
6.826009e+17	6.437384e+06
6.876500e+17	6.464822e+06
6.927366e+17	6.492377e+06
6.978607e+17	6.520052e+06
7.030228e+17	6.547846e+06
7.082230e+17	6.575761e+06
7.134617e+17	6.603796e+06
7.187392e+17	6.631952e+06
7.240557e+17	6.660229e+06
7.294115e+17	6.688629e+06
7.348069e+17	6.717152e+06
7.402423e+17	6.745797e+06
7.457178e+17	6.774567e+06
7.512339e+17	6.803461e+06
7.567907e+17	6.832479e+06
7.623887e+17	6.861623e+06
7.680280e+17	6.890893e+06
7.737091e+17	6.920289e+06
7.794322e+17	6.949813e+06
7.851977e+17	6.979464e+06
7.910057e+17	7.009243e+06
7.968568e+17	7.039151e+06
8.027511e+17	7.069188e+06
8.086890e+17	7.099355e+06
8.146709e+17	7.129652e+06
8.206970e+17	7.160080e+06
8.267677e+17	7.190640e+06
8.328832e+17	7.221332e+06
8.390440e+17	7.252157e+06
8.452504e+17	7.283115e+06
8.515027e+17	7.314206e+06
8.578013e+17	7.345432e+06
8.641464e+17	7.376793e+06
8.705384e+17	7.408290e+06
8.769778e+17	7.439923e+06
8.834648e+17	7.471693e+06
8.899997e+17	7.503600e+06
8.965830e+17	7.535645e+06
9.032150e+17	7.567828e+06
9.098961e+17	7.600151e+06
9.166266e+17	7.632613e+06
9.234068e+17	7.665216e+06
9.302372e+17	7.697960e+06
9.371182e+17	7.730846e+06
9.440500e+17	7.763874e+06
9.510331e+17	7.797044e+06
9.580679e+17	7.830358e+06
9.651547e+17	7.863817e+06
9.722939e+17	7.897420e+06
9.794859e+17	7.931168e+06
9.867312e+17	7.965062e+06
9.940300e+17	7.999103e+06
1.001383e+18	8.033291e+06
1.008790e+18	8.067628e+06
1.016252e+18	8.102112e+06
1.023769e+18	8.136746e+06
1.031342e+18	8.171530e+06
1.038971e+18	8.206464e+06
1.046656e+18	8.241550e+06
1.054398e+18	8.276787e+06
1.062197e+18	8.312177e+06
1.070054e+18	8.347720e+06
1.077970e+18	8.383417e+06
1.085943e+18	8.419268e+06
1.093976e+18	8.455275e+06
1.102068e+18	8.491437e+06
1.110220e+18	8.527756e+06
1.118432e+18	8.564232e+06
1.126705e+18	8.600866e+06
1.135040e+18	8.637659e+06
1.143435e+18	8.674610e+06
1.151893e+18	8.711722e+06
1.160414e+18	8.748995e+06
1.168997e+18	8.786429e+06
1.177644e+18	8.824025e+06
1.186355e+18	8.861783e+06
1.195131e+18	8.899706e+06
1.203971e+18	8.937792e+06
1.212877e+18	8.976043e+06
1.221849e+18	9.014460e+06
1.230887e+18	9.053044e+06
1.239991e+18	9.091794e+06
1.249164e+18	9.130713e+06
1.258404e+18	9.169800e+06
1.267712e+18	9.209056e+06
1.277089e+18	9.248482e+06
1.286536e+18	9.288079e+06
1.296052e+18	9.327847e+06
1.305639e+18	9.367788e+06
1.315297e+18	9.407902e+06
1.325026e+18	9.448189e+06
1.334827e+18	9.488651e+06
1.344701e+18	9.529289e+06
1.354648e+18	9.570102e+06
1.364668e+18	9.611092e+06
1.374762e+18	9.652260e+06
1.384931e+18	9.693606e+06
1.395176e+18	9.735132e+06
1.405496e+18	9.776837e+06
1.415892e+18	9.818723e+06
1.426366e+18	9.860791e+06
1.436916e+18	9.903040e+06
1.447545e+18	9.945473e+06
1.458253e+18	9.988090e+06
1.469039e+18	1.003089e+07
1.479906e+18	1.007388e+07
1.490853e+18	1.011705e+07
1.501880e+18	1.016041e+07
1.512990e+18	1.020396e+07
1.524181e+18	1.024770e+07
1.535456e+18	1.029163e+07
1.546813e+18	1.033574e+07
1.558255e+18	1.038005e+07
1.569781e+18	1.042455e+07
1.581393e+18	1.046924e+07
1.593091e+18	1.051413e+07
1.604875e+18	1.055921e+07
1.616746e+18	1.060449e+07
1.628705e+18	1.064996e+07
1.640752e+18	1.069564e+07
1.652889e+18	1.074150e+07
1.665115e+18	1.078757e+07
1.677432e+18	1.083384e+07
1.689840e+18	1.088031e+07
1.702340e+18	1.092698e+07
1.714932e+18	1.097385e+07
1.727617e+18	1.102093e+07
1.740396e+18	1.106820e+07
1.753270e+18	1.111569e+07
1.766239e+18	1.116338e+07
1.779304e+18	1.121128e+07
1.792465e+18	1.125938e+07
1.805724e+18	1.130770e+07
1.819081e+18	1.135622e+07
1.832536e+18	1.140495e+07
1.846092e+18	1.145390e+07
1.859747e+18	1.150306e+07
1.873504e+18	1.155243e+07
1.887362e+18	1.160201e+07
1.901323e+18	1.165181e+07
1.915387e+18	1.170183e+07
1.929555e+18	1.175206e+07
1.943828e+18	1.180251e+07
1.958206e+18	1.185318e+07
1.972691e+18	1.190407e+07
1.987283e+18	1.195519e+07
2.001983e+18	1.200652e+07
2.016791e+18	1.205807e+07
2.031709e+18	1.210985e+07
2.046738e+18	1.216186e+07
2.061877e+18	1.221409e+07
2.077129e+18	1.226654e+07
2.092494e+18	1.231923e+07
2.107972e+18	1.237214e+07
2.123564e+18	1.242528e+07
2.139272e+18	1.247866e+07
2.155096e+18	1.253226e+07
2.171038e+18	1.258610e+07
2.187097e+18	1.264017e+07
2.203275e+18	1.269448e+07
2.219572e+18	1.274902e+07
2.235990e+18	1.280380e+07
2.252530e+18	1.285881e+07
2.269192e+18	1.291407e+07
2.285977e+18	1.296956e+07
2.302886e+18	1.302530e+07
2.319920e+18	1.308128e+07
2.337081e+18	1.313750e+07
2.354368e+18	1.319397e+07
2.371783e+18	1.325068e+07
2.389327e+18	1.330763e+07
2.407001e+18	1.336484e+07
2.424806e+18	1.342229e+07
2.442742e+18	1.347999e+07
2.460811e+18	1.353795e+07
2.479013e+18	1.359615e+07
2.497350e+18	1.365461e+07
2.515823e+18	1.371332e+07
2.534433e+18	1.377228e+07
2.553180e+18	1.383151e+07
2.572066e+18	1.389099e+07
2.591091e+18	1.395073e+07
2.610257e+18	1.401072e+07
2.629565e+18	1.407098e+07
2.649016e+18	1.413150e+07
2.668611e+18	1.419228e+07
2.688351e+18	1.425333e+07
2.708236e+18	1.431464e+07
2.728269e+18	1.437622e+07
2.748450e+18	1.443807e+07
2.768780e+18	1.450018e+07
2.789261e+18	1.456257e+07
2.809893e+18	1.462523e+07
2.830677e+18	1.468815e+07
2.851616e+18	1.475136e+07
2.872709e+18	1.481483e+07
2.893958e+18	1.487858e+07
2.915365e+18	1.494261e+07
2.936930e+18	1.500692e+07
2.958654e+18	1.507151e+07
2.980539e+18	1.513638e+07
3.002586e+18	1.520153e+07
3.024796e+18	1.526696e+07
3.047171e+18	1.533268e+07
3.069710e+18	1.539868e+07
3.092417e+18	1.546497e+07
3.115292e+18	1.553155e+07
3.138335e+18	1.559842e+07
3.161549e+18	1.566558e+07
3.184935e+18	1.573303e+07
3.208494e+18	1.580077e+07
3.232227e+18	1.586881e+07
3.256136e+18	1.593714e+07
3.280222e+18	1.600577e+07
3.304485e+18	1.607470e+07
3.328928e+18	1.614393e+07
3.353552e+18	1.621346e+07
3.378359e+18	1.628330e+07
3.403348e+18	1.635343e+07
3.428523e+18	1.642387e+07
3.453883e+18	1.649462e+07
3.479432e+18	1.656568e+07
3.505169e+18	1.663704e+07
3.531096e+18	1.670872e+07
3.557216e+18	1.678070e+07
3.583528e+18	1.685300e+07
3.610036e+18	1.692562e+07
3.636739e+18	1.699855e+07
3.663640e+18	1.707179e+07
3.690740e+18	1.714536e+07
3.718040e+18	1.721925e+07
3.745542e+18	1.729345e+07
3.773248e+18	1.736798e+07
3.801159e+18	1.744284e+07
3.829276e+18	1.751802e+07
3.857601e+18	1.759352e+07
3.886135e+18	1.766936e+07
3.914881e+18	1.774553e+07
3.943839e+18	1.782202e+07
3.973012e+18	1.789885e+07
4.002400e+18	1.797602e+07
4.032005e+18	1.805352e+07
4.061830e+18	1.813135e+07
4.091875e+18	1.820953e+07
4.122143e+18	1.828805e+07
4.152634e+18	1.836690e+07
4.183351e+18	1.844610e+07
4.214295e+18	1.852565e+07
4.245468e+18	1.860554e+07
4.276872e+18	1.868578e+07
4.308508e+18	1.876637e+07
4.340378e+18	1.884731e+07
4.372483e+18	1.892860e+07
4.404826e+18	1.901025e+07
4.437409e+18	1.909225e+07
4.470232e+18	1.917461e+07
4.503298e+18	1.925732e+07
4.536609e+18	1.934040e+07
4.570166e+18	1.942384e+07
4.603971e+18	1.950764e+07
4.638027e+18	1.959181e+07
4.672334e+18	1.967634e+07
4.706895e+18	1.976124e+07
4.741712e+18	1.984651e+07
4.776786e+18	1.993215e+07
4.812120e+18	2.001817e+07
4.847715e+18	2.010455e+07
4.883574e+18	2.019132e+07
4.919697e+18	2.027846e+07
4.956088e+18	2.036599e+07
4.992748e+18	2.045389e+07
5.029679e+18	2.054218e+07
5.066884e+18	2.063085e+07
5.104363e+18	2.071990e+07
5.142120e+18	2.080935e+07
5.180156e+18	2.089918e+07
5.218474e+18	2.098941e+07
5.257075e+18	2.108003e+07
5.295961e+18	2.117104e+07
5.335135e+18	2.126245e+07
5.374599e+18	2.135426e+07
5.414355e+18	2.144647e+07
5.454405e+18	2.153908e+07
5.494751e+18	2.163209e+07
5.535395e+18	2.172551e+07
5.576340e+18	2.181933e+07
5.617588e+18	2.191357e+07
5.659141e+18	2.200821e+07
5.701002e+18	2.210327e+07
5.743172e+18	2.219874e+07
5.785654e+18	2.229463e+07
5.828450e+18	2.239093e+07
5.871563e+18	2.248765e+07
5.914995e+18	2.258480e+07
5.958748e+18	2.268237e+07
6.002825e+18	2.278036e+07
6.047228e+18	2.287878e+07
6.091959e+18	2.297763e+07
6.137021e+18	2.307691e+07
6.182416e+18	2.317663e+07
6.228147e+18	2.327677e+07
6.274217e+18	2.337736e+07
6.320627e+18	2.347838e+07
6.367380e+18	2.357984e+07
6.414480e+18	2.368175e+07
6.461927e+18	2.378410e+07
6.509726e+18	2.388689e+07
6.557878e+18	2.399014e+07
6.606387e+18	2.409383e+07
6.655254e+18	2.419798e+07
6.704483e+18	2.430258e+07
6.754076e+18	2.440763e+07
6.804035e+18	2.451314e+07
6.854364e+18	2.461912e+07
6.905066e+18	2.472555e+07
6.956143e+18	2.483245e+07
7.007597e+18	2.493982e+07
7.059432e+18	2.504765e+07
7.111650e+18	2.515595e+07
7.164255e+18	2.526473e+07
7.217249e+18	2.537398e+07
7.270635e+18	2.548370e+07
7.324415e+18	2.559391e+07
7.378594e+18	2.570459e+07
7.433173e+18	2.581576e+07
7.488156e+18	2.592741e+07
7.543546e+18	2.603955e+07
7.599345e+18	2.615218e+07
7.655557e+18	2.626530e+07
7.712185e+18	2.637891e+07
7.769232e+18	2.649302e+07
7.826701e+18	2.660763e+07
7.884594e+18	2.672273e+07
7.942916e+18	2.683834e+07
8.001670e+18	2.695445e+07
8.060858e+18	2.707107e+07
8.120484e+18	2.718820e+07
8.180551e+18	2.730584e+07
8.241062e+18	2.742399e+07
8.302021e+18	2.754265e+07
8.363431e+18	2.766184e+07
8.425295e+18	2.778154e+07
8.487617e+18	2.790177e+07
8.550399e+18	2.802252e+07
8.613646e+18	2.814380e+07
8.677361e+18	2.826560e+07
8.741547e+18	2.838794e+07
8.806208e+18	2.851081e+07
8.871348e+18	2.863422e+07
8.936969e+18	2.875816e+07
9.003075e+18	2.888265e+07
9.069671e+18	2.900768e+07
9.136759e+18	2.913326e+07
9.204343e+18	2.925938e+07
9.272427e+18	2.938605e+07
9.341015e+18	2.951328e+07
9.410110e+18	2.964106e+07
9.479717e+18	2.976940e+07
9.549838e+18	2.989830e+07
9.620478e+18	3.002776e+07
9.691640e+18	3.015779e+07
9.763329e+18	3.028838e+07
9.835548e+18	3.041955e+07
9.908301e+18	3.055128e+07
9.981593e+18	3.068359e+07
1.005543e+19	3.081648e+07
1.012981e+19	3.094995e+07
1.020474e+19	3.108400e+07
1.028022e+19	3.121864e+07
1.035626e+19	3.135386e+07
1.043287e+19	3.148968e+07
1.051004e+19	3.162608e+07
1.058778e+19	3.176309e+07
1.066610e+19	3.190069e+07
1.074500e+19	3.203889e+07
1.082448e+19	3.217769e+07
1.090454e+19	3.231710e+07
1.098520e+19	3.245712e+07
1.106646e+19	3.259775e+07
1.114832e+19	3.273900e+07
1.123078e+19	3.288086e+07
1.131386e+19	3.302334e+07
1.139755e+19	3.316644e+07
1.148185e+19	3.331017e+07
1.156678e+19	3.345453e+07
1.165234e+19	3.359951e+07
1.173854e+19	3.374513e+07
1.182537e+19	3.389138e+07
1.191284e+19	3.403828e+07
1.200096e+19	3.418581e+07
1.208973e+19	3.433399e+07
1.217915e+19	3.448281e+07
1.226924e+19	3.463229e+07
1.236000e+19	3.478242e+07
1.245142e+19	3.493320e+07
1.254353e+19	3.508464e+07
1.263631e+19	3.523675e+07
1.272978e+19	3.538952e+07
1.282394e+19	3.554295e+07
1.291880e+19	3.569706e+07
1.301436e+19	3.585184e+07
1.311063e+19	3.600729e+07
1.320761e+19	3.616343e+07
1.330530e+19	3.632024e+07
1.340372e+19	3.647774e+07
1.350287e+19	3.663593e+07
1.360275e+19	3.679481e+07
1.370337e+19	3.695438e+07
1.380473e+19	3.711465e+07
1.390685e+19	3.727563e+07
1.400971e+19	3.743730e+07
1.411334e+19	3.759968e+07
1.421774e+19	3.776277e+07
1.432291e+19	3.792657e+07
1.442885e+19	3.809109e+07
1.453558e+19	3.825633e+07
1.464310e+19	3.842229e+07
1.475142e+19	3.858897e+07
1.486053e+19	3.875638e+07
1.497046e+19	3.892453e+07
1.508119e+19	3.909341e+07
1.519275e+19	3.926302e+07
1.530513e+19	3.943338e+07
1.541834e+19	3.960448e+07
1.553239e+19	3.977633e+07
1.564728e+19	3.994893e+07
1.576302e+19	4.012229e+07
1.587962e+19	4.029640e+07
1.599708e+19	4.047128e+07
1.611541e+19	4.064691e+07
1.623462e+19	4.082332e+07
1.635471e+19	4.100050e+07
1.647568e+19	4.117845e+07
1.659755e+19	4.135718e+07
1.672032e+19	4.153669e+07
1.684400e+19	4.171698e+07
1.696860e+19	4.189806e+07
1.709411e+19	4.207994e+07
1.722056e+19	4.226261e+07
1.734794e+19	4.244607e+07
1.747626e+19	4.263034e+07
1.760553e+19	4.281542e+07
1.773576e+19	4.300130e+07
1.786695e+19	4.318800e+07
1.799911e+19	4.337551e+07
1.813225e+19	4.356385e+07
1.826637e+19	4.375300e+07
1.840149e+19	4.394298e+07
1.853760e+19	4.413380e+07
1.867473e+19	4.432545e+07
1.881286e+19	4.451793e+07
1.895202e+19	4.471126e+07
1.909221e+19	4.490543e+07
1.923343e+19	4.510045e+07
1.937570e+19	4.529633e+07
1.951902e+19	4.549306e+07
1.966341e+19	4.569065e+07
1.980885e+19	4.588911e+07
1.995538e+19	4.608843e+07
2.010299e+19	4.628862e+07
2.025169e+19	4.648969e+07
2.040149e+19	4.669164e+07
2.055240e+19	4.689448e+07
2.070443e+19	4.709820e+07
2.085758e+19	4.730281e+07
2.101186e+19	4.750831e+07
2.116728e+19	4.771472e+07
2.132386e+19	4.792202e+07
2.148159e+19	4.813024e+07
2.164049e+19	4.833936e+07
2.180056e+19	4.854940e+07
2.196182e+19	4.876036e+07
2.212427e+19	4.897224e+07
2.228792e+19	4.918505e+07
2.245279e+19	4.939879e+07
2.261887e+19	4.961346e+07
2.278618e+19	4.982907e+07
2.295473e+19	5.004563e+07
2.312452e+19	5.026313e+07
2.329558e+19	5.048159e+07
2.346789e+19	5.070100e+07
2.364148e+19	5.092137e+07
2.381636e+19	5.114270e+07
2.399253e+19	5.136500e+07
2.417000e+19	5.158828e+07
2.434879e+19	5.181253e+07
2.452889e+19	5.203776e+07
2.471033e+19	5.226398e+07
2.489311e+19	5.249119e+07
2.507725e+19	5.271939e+07
2.526274e+19	5.294859e+07
2.544961e+19	5.317880e+07
2.563786e+19	5.341001e+07
2.582750e+19	5.364223e+07
2.601855e+19	5.387547e+07
2.621101e+19	5.410973e+07
2.640489e+19	5.434501e+07
2.660020e+19	5.458133e+07
2.679697e+19	5.481868e+07
2.699518e+19	5.505706e+07
2.719486e+19	5.529649e+07
2.739602e+19	5.553697e+07
2.759867e+19	5.577850e+07
2.780282e+19	5.602109e+07
2.800847e+19	5.626474e+07
2.821565e+19	5.650946e+07
2.842436e+19	5.675524e+07
2.863462e+19	5.700211e+07
2.884643e+19	5.725005e+07
2.905980e+19	5.749908e+07
2.927476e+19	5.774920e+07
2.949130e+19	5.800041e+07
2.970945e+19	5.825272e+07
2.992921e+19	5.850614e+07
3.015059e+19	5.876067e+07
3.037362e+19	5.901631e+07
3.059829e+19	5.927307e+07
3.082462e+19	5.953095e+07
3.105263e+19	5.978997e+07
3.128233e+19	6.005012e+07
3.151372e+19	6.031140e+07
3.174683e+19	6.057383e+07
3.198166e+19	6.083741e+07
3.221823e+19	6.110214e+07
3.245654e+19	6.136804e+07
3.269662e+19	6.163509e+07
3.293848e+19	6.190332e+07
3.318212e+19	6.217272e+07
3.342757e+19	6.244330e+07
3.367483e+19	6.271506e+07
3.392393e+19	6.298801e+07
3.417486e+19	6.326216e+07
3.442765e+19	6.353751e+07
3.468231e+19	6.381407e+07
3.493885e+19	6.409184e+07
3.519730e+19	6.437082e+07
3.545765e+19	6.465102e+07
3.571993e+19	6.493246e+07
3.598415e+19	6.521512e+07
3.625032e+19	6.549902e+07
3.651846e+19	6.578417e+07
3.678859e+19	6.607056e+07
3.706071e+19	6.635821e+07
3.733485e+19	6.664712e+07
3.761102e+19	6.693729e+07
3.788922e+19	6.722874e+07
3.816949e+19	6.752146e+07
3.845183e+19	6.781546e+07
3.873625e+19	6.811075e+07
3.902279e+19	6.840734e+07
3.931144e+19	6.870522e+07
3.960222e+19	6.900441e+07
3.989516e+19	6.930491e+07
4.019026e+19	6.960672e+07
4.048755e+19	6.990986e+07
4.078703e+19	7.021433e+07
4.108873e+19	7.052013e+07
4.139266e+19	7.082726e+07
4.169884e+19	7.113575e+07
4.200729e+19	7.144558e+07
4.231802e+19	7.175678e+07
4.263104e+19	7.206933e+07
4.294638e+19	7.238326e+07
4.326406e+19	7.269856e+07
4.358408e+19	7.301524e+07
4.390647e+19	7.333331e+07
4.423124e+19	7.365278e+07
4.455842e+19	7.397364e+07
4.488802e+19	7.429591e+07
4.522005e+19	7.461959e+07
4.555454e+19	7.494469e+07
4.589151e+19	7.527121e+07
4.623097e+19	7.559917e+07
4.657294e+19	7.592856e+07
4.691744e+19	7.625939e+07
4.726448e+19	7.659168e+07
4.761410e+19	7.692542e+07
4.796630e+19	7.726062e+07
4.832110e+19	7.759730e+07
4.867853e+19	7.793544e+07
4.903861e+19	7.827507e+07
4.940134e+19	7.861619e+07
4.976676e+19	7.895880e+07
5.013489e+19	7.930292e+07
5.050573e+19	7.964854e+07
5.087932e+19	7.999568e+07
5.125567e+19	8.034434e+07
5.163481e+19	8.069453e+07
5.201675e+19	8.104625e+07
5.240152e+19	8.139951e+07
5.278913e+19	8.175432e+07
5.317961e+19	8.211069e+07
5.357298e+19	8.246862e+07
5.396926e+19	8.282812e+07
5.436846e+19	8.318919e+07
5.477063e+19	8.355185e+07
5.517576e+19	8.391610e+07
5.558390e+19	8.428194e+07
5.599505e+19	8.464939e+07
5.640924e+19	8.501844e+07
5.682650e+19	8.538912e+07
5.724684e+19	8.576142e+07
5.767030e+19	8.613535e+07
5.809688e+19	8.651092e+07
5.852662e+19	8.688814e+07
5.895954e+19	8.726702e+07
5.939567e+19	8.764755e+07
5.983501e+19	8.802975e+07
6.027761e+19	8.841363e+07
6.072348e+19	8.879919e+07
6.117265e+19	8.918644e+07
6.162514e+19	8.957539e+07
6.208098e+19	8.996604e+07
6.254020e+19	9.035841e+07
6.300280e+19	9.075250e+07
6.346883e+19	9.114832e+07
6.393831e+19	9.154587e+07
6.441126e+19	9.194516e+07
6.488771e+19	9.234621e+07
6.536768e+19	9.274901e+07
6.585120e+19	9.315358e+07
6.633830e+19	9.355993e+07
6.682900e+19	9.396805e+07
6.732334e+19	9.437797e+07
6.782133e+19	9.478968e+07
6.832300e+19	9.520320e+07
6.882838e+19	9.561854e+07
6.933750e+19	9.603569e+07
6.985039e+19	9.645468e+07
7.036707e+19	9.687550e+07
7.088757e+19	9.729816e+07
7.141193e+19	9.772269e+07
7.194016e+19	9.814907e+07
7.247230e+19	9.857732e+07
7.300837e+19	9.900745e+07
7.354841e+19	9.943947e+07
7.409245e+19	9.987339e+07
7.464051e+19	1.003092e+08
7.519262e+19	1.007469e+08
7.574882e+19	1.011866e+08
7.630913e+19	1.016282e+08
7.687359e+19	1.020717e+08
7.744222e+19	1.025171e+08
7.801506e+19	1.029645e+08
7.859213e+19	1.034139e+08
7.917348e+19	1.038653e+08
7.975912e+19	1.043186e+08
8.034910e+19	1.047739e+08
8.094344e+19	1.052312e+08
8.154217e+19	1.056905e+08
8.214534e+19	1.061519e+08
8.275296e+19	1.066152e+08
8.336508e+19	1.070806e+08
8.398173e+19	1.075481e+08
8.460294e+19	1.080175e+08
8.522875e+19	1.084891e+08
8.585918e+19	1.089627e+08
8.649428e+19	1.094384e+08
8.713408e+19	1.099162e+08
8.777861e+19	1.103961e+08
8.842790e+19	1.108780e+08
8.908200e+19	1.113621e+08
8.974094e+19	1.118483e+08
9.040475e+19	1.123367e+08
9.107347e+19	1.128272e+08
9.174714e+19	1.133198e+08
9.242579e+19	1.138147e+08
9.310946e+19	1.143116e+08
9.379819e+19	1.148108e+08
9.449201e+19	1.153122e+08
9.519096e+19	1.158157e+08
9.589509e+19	1.163215e+08
9.660442e+19	1.168294e+08
9.731900e+19	1.173397e+08
9.803887e+19	1.178521e+08
9.876406e+19	1.183668e+08
9.949461e+19	1.188838e+08
1.002306e+20	1.194030e+08
1.009720e+20	1.199245e+08
1.017189e+20	1.204483e+08
1.024713e+20	1.209744e+08
1.032292e+20	1.215028e+08
1.039928e+20	1.220335e+08
1.047621e+20	1.225666e+08
1.055370e+20	1.231020e+08
1.063176e+20	1.236397e+08
1.071041e+20	1.241798e+08
1.078963e+20	1.247223e+08
1.086944e+20	1.252671e+08
1.094984e+20	1.258144e+08
1.103084e+20	1.263640e+08
1.111243e+20	1.269161e+08
1.119463e+20	1.274706e+08
1.127744e+20	1.280275e+08
1.136086e+20	1.285869e+08
1.144489e+20	1.291487e+08
1.152955e+20	1.297130e+08
1.161483e+20	1.302797e+08
1.170075e+20	1.308490e+08
1.178730e+20	1.314207e+08
1.187449e+20	1.319950e+08
1.196232e+20	1.325718e+08
1.205081e+20	1.331511e+08
1.213995e+20	1.337329e+08
1.222975e+20	1.343174e+08
1.232021e+20	1.349043e+08
1.241134e+20	1.354939e+08
1.250315e+20	1.360860e+08
1.259563e+20	1.366808e+08
1.268880e+20	1.372781e+08
1.278266e+20	1.378781e+08
1.287722e+20	1.384807e+08
1.297247e+20	1.390860e+08
1.306842e+20	1.396939e+08
1.316509e+20	1.403045e+08
1.326247e+20	1.409177e+08
1.336058e+20	1.415337e+08
1.345940e+20	1.421524e+08
1.355896e+20	1.427737e+08
1.365926e+20	1.433979e+08
1.376029e+20	1.440247e+08
1.386208e+20	1.446543e+08
1.396462e+20	1.452867e+08
1.406791e+20	1.459218e+08
1.417197e+20	1.465598e+08
1.427680e+20	1.472005e+08
1.438241e+20	1.478440e+08
1.448879e+20	1.484904e+08
1.459597e+20	1.491396e+08
1.470393e+20	1.497917e+08
1.481270e+20	1.504466e+08
1.492227e+20	1.511044e+08
1.503265e+20	1.517651e+08
1.514384e+20	1.524287e+08
1.525586e+20	1.530953e+08
1.536871e+20	1.537647e+08
1.548239e+20	1.544371e+08
1.559691e+20	1.551124e+08
1.571228e+20	1.557907e+08
1.582850e+20	1.564720e+08
1.594559e+20	1.571563e+08
1.606354e+20	1.578435e+08
1.618236e+20	1.585338e+08
1.630206e+20	1.592272e+08
1.642264e+20	1.599235e+08
1.654412e+20	1.606230e+08
1.666650e+20	1.613255e+08
1.678978e+20	1.620311e+08
1.691397e+20	1.627398e+08
1.703909e+20	1.634516e+08
1.716512e+20	1.641665e+08
1.729209e+20	1.648846e+08
1.742000e+20	1.656058e+08
1.754886e+20	1.663302e+08
1.767867e+20	1.670578e+08
1.780943e+20	1.677886e+08
1.794117e+20	1.685226e+08
1.807388e+20	1.692598e+08
1.820757e+20	1.700002e+08
1.834225e+20	1.707439e+08
1.847793e+20	1.714909e+08
1.861461e+20	1.722412e+08
1.875230e+20	1.729947e+08
1.889101e+20	1.737516e+08
1.903075e+20	1.745118e+08
1.917152e+20	1.752753e+08
1.931333e+20	1.760422e+08
1.945619e+20	1.768124e+08
1.960011e+20	1.775861e+08
1.974509e+20	1.783631e+08
1.989114e+20	1.791436e+08
2.003828e+20	1.799274e+08
2.018650e+20	1.807148e+08
2.033582e+20	1.815056e+08
2.048624e+20	1.822998e+08
2.063778e+20	1.830976e+08
2.079043e+20	1.838988e+08
2.094422e+20	1.847036e+08
2.109914e+20	1.855119e+08
2.125521e+20	1.863238e+08
2.141244e+20	1.871392e+08
2.157083e+20	1.879582e+08
2.173038e+20	1.887809e+08
2.189112e+20	1.896071e+08
2.205305e+20	1.904370e+08
2.221618e+20	1.912705e+08
2.238051e+20	1.921076e+08
2.254606e+20	1.929485e+08
2.271283e+20	1.937930e+08
2.288084e+20	1.946413e+08
2.305009e+20	1.954933e+08
2.322059e+20	1.963490e+08
2.339235e+20	1.972085e+08
2.356538e+20	1.980718e+08
2.373969e+20	1.989389e+08
2.391529e+20	1.998098e+08
2.409220e+20	2.006845e+08
2.427040e+20	2.015630e+08
2.444993e+20	2.024454e+08
2.463079e+20	2.033317e+08
2.481298e+20	2.042219e+08
2.499652e+20	2.051160e+08
2.518142e+20	2.060141e+08
2.536769e+20	2.069161e+08
2.555533e+20	2.078220e+08
2.574436e+20	2.087319e+08
2.593479e+20	2.096459e+08
2.612663e+20	2.105638e+08
2.631989e+20	2.114858e+08
2.651458e+20	2.124118e+08
2.671070e+20	2.133420e+08
2.690828e+20	2.142762e+08
2.710732e+20	2.152145e+08
2.730783e+20	2.161569e+08
2.750983e+20	2.171035e+08
2.771332e+20	2.180542e+08
2.791831e+20	2.190091e+08
2.812482e+20	2.199682e+08
2.833286e+20	2.209316e+08
2.854244e+20	2.218991e+08
2.875357e+20	2.228710e+08
2.896626e+20	2.238470e+08
2.918052e+20	2.248274e+08
2.939637e+20	2.258121e+08
2.961381e+20	2.268012e+08
2.983286e+20	2.277945e+08
3.005354e+20	2.287923e+08
3.027584e+20	2.297944e+08
3.049979e+20	2.308009e+08
3.072540e+20	2.318119e+08
3.095267e+20	2.328273e+08
3.118163e+20	2.338472e+08
3.141228e+20	2.348716e+08
3.164463e+20	2.359004e+08
3.187871e+20	2.369338e+08
3.211451e+20	2.379717e+08
3.235206e+20	2.390142e+08
3.259137e+20	2.400613e+08
3.283245e+20	2.411130e+08
3.307531e+20	2.421693e+08
3.331997e+20	2.432303e+08
3.356643e+20	2.442959e+08
3.381472e+20	2.453662e+08
3.406485e+20	2.464412e+08
3.431683e+20	2.475210e+08
3.457067e+20	2.486055e+08
3.482638e+20	2.496948e+08
3.508399e+20	2.507888e+08
3.534351e+20	2.518877e+08
3.560494e+20	2.529914e+08
3.586831e+20	2.540999e+08
3.613363e+20	2.552134e+08
3.640091e+20	2.563317e+08
3.667016e+20	2.574549e+08
3.694141e+20	2.585831e+08
3.721467e+20	2.597163e+08
3.748994e+20	2.608544e+08
3.776726e+20	2.619976e+08
3.804662e+20	2.631457e+08
3.832805e+20	2.642990e+08
3.861156e+20	2.654572e+08
3.889717e+20	2.666206e+08
3.918489e+20	2.677891e+08
3.947474e+20	2.689628e+08
3.976673e+20	2.701416e+08
4.006089e+20	2.713256e+08
4.035721e+20	2.725148e+08
4.065574e+20	2.737092e+08
4.095646e+20	2.749089e+08
4.125942e+20	2.761139e+08
4.156461e+20	2.773242e+08
4.187207e+20	2.785398e+08
4.218179e+20	2.797607e+08
4.249381e+20	2.809870e+08
4.280813e+20	2.822187e+08
4.312479e+20	2.834558e+08
4.344378e+20	2.846984e+08
4.376513e+20	2.859465e+08
4.408886e+20	2.872000e+08
4.441498e+20	2.884590e+08
4.474352e+20	2.897236e+08
4.507449e+20	2.909938e+08
4.540790e+20	2.922695e+08
4.574378e+20	2.935508e+08
4.608215e+20	2.948378e+08
4.642302e+20	2.961305e+08
4.676641e+20	2.974288e+08
4.711233e+20	2.987329e+08
4.746082e+20	3.000426e+08
4.781189e+20	3.013582e+08
4.816555e+20	3.026795e+08
4.852183e+20	3.040067e+08
4.888075e+20	3.053397e+08
4.924232e+20	3.066786e+08
4.960656e+20	3.080233e+08
4.997350e+20	3.093740e+08
5.034315e+20	3.107306e+08
5.071554e+20	3.120932e+08
5.109068e+20	3.134617e+08
5.146859e+20	3.148363e+08
5.184931e+20	3.162170e+08
5.223283e+20	3.176037e+08
5.261920e+20	3.189966e+08
5.300842e+20	3.203955e+08
5.340052e+20	3.218006e+08
5.379552e+20	3.232119e+08
5.419345e+20	3.246294e+08
5.459432e+20	3.260532e+08
5.499815e+20	3.274832e+08
5.540497e+20	3.289195e+08
5.581480e+20	3.303621e+08
5.622766e+20	3.318111e+08
5.664357e+20	3.332665e+08
5.706256e+20	3.347282e+08
5.748465e+20	3.361964e+08
5.790986e+20	3.376711e+08
5.833822e+20	3.391523e+08
5.876975e+20	3.406399e+08
5.920447e+20	3.421341e+08
5.964240e+20	3.436349e+08
6.008357e+20	3.451423e+08
6.052801e+20	3.466564e+08
6.097573e+20	3.481771e+08
6.142677e+20	3.497045e+08
6.188114e+20	3.512386e+08
6.233887e+20	3.527794e+08
6.279999e+20	3.543271e+08
6.326452e+20	3.558816e+08
6.373249e+20	3.574429e+08
6.420392e+20	3.590110e+08
6.467883e+20	3.605861e+08
6.515726e+20	3.621681e+08
6.563922e+20	3.637571e+08
6.612475e+20	3.653531e+08
6.661388e+20	3.669561e+08
6.710662e+20	3.685662e+08
6.760300e+20	3.701833e+08
6.810306e+20	3.718076e+08
6.860682e+20	3.734390e+08
6.911430e+20	3.750776e+08
6.962554e+20	3.767234e+08
7.014055e+20	3.783764e+08
7.065938e+20	3.800368e+08
7.118205e+20	3.817044e+08
7.170858e+20	3.833794e+08
7.223900e+20	3.850618e+08
7.277335e+20	3.867515e+08
7.331166e+20	3.884488e+08
7.385394e+20	3.901534e+08
7.440024e+20	3.918656e+08
7.495057e+20	3.935853e+08
7.550498e+20	3.953126e+08
7.606349e+20	3.970475e+08
7.662613e+20	3.987901e+08
7.719293e+20	4.005403e+08
7.776392e+20	4.022982e+08
7.833914e+20	4.040639e+08
7.891861e+20	4.058373e+08
7.950237e+20	4.076186e+08
8.009045e+20	4.094076e+08
8.068287e+20	4.112046e+08
8.127968e+20	4.130095e+08
8.188091e+20	4.148223e+08
8.248658e+20	4.166431e+08
8.309673e+20	4.184719e+08
8.371139e+20	4.203088e+08
8.433060e+20	4.221538e+08
8.495439e+20	4.240069e+08
8.558280e+20	4.258681e+08
8.621585e+20	4.277376e+08
8.685359e+20	4.296153e+08
8.749604e+20	4.315012e+08
8.814325e+20	4.333955e+08
8.879524e+20	4.352981e+08
8.945205e+20	4.372090e+08
9.011373e+20	4.391284e+08
9.078030e+20	4.410563e+08
9.145180e+20	4.429926e+08
9.212826e+20	4.449375e+08
9.280973e+20	4.468909e+08
9.349624e+20	4.488529e+08
9.418783e+20	4.508236e+08
9.488454e+20	4.528030e+08
9.558639e+20	4.547910e+08
9.629344e+20	4.567879e+08
9.700572e+20	4.587935e+08
9.772327e+20	4.608079e+08
9.844613e+20	4.628313e+08
9.917433e+20	4.648635e+08
9.990792e+20	4.669047e+08
1.006469e+21	4.689549e+08
1.013914e+21	4.710141e+08
1.021414e+21	4.730824e+08
1.028969e+21	4.751597e+08
1.036581e+21	4.772463e+08
1.044248e+21	4.793420e+08
1.051973e+21	4.814470e+08
1.059754e+21	4.835612e+08
1.067593e+21	4.856848e+08
1.075490e+21	4.878177e+08
1.083445e+21	4.899599e+08
1.091459e+21	4.921117e+08
1.099533e+21	4.942729e+08
1.107666e+21	4.964436e+08
1.115860e+21	4.986239e+08
1.124113e+21	5.008138e+08
1.132429e+21	5.030134e+08
1.140805e+21	5.052226e+08
1.149244e+21	5.074416e+08
1.157744e+21	5.096703e+08
1.166308e+21	5.119089e+08
1.174935e+21	5.141573e+08
1.183626e+21	5.164156e+08
1.192382e+21	5.186839e+08
1.201202e+21	5.209621e+08
1.210087e+21	5.232505e+08
1.219038e+21	5.255488e+08
1.228055e+21	5.278574e+08
1.237139e+21	5.301760e+08
1.246290e+21	5.325049e+08
1.255509e+21	5.348441e+08
1.264796e+21	5.371936e+08
1.274151e+21	5.395534e+08
1.283576e+21	5.419236e+08
1.293071e+21	5.443042e+08
1.302636e+21	5.466954e+08
1.312271e+21	5.490971e+08
1.321978e+21	5.515093e+08
1.331757e+21	5.539322e+08
1.341608e+21	5.563658e+08
1.351531e+21	5.588101e+08
1.361529e+21	5.612651e+08
1.371600e+21	5.637310e+08
1.381746e+21	5.662077e+08
1.391966e+21	5.686954e+08
1.402263e+21	5.711940e+08
1.412635e+21	5.737036e+08
1.423084e+21	5.762243e+08
1.433611e+21	5.787561e+08
1.444215e+21	5.812990e+08
1.454898e+21	5.838532e+08
1.465660e+21	5.864186e+08
1.476501e+21	5.889953e+08
1.487423e+21	5.915833e+08
1.498425e+21	5.941828e+08
1.509509e+21	5.967937e+08
1.520675e+21	5.994162e+08
1.531923e+21	6.020501e+08
1.543255e+21	6.046957e+08
1.554670e+21	6.073530e+08
1.566170e+21	6.100219e+08
1.577755e+21	6.127027e+08
1.589426e+21	6.153952e+08
1.601183e+21	6.180996e+08
1.613027e+21	6.208159e+08
1.624958e+21	6.235442e+08
1.636978e+21	6.262845e+08
1.649087e+21	6.290369e+08
1.661285e+21	6.318014e+08
1.673573e+21	6.345781e+08
1.685953e+21	6.373671e+08
1.698424e+21	6.401683e+08
1.710987e+21	6.429819e+08
1.723643e+21	6.458079e+08
1.736393e+21	6.486463e+08
1.749237e+21	6.514972e+08
1.762176e+21	6.543607e+08
1.775210e+21	6.572369e+08
1.788342e+21	6.601257e+08
1.801570e+21	6.630272e+08
1.814896e+21	6.659415e+08
1.828321e+21	6.688687e+08
1.841845e+21	6.718088e+08
1.855469e+21	6.747618e+08
1.869194e+21	6.777279e+08
1.883020e+21	6.807070e+08
1.896949e+21	6.836992e+08
1.910980e+21	6.867047e+08
1.925116e+21	6.897234e+08
1.939356e+21	6.927554e+08
1.953701e+21	6.958007e+08
1.968153e+21	6.988595e+08
1.982711e+21	7.019318e+08
1.997377e+21	7.050176e+08
2.012152e+21	7.081170e+08
2.027036e+21	7.112301e+08
2.042030e+21	7.143569e+08
2.057134e+21	7.174974e+08
2.072351e+21	7.206519e+08
2.087680e+21	7.238202e+08
2.103123e+21	7.270025e+08
2.118679e+21	7.301988e+08
2.134351e+21	7.334092e+08
2.150139e+21	7.366338e+08
2.166043e+21	7.398726e+08
2.182065e+21	7.431256e+08
2.198206e+21	7.463930e+08
2.214466e+21	7.496748e+08
2.230847e+21	7.529711e+08
2.247348e+21	7.562819e+08
2.263972e+21	7.596073e+08
2.280718e+21	7.629474e+08
2.297589e+21	7.663021e+08
2.314584e+21	7.696717e+08
2.331705e+21	7.730561e+08
2.348952e+21	7.764555e+08
2.366327e+21	7.798698e+08
2.383831e+21	7.832992e+08
2.401464e+21	7.867437e+08
2.419228e+21	7.902034e+08
2.437123e+21	7.936784e+08
2.455150e+21	7.971687e+08
2.473311e+21	8.006743e+08
2.491606e+21	8.041954e+08
2.510036e+21	8.077321e+08
2.528603e+21	8.112843e+08
2.547307e+21	8.148522e+08
2.566149e+21	8.184358e+08
2.585131e+21	8.220353e+08
2.604253e+21	8.256506e+08
2.623516e+21	8.292818e+08
2.642922e+21	8.329290e+08
2.662472e+21	8.365924e+08
2.682166e+21	8.402719e+08
2.702006e+21	8.439676e+08
2.721993e+21	8.476796e+08
2.742127e+21	8.514079e+08
2.762411e+21	8.551528e+08
2.782844e+21	8.589141e+08
2.803429e+21	8.626920e+08
2.824166e+21	8.664866e+08
2.845056e+21	8.702979e+08
2.866101e+21	8.741260e+08
2.887301e+21	8.779710e+08
2.908659e+21	8.818329e+08
2.930174e+21	8.857119e+08
2.951848e+21	8.896080e+08
2.973683e+21	8.935212e+08
2.995679e+21	8.974517e+08
3.017838e+21	9.013996e+08
3.040161e+21	9.053648e+08
3.062649e+21	9.093476e+08
3.085303e+21	9.133479e+08
3.108125e+21	9.173659e+08
3.131116e+21	9.214015e+08
3.154277e+21	9.254550e+08
3.177609e+21	9.295263e+08
3.201113e+21	9.336156e+08
3.224792e+21	9.377230e+08
3.248646e+21	9.418484e+08
3.272676e+21	9.459921e+08
3.296884e+21	9.501540e+08
3.321271e+21	9.543342e+08
3.345838e+21	9.585329e+08
3.370587e+21	9.627502e+08
3.395519e+21	9.669860e+08
3.420636e+21	9.712405e+08
3.445938e+21	9.755138e+08
3.471428e+21	9.798059e+08
3.497106e+21	9.841169e+08
3.522974e+21	9.884470e+08
3.549033e+21	9.927961e+08
3.575285e+21	9.971645e+08
3.601731e+21	1.001552e+09
3.628373e+21	1.005959e+09
3.655212e+21	1.010385e+09
3.682250e+21	1.014831e+09
3.709487e+21	1.019297e+09
3.736926e+21	1.023782e+09
3.764568e+21	1.028287e+09
3.792414e+21	1.032812e+09
3.820467e+21	1.037357e+09
3.848727e+21	1.041922e+09
3.877196e+21	1.046507e+09
3.905875e+21	1.051112e+09
3.934767e+21	1.055738e+09
3.963872e+21	1.060384e+09
3.993193e+21	1.065050e+09
4.022730e+21	1.069737e+09
4.052486e+21	1.074445e+09
4.082462e+21	1.079173e+09
4.112660e+21	1.083923e+09
4.143081e+21	1.088693e+09
4.173728e+21	1.093484e+09
4.204601e+21	1.098297e+09
4.235702e+21	1.103130e+09
4.267033e+21	1.107985e+09
4.298596e+21	1.112862e+09
4.330393e+21	1.117760e+09
4.362425e+21	1.122679e+09
4.394693e+21	1.127621e+09
4.427201e+21	1.132584e+09
4.459949e+21	1.137569e+09
4.492939e+21	1.142575e+09
4.526173e+21	1.147604e+09
4.559653e+21	1.152656e+09
4.593381e+21	1.157729e+09
4.627358e+21	1.162825e+09
4.661586e+21	1.167943e+09
4.696068e+21	1.173084e+09
4.730804e+21	1.178248e+09
4.765798e+21	1.183434e+09
4.801050e+21	1.188644e+09
4.836564e+21	1.193876e+09
4.872340e+21	1.199131e+09
4.908380e+21	1.204410e+09
4.944687e+21	1.209712e+09
4.981263e+21	1.215037e+09
5.018109e+21	1.220386e+09
5.055228e+21	1.225758e+09
5.092621e+21	1.231154e+09
5.130291e+21	1.236574e+09
5.168240e+21	1.242017e+09
5.206469e+21	1.247485e+09
5.244981e+21	1.252977e+09
5.283778e+21	1.258493e+09
5.322862e+21	1.264034e+09
5.362235e+21	1.269598e+09
5.401900e+21	1.275188e+09
5.441857e+21	1.280802e+09
5.482111e+21	1.286441e+09
5.522662e+21	1.292105e+09
5.563513e+21	1.297793e+09
5.604666e+21	1.303507e+09
5.646123e+21	1.309246e+09
5.687887e+21	1.315011e+09
5.729961e+21	1.320800e+09
5.772345e+21	1.326616e+09
5.815043e+21	1.332457e+09
5.858056e+21	1.338324e+09
5.901388e+21	1.344216e+09
5.945041e+21	1.350135e+09
5.989016e+21	1.356080e+09
6.033317e+21	1.362051e+09
6.077945e+21	1.368048e+09
6.122903e+21	1.374072e+09
6.168194e+21	1.380122e+09
6.213820e+21	1.386200e+09
6.259783e+21	1.392304e+09
6.306087e+21	1.398434e+09
6.352733e+21	1.404592e+09
6.399724e+21	1.410777e+09
6.447062e+21	1.416990e+09
6.494751e+21	1.423230e+09
6.542793e+21	1.429497e+09
6.591189e+21	1.435792e+09
6.639944e+21	1.442115e+09
6.689060e+21	1.448465e+09
6.738538e+21	1.454844e+09
6.788383e+21	1.461251e+09
6.838597e+21	1.467686e+09
6.889182e+21	1.474150e+09
6.940141e+21	1.480642e+09
6.991477e+21	1.487163e+09
7.043192e+21	1.493712e+09
7.095291e+21	1.500290e+09
7.147774e+21	1.506898e+09
7.200646e+21	1.513534e+09
7.253909e+21	1.520200e+09
7.307566e+21	1.526896e+09
7.361620e+21	1.533620e+09
7.416074e+21	1.540375e+09
7.470930e+21	1.547159e+09
7.526192e+21	1.553974e+09
7.581863e+21	1.560818e+09
7.637946e+21	1.567693e+09
7.694444e+21	1.574597e+09
7.751359e+21	1.581533e+09
7.808696e+21	1.588499e+09
7.866457e+21	1.595496e+09
7.924645e+21	1.602523e+09
7.983263e+21	1.609582e+09
8.042315e+21	1.616672e+09
8.101804e+21	1.623793e+09
8.161732e+21	1.630945e+09
8.222105e+21	1.638129e+09
8.282923e+21	1.645345e+09
8.344192e+21	1.652593e+09
8.405914e+21	1.659872e+09
8.468092e+21	1.667184e+09
8.530730e+21	1.674528e+09
8.593832e+21	1.681904e+09
8.657400e+21	1.689313e+09
8.721438e+21	1.696755e+09
8.785951e+21	1.704230e+09
8.850940e+21	1.711737e+09
8.916410e+21	1.719278e+09
8.982365e+21	1.726852e+09
9.048807e+21	1.734459e+09
9.115741e+21	1.742100e+09
9.183169e+21	1.749775e+09
9.251097e+21	1.757484e+09
9.319527e+21	1.765226e+09
9.388463e+21	1.773003e+09
9.457910e+21	1.780814e+09
9.527869e+21	1.788660e+09
9.598347e+21	1.796540e+09
9.669346e+21	1.804455e+09
9.740869e+21	1.812405e+09
9.812922e+21	1.820390e+09
9.885508e+21	1.828410e+09
9.958631e+21	1.836466e+09
1.003229e+22	1.844557e+09
1.010650e+22	1.852684e+09
1.018126e+22	1.860847e+09
1.025657e+22	1.869046e+09
1.033244e+22	1.877281e+09
1.040887e+22	1.885553e+09
1.048586e+22	1.893861e+09
1.056343e+22	1.902205e+09
1.064156e+22	1.910587e+09
1.072028e+22	1.919005e+09
1.079958e+22	1.927461e+09
1.087946e+22	1.935954e+09
1.095993e+22	1.944484e+09
1.104100e+22	1.953053e+09
1.112267e+22	1.961659e+09
1.120495e+22	1.970303e+09
1.128783e+22	1.978985e+09
1.137133e+22	1.987705e+09
1.145544e+22	1.996464e+09
1.154018e+22	2.005262e+09
1.162554e+22	2.014098e+09
1.171153e+22	2.022974e+09
1.179816e+22	2.031888e+09
1.188543e+22	2.040842e+09
1.197335e+22	2.049836e+09
1.206192e+22	2.058869e+09
1.215114e+22	2.067942e+09
1.224102e+22	2.077055e+09
1.233157e+22	2.086209e+09
1.242278e+22	2.095403e+09
1.251467e+22	2.104637e+09
1.260724e+22	2.113912e+09
1.270050e+22	2.123229e+09
1.279444e+22	2.132586e+09
1.288908e+22	2.141985e+09
1.298442e+22	2.151425e+09
1.308047e+22	2.160906e+09
1.317723e+22	2.170430e+09
1.327470e+22	2.179996e+09
1.337289e+22	2.189604e+09
1.347181e+22	2.199254e+09
1.357146e+22	2.208947e+09
1.367185e+22	2.218683e+09
1.377298e+22	2.228462e+09
1.387485e+22	2.238284e+09
1.397749e+22	2.248149e+09
1.408088e+22	2.258058e+09
1.418503e+22	2.268010e+09
1.428996e+22	2.278007e+09
1.439566e+22	2.288048e+09
1.450215e+22	2.298133e+09
1.460942e+22	2.308262e+09
1.471748e+22	2.318437e+09
1.482635e+22	2.328656e+09
1.493602e+22	2.338920e+09
1.504650e+22	2.349230e+09
1.515780e+22	2.359585e+09
1.526992e+22	2.369986e+09
1.538287e+22	2.380433e+09
1.549666e+22	2.390926e+09
1.561129e+22	2.401465e+09
1.572676e+22	2.412051e+09
1.584309e+22	2.422684e+09
1.596028e+22	2.433364e+09
1.607834e+22	2.444090e+09
1.619727e+22	2.454864e+09
1.631708e+22	2.465686e+09
1.643778e+22	2.476556e+09
1.655937e+22	2.487473e+09
1.668186e+22	2.498439e+09
1.680525e+22	2.509453e+09
1.692956e+22	2.520516e+09
1.705479e+22	2.531627e+09
1.718094e+22	2.542788e+09
1.730803e+22	2.553998e+09
1.743606e+22	2.565258e+09
1.756503e+22	2.576567e+09
1.769496e+22	2.587926e+09
1.782585e+22	2.599335e+09
1.795771e+22	2.610795e+09
1.809054e+22	2.622305e+09
1.822435e+22	2.633866e+09
1.835916e+22	2.645479e+09
1.849496e+22	2.657142e+09
1.863177e+22	2.668857e+09
1.876959e+22	2.680624e+09
1.890842e+22	2.692443e+09
1.904829e+22	2.704314e+09
1.918919e+22	2.716237e+09
1.933113e+22	2.728213e+09
1.947412e+22	2.740242e+09
1.961817e+22	2.752324e+09
1.976329e+22	2.764459e+09
1.990948e+22	2.776648e+09
2.005674e+22	2.788891e+09
2.020510e+22	2.801188e+09
2.035456e+22	2.813539e+09
2.050512e+22	2.825945e+09
2.065680e+22	2.838405e+09
2.080960e+22	2.850921e+09
2.096352e+22	2.863492e+09
2.111859e+22	2.876118e+09
2.127480e+22	2.888800e+09
2.143217e+22	2.901539e+09
2.159071e+22	2.914333e+09
2.175041e+22	2.927184e+09
2.191130e+22	2.940092e+09
2.207338e+22	2.953056e+09
2.223665e+22	2.966078e+09
2.240114e+22	2.979158e+09
2.256684e+22	2.992295e+09
2.273376e+22	3.005491e+09
2.290192e+22	3.018744e+09
2.307133e+22	3.032056e+09
2.324199e+22	3.045427e+09
2.341391e+22	3.058857e+09
2.358710e+22	3.072347e+09
2.376157e+22	3.085895e+09
2.393734e+22	3.099504e+09
2.411440e+22	3.113173e+09
2.429277e+22	3.126902e+09
2.447247e+22	3.140692e+09
2.465349e+22	3.154543e+09
2.483585e+22	3.168455e+09
2.501956e+22	3.182428e+09
2.520463e+22	3.196464e+09
2.539107e+22	3.210561e+09
2.557888e+22	3.224720e+09
2.576809e+22	3.238942e+09
2.595870e+22	3.253227e+09
2.615071e+22	3.267575e+09
2.634415e+22	3.281986e+09
2.653901e+22	3.296461e+09
2.673532e+22	3.311000e+09
2.693308e+22	3.325603e+09
2.713231e+22	3.340271e+09
2.733300e+22	3.355003e+09
2.753518e+22	3.369801e+09
2.773886e+22	3.384664e+09
2.794404e+22	3.399592e+09
2.815075e+22	3.414587e+09
2.835898e+22	3.429647e+09
2.856875e+22	3.444775e+09
2.878007e+22	3.459969e+09
2.899295e+22	3.475230e+09
2.920741e+22	3.490559e+09
2.942346e+22	3.505955e+09
2.964110e+22	3.521419e+09
2.986036e+22	3.536952e+09
3.008123e+22	3.552553e+09
3.030374e+22	3.568223e+09
3.052790e+22	3.583963e+09
3.075371e+22	3.599772e+09
3.098120e+22	3.615651e+09
3.121037e+22	3.631600e+09
3.144123e+22	3.647619e+09
3.167380e+22	3.663709e+09
3.190809e+22	3.679871e+09
3.214411e+22	3.696103e+09
3.238188e+22	3.712408e+09
3.262141e+22	3.728784e+09
3.286271e+22	3.745233e+09
3.310579e+22	3.761755e+09
3.335067e+22	3.778349e+09
3.359737e+22	3.795017e+09
3.384589e+22	3.811758e+09
3.409624e+22	3.828574e+09
3.434845e+22	3.845464e+09
3.460253e+22	3.862428e+09
3.485848e+22	3.879467e+09
3.511633e+22	3.896582e+09
3.537608e+22	3.913772e+09
3.563776e+22	3.931038e+09
3.590137e+22	3.948380e+09
3.616693e+22	3.965799e+09
3.643446e+22	3.983295e+09
3.670396e+22	4.000869e+09
3.697546e+22	4.018520e+09
3.724897e+22	4.036249e+09
3.752450e+22	4.054056e+09
3.780206e+22	4.071942e+09
3.808168e+22	4.089907e+09
3.836337e+22	4.107951e+09
3.864715e+22	4.126075e+09
3.893302e+22	4.144279e+09
3.922100e+22	4.162564e+09
3.951112e+22	4.180929e+09
3.980338e+22	4.199376e+09
4.009781e+22	4.217904e+09
4.039441e+22	4.236514e+09
4.069321e+22	4.255206e+09
4.099421e+22	4.273981e+09
4.129745e+22	4.292839e+09
4.160292e+22	4.311780e+09
4.191066e+22	4.330804e+09
4.222067e+22	4.349913e+09
4.253297e+22	4.369106e+09
4.284759e+22	4.388384e+09
4.316453e+22	4.407748e+09
4.348382e+22	4.427197e+09
4.380547e+22	4.446731e+09
4.412949e+22	4.466352e+09
4.445592e+22	4.486060e+09
4.478476e+22	4.505855e+09
4.511603e+22	4.525737e+09
4.544975e+22	4.545707e+09
4.578594e+22	4.565766e+09
4.612462e+22	4.585913e+09
4.646580e+22	4.606149e+09
4.680951e+22	4.626474e+09
4.715576e+22	4.646890e+09
4.750457e+22	4.667395e+09
4.785595e+22	4.687992e+09
4.820994e+22	4.708679e+09
4.856655e+22	4.729457e+09
4.892580e+22	4.750328e+09
4.928770e+22	4.771290e+09
4.965228e+22	4.792346e+09
5.001956e+22	4.813494e+09
5.038955e+22	4.834736e+09
5.076228e+22	4.856071e+09
5.113777e+22	4.877501e+09
5.151603e+22	4.899026e+09
5.189709e+22	4.920646e+09
5.228097e+22	4.942361e+09
5.266769e+22	4.964172e+09
5.305728e+22	4.986080e+09
5.344974e+22	5.008085e+09
5.384511e+22	5.030186e+09
5.424340e+22	5.052386e+09
5.464463e+22	5.074683e+09
5.504884e+22	5.097079e+09
5.545603e+22	5.119574e+09
5.586624e+22	5.142169e+09
5.627948e+22	5.164863e+09
5.669578e+22	5.187658e+09
5.711515e+22	5.210553e+09
5.753763e+22	5.233550e+09
5.796324e+22	5.256648e+09
5.839199e+22	5.279848e+09
5.882391e+22	5.303151e+09
5.925903e+22	5.326557e+09
5.969737e+22	5.350066e+09
6.013895e+22	5.373679e+09
6.058379e+22	5.397396e+09
6.103193e+22	5.421219e+09
6.148338e+22	5.445146e+09
6.193817e+22	5.469180e+09
6.239633e+22	5.493319e+09
6.285787e+22	5.517566e+09
6.332283e+22	5.541919e+09
6.379123e+22	5.566380e+09
6.426309e+22	5.590949e+09
6.473844e+22	5.615627e+09
6.521731e+22	5.640414e+09
6.569972e+22	5.665310e+09
6.618570e+22	5.690317e+09
6.667527e+22	5.715433e+09
6.716847e+22	5.740661e+09
6.766531e+22	5.766001e+09
6.816583e+22	5.791452e+09
6.867005e+22	5.817016e+09
6.917800e+22	5.842693e+09
6.968971e+22	5.868484e+09
7.020520e+22	5.894388e+09
7.072450e+22	5.920407e+09
7.124765e+22	5.946541e+09
7.177467e+22	5.972790e+09
7.230558e+22	5.999156e+09
7.284043e+22	6.025638e+09
7.337922e+22	6.052237e+09
7.392201e+22	6.078954e+09
7.446881e+22	6.105788e+09
7.501965e+22	6.132742e+09
7.557457e+22	6.159814e+09
7.613359e+22	6.187006e+09
7.669675e+22	6.214319e+09
7.726407e+22	6.241752e+09
7.783559e+22	6.269306e+09
7.841134e+22	6.296982e+09
7.899135e+22	6.324780e+09
7.957564e+22	6.352702e+09
8.016426e+22	6.380747e+09
8.075723e+22	6.408915e+09
8.135459e+22	6.437208e+09
8.195637e+22	6.465627e+09
8.256260e+22	6.494171e+09
8.317331e+22	6.522841e+09
8.378854e+22	6.551638e+09
8.440832e+22	6.580562e+09
8.503269e+22	6.609614e+09
8.566167e+22	6.638794e+09
8.629531e+22	6.668103e+09
8.693363e+22	6.697542e+09
8.757668e+22	6.727111e+09
8.822448e+22	6.756811e+09
8.887708e+22	6.786642e+09
8.953450e+22	6.816605e+09
9.019678e+22	6.846701e+09
9.086396e+22	6.876929e+09
9.153608e+22	6.907291e+09
9.221317e+22	6.937787e+09
9.289527e+22	6.968418e+09
9.358241e+22	6.999185e+09
9.427464e+22	7.030087e+09
9.497199e+22	7.061127e+09
9.567449e+22	7.092303e+09
9.638219e+22	7.123617e+09
9.709513e+22	7.155070e+09
9.781334e+22	7.186661e+09
9.853686e+22	7.218392e+09
9.926573e+22	7.250264e+09
1.000000e+23	7.282277e+09
